id_municipio,nome_municipio_atlas,id_uf,idhm,idhm_educacao,idhm_renda,idhm_longevidade,renda_per_capita,indice_gini,pct_pobres,pct_criancas_pobres,taxa_analfabetismo_15mais,expectativa_anos_estudo,pct_6a14_na_escola,pct_6a14_fora_escola,pct_criancas_dom_sem_fund,pct_agua_encanada,pct_energia_eletrica,pct_coleta_lixo,pct_6a14_fund_sem_atraso,populacao_total,populacao_urbana,populacao_6_anos,populacao_6a10_anos
110001,ALTA FLORESTA D'OESTE,11,0.641,0.526,0.657,0.763,476.99,0.58,26.04,37.33,11.99,8.67,95.68,4.32,45.73,93.69,93.98,94.05,63.21,24392,13970,413,2196
110002,ARIQUEMES,11,0.702,0.6,0.716,0.806,689.95,0.53,11.54,18.76,7.9,9.18,97.21,2.79,29.58,98.54,98.58,96.72,60.96,90353,76525,1564,8593
110003,CABIXI,11,0.65,0.559,0.65,0.757,457.17,0.51,21.2,31.01,13.63,10.09,98.03,1.97,41.25,95.49,96.36,99.14,70.56,6313,2693,84,504
110004,CACOAL,11,0.718,0.62,0.727,0.821,738.06,0.57,13.08,20.03,8.29,9.74,97.61,2.39,25.72,97.96,98.89,98.17,71.14,78574,61921,1216,6454
110005,CEREJEIRAS,11,0.692,0.602,0.688,0.799,577.18,0.5,13.7,22.08,10.29,10.22,98.54,1.46,35.81,97.53,98.85,91.89,76.2,17029,14419,269,1383
110006,COLORADO DO OESTE,11,0.685,0.584,0.676,0.814,535.41,0.49,15.76,26.97,12.43,10.4,97.65,2.35,35.96,95.54,97.76,92.79,73.4,18591,13657,256,1438
110007,CORUMBIARA,11,0.613,0.473,0.63,0.774,402.15,0.48,24.02,33.3,12.47,9.82,97.09,2.91,49.81,93.24,97.81,90.19,72.08,8783,2590,139,793
110008,COSTA MARQUES,11,0.611,0.493,0.616,0.751,370.77,0.52,30.48,42.14,8.6,9.22,97.57,2.43,46.53,95.67,90.13,79.35,61.64,13678,7497,300,1511
110009,ESPIGÃO D'OESTE,11,0.672,0.536,0.691,0.819,590.8,0.52,13.86,21.58,11.33,9.55,95.91,4.09,39.66,93.7,96.7,91.07,70.26,28729,20610,459,2492
110010,GUAJARÁ-MIRIM,11,0.657,0.519,0.663,0.823,494.69,0.54,23.47,34.13,8.06,8.17,93.13,6.87,37.47,93.26,97.71,90.41,51.27,41656,35207,834,4403
110011,JARU,11,0.689,0.577,0.687,0.825,575.14,0.49,13.78,21.51,10.66,9.42,97.77,2.23,36.48,97.09,99.4,95.04,66.75,52005,35118,865,4751
110012,JI-PARANÁ,11,0.714,0.617,0.728,0.81,743.35,0.53,8.56,14.72,7.79,9.95,96.56,3.44,29.43,97.81,99.35,95.36,70.99,116610,104858,1912,9976
110013,MACHADINHO D'OESTE,11,0.596,0.446,0.629,0.755,401.42,0.55,28.55,38.74,11.79,7.8,93.22,6.78,54.59,92.56,88.1,91.21,51.06,31135,16173,599,3123
110014,NOVA BRASILÂNDIA D'OESTE,11,0.643,0.524,0.664,0.763,499.59,0.56,23.16,31.29,11.25,9.44,97.48,2.52,39.16,94.07,94.95,94.84,62.19,19874,8380,349,1804
110015,OURO PRETO DO OESTE,11,0.682,0.569,0.687,0.812,576.51,0.48,11.73,19.31,10.36,9.17,96.09,3.91,34.93,97.8,99.13,96.79,67.01,37928,28180,609,3283
110018,PIMENTA BUENO,11,0.71,0.613,0.726,0.803,734.76,0.54,9.33,16.46,8.35,9.08,97.68,2.32,29.97,97.21,99.0,97.98,65.81,33822,29417,630,3036
110020,PORTO VELHO,11,0.736,0.638,0.764,0.819,929.19,0.56,7.95,13.61,5.1,8.99,94.52,5.48,23.82,92.87,98.2,95.67,60.78,428527,390733,7151,38049
110025,PRESIDENTE MÉDICI,11,0.664,0.55,0.671,0.792,520.2,0.53,19.39,29.23,12.17,9.78,96.86,3.14,40.56,93.77,99.15,91.68,62.93,22319,13303,344,1903
110026,RIO CRESPO,11,0.643,0.513,0.637,0.813,420.61,0.58,28.5,35.83,13.29,9.03,97.72,2.28,36.1,97.99,96.42,95.82,60.7,3316,1064,51,323
110028,ROLIM DE MOURA,11,0.7,0.598,0.709,0.808,657.65,0.53,10.77,17.83,9.04,9.9,97.86,2.14,34.52,97.4,99.24,98.05,69.81,50648,41429,849,4439
110029,SANTA LUZIA D'OESTE,11,0.67,0.564,0.657,0.812,476.08,0.49,16.49,23.54,13.03,9.71,93.9,6.1,30.17,93.08,99.21,78.87,72.77,8886,4525,132,716
110030,VILHENA,11,0.731,0.659,0.734,0.808,768.98,0.5,6.37,12.22,6.08,10.55,97.82,2.18,24.73,98.16,98.29,98.01,76.05,76202,72218,1313,6725
110032,SÃO MIGUEL DO GUAPORÉ,11,0.646,0.537,0.644,0.781,440.6,0.62,33.34,42.6,10.81,9.72,97.97,2.03,42.36,97.43,96.7,98.52,67.18,21828,8470,381,2205
110033,NOVA MAMORÉ,11,0.587,0.424,0.619,0.769,377.34,0.52,28.2,37.26,13.07,7.7,92.8,7.2,50.09,93.81,91.43,78.14,53.09,22546,13067,469,2555
110034,ALVORADA D'OESTE,11,0.643,0.534,0.654,0.763,469.26,0.53,23.63,33.0,12.96,9.78,97.6,2.4,44.61,94.31,98.06,95.35,66.36,16853,8824,275,1494
110037,ALTO ALEGRE DOS PARECIS,11,0.592,0.443,0.603,0.777,341.22,0.54,33.84,42.98,13.53,9.46,95.87,4.13,48.21,93.59,91.11,92.79,65.51,12816,3657,255,1303
110040,ALTO PARAÍSO,11,0.625,0.457,0.664,0.804,498.49,0.54,18.03,26.31,11.81,7.61,95.71,4.29,50.2,95.29,97.06,87.49,54.74,17135,8202,311,1783
110045,BURITIS,11,0.616,0.479,0.65,0.751,458.05,0.5,20.83,28.1,9.85,8.3,94.94,5.06,46.11,90.12,94.44,96.4,55.16,32383,18122,661,3368
110050,NOVO HORIZONTE DO OESTE,11,0.634,0.527,0.606,0.799,346.38,0.51,32.25,44.52,14.35,8.8,97.51,2.49,38.64,92.66,98.86,97.77,59.14,10240,1733,178,892
110060,CACAULÂNDIA,11,0.646,0.506,0.664,0.801,499.93,0.56,22.02,34.14,13.22,9.44,95.47,4.53,52.47,93.68,94.16,96.1,63.87,5736,2069,107,572
110070,CAMPO NOVO DE RONDÔNIA,11,0.593,0.404,0.667,0.772,507.69,0.67,31.24,38.59,12.31,7.86,90.64,9.36,52.44,91.75,84.79,90.17,56.06,12665,3371,266,1367
110080,CANDEIAS DO JAMARI,11,0.649,0.512,0.652,0.819,463.63,0.47,15.8,21.7,10.98,8.19,95.74,4.26,35.27,95.88,95.28,76.96,50.06,19779,12887,395,2109
110090,CASTANHEIRAS,11,0.658,0.547,0.65,0.803,455.53,0.5,21.08,33.15,14.29,9.96,97.99,2.01,42.62,95.22,97.44,90.07,66.66,3575,836,57,321
110092,CHUPINGUAIA,11,0.652,0.514,0.659,0.82,483.36,0.47,16.12,22.48,10.31,9.53,97.05,2.95,38.17,85.16,92.11,87.79,69.55,8301,3663,160,822
110094,CUJUBIM,11,0.612,0.439,0.663,0.789,495.31,0.52,19.56,28.01,11.94,8.01,94.4,5.6,52.67,94.18,91.47,84.27,53.62,15854,11043,379,1849
110100,GOVERNADOR JORGE TEIXEIRA,11,0.596,0.444,0.627,0.762,396.36,0.55,27.2,41.19,13.35,9.0,93.59,6.41,51.14,94.71,94.34,95.78,54.74,10512,2361,170,1037
110110,ITAPUÃ DO OESTE,11,0.614,0.488,0.633,0.751,411.36,0.47,17.61,21.47,13.0,9.16,96.36,3.64,43.95,91.75,97.72,88.53,55.03,8566,5222,153,872
110120,MINISTRO ANDREAZZA,11,0.638,0.518,0.647,0.776,448.38,0.54,26.14,34.23,12.67,8.95,95.47,4.53,38.15,92.14,97.85,100.0,60.69,10352,3074,185,1012
110130,MIRANTE DA SERRA,11,0.643,0.494,0.673,0.8,527.79,0.6,24.22,35.6,13.51,9.76,97.98,2.02,47.3,96.64,96.59,86.1,67.25,11878,6444,228,1192
110140,MONTE NEGRO,11,0.607,0.454,0.645,0.762,443.85,0.47,20.75,31.13,14.54,9.65,93.5,6.5,47.09,98.33,95.85,86.05,70.82,14091,7390,262,1517
110143,NOVA UNIÃO,11,0.587,0.442,0.608,0.753,352.24,0.47,27.74,39.17,13.57,8.7,98.72,1.28,50.93,90.86,96.98,95.48,51.12,7493,1541,129,706
110145,PARECIS,11,0.617,0.485,0.604,0.8,343.73,0.52,25.68,33.1,14.71,8.96,97.74,2.26,48.06,87.26,86.86,97.33,61.5,4810,1774,84,447
110146,PIMENTEIRAS DO OESTE,11,0.665,0.545,0.662,0.816,493.67,0.49,18.52,28.52,9.56,9.52,93.83,6.17,37.56,96.71,95.07,92.72,66.0,2315,1292,45,223
110147,PRIMAVERA DE RONDÔNIA,11,0.641,0.512,0.645,0.799,442.61,0.52,25.19,36.21,13.42,9.65,98.62,1.38,43.3,96.29,96.79,98.25,61.99,3524,1284,45,330
110148,SÃO FELIPE D'OESTE,11,0.649,0.571,0.615,0.78,368.24,0.47,23.32,32.67,14.67,10.57,98.74,1.26,40.7,92.1,99.33,93.56,72.49,6018,1444,98,520
110149,SÃO FRANCISCO DO GUAPORÉ,11,0.611,0.462,0.657,0.751,477.9,0.56,24.53,33.75,9.58,9.44,95.72,4.28,44.52,96.26,93.27,84.89,64.96,16035,8227,311,1631
110150,SERINGUEIRAS,11,0.598,0.427,0.644,0.779,441.13,0.63,29.55,38.02,10.45,8.97,95.83,4.17,54.7,96.9,96.0,90.03,59.32,11629,4397,241,1204
110155,TEIXEIRÓPOLIS,11,0.643,0.498,0.653,0.818,464.45,0.43,17.73,29.88,12.96,9.2,99.21,0.79,43.97,95.05,98.65,81.91,58.82,4888,1716,78,417
110160,THEOBROMA,11,0.589,0.434,0.622,0.757,382.6,0.57,32.94,46.65,15.13,8.14,98.35,1.65,55.99,96.15,95.37,93.06,48.4,10649,1978,189,1052
110170,URUPÁ,11,0.609,0.471,0.621,0.772,380.5,0.51,26.03,35.19,14.26,8.92,96.56,3.44,47.33,93.24,96.94,92.5,59.98,12974,5137,248,1217
110175,VALE DO ANARI,11,0.584,0.421,0.626,0.756,394.02,0.57,32.09,45.69,15.12,8.4,94.85,5.15,55.49,93.37,89.36,97.72,51.42,9384,3192,189,969
110180,VALE DO PARAÍSO,11,0.627,0.485,0.641,0.792,432.03,0.59,30.25,37.45,12.87,9.28,97.48,2.52,43.09,96.71,98.1,93.74,60.5,8210,2276,117,758
120001,ACRELÂNDIA,12,0.604,0.466,0.584,0.808,303.76,0.54,36.56,49.14,15.64,7.35,95.11,4.89,49.77,93.87,94.56,97.44,47.53,12538,5916,276,1462
120005,ASSIS BRASIL,12,0.588,0.456,0.578,0.77,291.33,0.61,44.09,55.34,20.91,7.08,85.07,14.93,44.57,80.31,84.4,96.83,54.43,6072,3700,146,708
120010,BRASILÉIA,12,0.614,0.485,0.619,0.77,376.07,0.58,35.22,44.49,18.08,7.42,90.19,9.81,49.14,91.48,91.25,95.88,57.1,21398,14257,409,2384
120013,BUJARI,12,0.589,0.439,0.603,0.772,340.95,0.58,37.61,51.45,24.74,8.59,91.11,8.89,48.82,81.12,94.47,94.07,56.95,8471,3693,192,1003
120017,CAPIXABA,12,0.575,0.398,0.601,0.794,336.17,0.56,35.0,43.54,21.79,7.47,92.6,7.4,52.96,86.19,93.98,95.43,47.53,8798,3929,202,1108
120020,CRUZEIRO DO SUL,12,0.664,0.582,0.648,0.776,450.06,0.64,34.51,47.25,18.52,9.13,94.87,5.13,39.17,79.14,94.73,84.78,64.36,78507,55326,1768,9659
120025,EPITACIOLÂNDIA,12,0.653,0.553,0.654,0.771,467.83,0.6,29.44,39.72,16.31,8.85,93.68,6.32,41.61,89.66,93.75,92.48,63.2,15100,10618,302,1650
120030,FEIJÓ,12,0.539,0.388,0.559,0.723,259.43,0.68,54.93,65.04,34.72,7.03,82.92,17.08,64.69,69.53,65.41,89.65,47.44,32412,16636,823,4651
120032,JORDÃO,12,0.469,0.283,0.499,0.731,178.03,0.71,69.69,76.9,26.87,5.73,71.26,28.74,70.71,46.28,41.83,99.29,43.63,6577,2272,240,1085
120033,MÂNCIO LIMA,12,0.625,0.546,0.58,0.77,295.5,0.61,45.68,57.36,23.79,9.49,94.91,5.09,37.3,80.26,85.34,76.74,63.51,15206,8750,357,1980
120034,MANOEL URBANO,12,0.551,0.373,0.586,0.767,307.7,0.59,38.12,51.06,32.5,5.88,77.99,22.01,61.74,80.41,76.99,74.53,46.27,7981,5278,201,1071
120035,MARECHAL THAUMATURGO,12,0.501,0.361,0.479,0.726,157.27,0.59,63.82,70.49,34.38,7.52,90.82,9.18,64.06,50.76,51.51,95.1,43.61,14227,3969,405,2224
120038,PLÁCIDO DE CASTRO,12,0.622,0.517,0.593,0.786,321.16,0.55,36.79,48.83,18.45,8.72,93.6,6.4,45.02,91.46,98.57,87.36,59.4,17209,10382,392,2091
120039,PORTO WALTER,12,0.532,0.397,0.521,0.726,204.19,0.61,53.25,61.51,34.22,7.79,93.26,6.74,59.01,44.36,69.39,51.78,48.92,9176,3323,294,1565
120040,RIO BRANCO,12,0.727,0.661,0.729,0.798,744.67,0.59,14.38,22.92,9.03,9.72,95.08,4.92,24.68,94.09,99.34,97.38,69.08,336038,308545,6248,33067
120042,RODRIGUES ALVES,12,0.567,0.477,0.518,0.736,200.58,0.63,60.87,71.27,31.26,8.51,94.63,5.37,51.92,71.48,89.56,95.36,56.65,14389,4315,424,2193
120043,SANTA ROSA DO PURUS,12,0.517,0.34,0.519,0.781,201.58,0.78,73.4,83.69,26.97,4.72,63.75,36.25,74.76,65.93,54.3,91.82,37.58,4691,1892,145,705
120045,SENADOR GUIOMARD,12,0.64,0.513,0.649,0.786,455.06,0.55,23.3,34.89,17.69,8.79,95.64,4.36,46.67,92.31,99.06,93.99,59.22,20179,12703,467,2312
120050,SENA MADUREIRA,12,0.603,0.456,0.593,0.81,320.8,0.54,37.59,51.14,24.75,7.56,85.41,14.59,56.74,82.48,82.95,91.77,53.18,38029,25112,886,4535
120060,TARAUACÁ,12,0.539,0.392,0.554,0.72,251.53,0.65,54.76,68.47,31.09,7.19,85.57,14.43,61.56,60.4,70.47,84.42,45.12,35590,19351,1061,5078
120070,XAPURI,12,0.599,0.448,0.621,0.773,382.24,0.58,33.64,45.43,22.24,7.66,87.7,12.3,50.93,86.75,84.1,91.56,53.93,16091,10330,353,1849
120080,PORTO ACRE,12,0.576,0.418,0.593,0.771,319.71,0.6,41.47,54.32,23.5,8.35,90.39,9.61,51.39,84.45,95.9,93.43,58.58,14880,1982,359,1844
130002,ALVARÃES,13,0.527,0.377,0.499,0.778,178.67,0.58,60.76,65.62,20.55,5.96,75.29,24.71,55.4,48.93,94.36,88.14,43.23,14088,7887,454,2188
130006,AMATURÁ,13,0.56,0.455,0.499,0.773,178.69,0.64,62.64,70.93,22.4,7.18,86.34,13.66,54.52,66.65,77.53,73.1,42.16,9467,4960,213,1226
130008,ANAMÃ,13,0.594,0.526,0.537,0.741,226.82,0.58,51.08,64.55,15.84,8.65,93.64,6.36,31.78,58.47,93.25,96.3,56.49,10214,4174,259,1365
130010,ANORI,13,0.561,0.433,0.54,0.757,229.94,0.6,52.29,63.03,19.62,7.27,84.92,15.08,51.12,66.86,88.44,75.11,51.77,16317,10000,356,2114
130014,APUÍ,13,0.637,0.54,0.621,0.772,380.62,0.56,26.84,33.79,10.77,8.74,93.37,6.63,46.12,86.73,82.12,91.35,61.31,18007,10595,334,1912
130020,ATALAIA DO NORTE,13,0.45,0.259,0.481,0.733,159.21,0.65,63.67,72.37,35.5,4.63,65.53,34.47,67.89,36.29,60.84,50.61,38.37,15153,6893,376,1862
130030,AUTAZES,13,0.577,0.446,0.539,0.799,228.43,0.59,51.58,61.72,15.76,8.11,94.61,5.39,43.9,57.01,81.35,90.34,54.05,32135,13893,860,4353
130040,BARCELOS,13,0.5,0.315,0.545,0.728,237.29,0.74,60.97,69.84,34.16,4.34,64.69,35.31,55.72,49.81,75.46,92.93,36.78,25718,11157,546,2956
130050,BARREIRINHA,13,0.574,0.522,0.469,0.774,148.28,0.6,68.75,77.86,10.28,8.21,97.45,2.55,34.74,55.14,78.85,67.93,45.73,27355,12418,812,4226
130060,BENJAMIN CONSTANT,13,0.574,0.471,0.526,0.763,211.1,0.56,52.87,63.4,21.89,8.79,89.63,10.37,35.43,53.48,86.36,76.16,63.16,33411,20138,883,4485
130063,BERURI,13,0.506,0.346,0.512,0.731,193.4,0.65,64.14,72.5,25.46,6.83,90.36,9.64,61.46,54.61,83.61,76.23,44.27,15486,7778,481,2376
130068,BOA VISTA DO RAMOS,13,0.565,0.484,0.496,0.75,175.55,0.59,61.77,68.38,7.97,7.83,95.88,4.12,40.12,58.8,77.04,88.32,46.81,14979,7550,418,2246
130070,BOCA DO ACRE,13,0.588,0.455,0.576,0.777,288.42,0.63,49.75,61.78,27.04,7.53,88.03,11.97,50.11,67.42,83.51,74.81,49.05,30632,19348,689,3714
130080,BORBA,13,0.56,0.425,0.532,0.776,219.83,0.64,56.26,66.92,15.8,7.92,91.25,8.75,51.07,54.65,81.19,95.38,51.46,34961,14434,894,4741
130083,CAAPIRANGA,13,0.569,0.436,0.544,0.775,235.49,0.58,50.44,59.23,15.07,7.77,89.44,10.56,47.15,29.69,91.4,83.59,47.1,10975,5140,309,1426
130090,CANUTAMA,13,0.53,0.379,0.522,0.752,206.44,0.61,57.35,69.55,29.53,6.86,87.62,12.38,54.5,73.71,79.38,72.04,43.28,12738,6682,272,1442
130100,CARAUARI,13,0.549,0.416,0.534,0.745,222.32,0.54,48.31,57.02,28.03,7.22,90.22,9.78,53.89,64.62,92.57,91.3,47.26,25774,19744,725,3561
130110,CAREIRO,13,0.557,0.431,0.515,0.779,197.06,0.66,60.88,66.42,13.72,7.91,88.64,11.36,47.7,56.5,88.45,98.47,53.12,32734,9437,768,4183
130115,CAREIRO DA VÁRZEA,13,0.568,0.45,0.523,0.779,207.18,0.57,54.97,62.05,16.46,7.62,94.85,5.15,48.88,14.95,88.19,88.71,51.58,23930,1000,535,2704
130120,COARI,13,0.586,0.425,0.606,0.78,347.2,0.64,40.38,46.63,17.02,7.65,86.83,13.17,46.39,32.29,88.37,85.17,49.03,75965,49651,1842,9504
130130,CODAJÁS,13,0.563,0.421,0.546,0.775,239.64,0.61,54.32,64.83,18.71,7.94,83.68,16.32,47.55,63.71,92.78,88.13,52.16,23206,15806,613,3110
130140,EIRUNEPÉ,13,0.563,0.431,0.548,0.756,241.86,0.62,55.41,67.85,32.99,7.73,90.67,9.33,57.9,52.29,82.73,45.84,51.32,30665,22166,819,4166
130150,ENVIRA,13,0.509,0.349,0.521,0.727,204.98,0.64,57.67,68.11,32.75,6.33,83.88,16.12,62.23,44.82,73.34,91.75,42.08,16338,10552,439,2274
130160,FONTE BOA,13,0.53,0.4,0.518,0.719,200.4,0.62,59.94,69.12,24.69,7.37,84.83,15.17,57.36,67.64,88.32,66.57,50.62,22817,15115,588,3079
130165,GUAJARÁ,13,0.532,0.387,0.51,0.762,191.04,0.74,67.87,78.51,31.5,6.97,93.08,6.92,67.6,62.11,66.5,78.49,42.01,13974,7427,364,2038
130170,HUMAITÁ,13,0.605,0.451,0.621,0.791,382.13,0.66,41.89,53.71,16.95,7.53,90.42,9.58,45.73,77.32,90.73,91.88,46.92,44227,30501,987,5493
130180,IPIXUNA,13,0.481,0.302,0.476,0.772,154.54,0.58,68.07,76.49,38.41,5.51,65.38,34.62,61.07,41.52,66.44,74.46,46.26,22254,9499,676,3495
130185,IRANDUBA,13,0.613,0.476,0.607,0.799,349.23,0.56,34.86,45.12,13.24,8.12,93.43,6.57,45.79,70.95,94.68,91.96,51.21,40781,28979,1001,5100
130190,ITACOATIARA,13,0.644,0.534,0.618,0.811,373.71,0.59,36.6,47.38,9.12,8.76,95.07,4.93,33.31,78.88,92.63,97.62,57.56,86839,58157,2049,10630
130195,ITAMARATI,13,0.477,0.266,0.529,0.772,214.95,0.8,74.2,80.11,37.73,5.84,81.01,18.99,79.41,52.1,69.27,52.8,37.92,8038,4472,228,1194
130200,ITAPIRANGA,13,0.654,0.594,0.594,0.792,321.94,0.67,49.37,57.1,8.45,8.16,95.12,4.88,27.68,82.78,89.43,91.65,47.33,8211,6451,205,1043
130210,JAPURÁ,13,0.522,0.345,0.552,0.748,248.6,0.59,52.07,59.61,27.92,6.09,80.79,19.21,57.0,48.06,86.57,43.83,39.97,7326,3298,168,981
130220,JURUÁ,13,0.522,0.376,0.538,0.704,227.39,0.6,56.2,68.27,33.72,6.02,90.09,9.91,62.81,47.97,89.02,77.56,35.27,10802,5686,295,1601
130230,JUTAÍ,13,0.516,0.34,0.528,0.766,214.36,0.69,62.09,71.04,28.06,6.37,88.4,11.6,61.11,63.7,85.11,20.16,36.89,17992,10552,576,2678
130240,LÁBREA,13,0.531,0.374,0.538,0.744,227.62,0.59,52.41,63.83,28.55,7.01,85.71,14.29,61.59,48.22,79.79,81.31,47.78,37701,24207,963,4917
130250,MANACAPURU,13,0.614,0.481,0.604,0.795,342.58,0.56,35.47,47.3,15.55,8.63,92.33,7.67,39.86,70.31,90.08,93.78,54.9,85141,60174,2028,10803
130255,MANAQUIRI,13,0.596,0.51,0.556,0.748,254.15,0.57,50.5,61.34,10.63,8.15,95.52,4.48,43.96,41.09,75.21,97.6,47.8,22801,7062,581,3019
130260,MANAUS,13,0.737,0.658,0.738,0.826,790.27,0.61,12.9,20.63,3.78,9.51,94.16,5.84,18.43,89.65,99.63,98.29,65.74,1802014,1792881,32408,170364
130270,MANICORÉ,13,0.582,0.456,0.58,0.747,295.23,0.6,47.59,57.29,16.75,8.2,90.35,9.65,49.75,61.74,83.5,90.5,50.97,47017,20349,1150,6081
130280,MARAÃ,13,0.498,0.348,0.466,0.763,144.99,0.69,70.9,77.4,18.01,6.02,86.49,13.51,53.1,49.73,90.05,83.79,37.56,17528,8753,509,2597
130290,MAUÉS,13,0.588,0.464,0.549,0.8,244.3,0.64,54.17,65.33,10.28,9.26,93.67,6.33,44.06,53.85,76.82,97.43,59.48,52236,25832,1434,7146
130300,NHAMUNDÁ,13,0.586,0.503,0.513,0.779,195.12,0.65,62.76,74.36,8.94,8.85,94.06,5.94,37.75,47.52,80.17,88.92,58.9,18278,7010,499,2423
130310,NOVA OLINDA DO NORTE,13,0.558,0.412,0.541,0.78,232.07,0.63,58.68,67.42,12.82,6.99,91.58,8.42,47.24,55.94,67.19,95.65,43.4,30696,13626,764,4020
130320,NOVO AIRÃO,13,0.57,0.434,0.551,0.776,246.44,0.59,47.65,56.98,15.52,7.37,83.9,16.1,50.35,65.45,86.35,97.46,53.82,14723,9499,339,1760
130330,NOVO ARIPUANÃ,13,0.554,0.421,0.532,0.759,219.69,0.57,51.32,61.56,19.73,7.58,88.01,11.99,50.22,62.61,79.16,42.41,48.96,21451,14074,550,2774
130340,PARINTINS,13,0.658,0.605,0.589,0.8,313.07,0.59,42.12,53.7,6.03,9.45,93.01,6.99,26.64,73.24,84.92,91.0,66.75,102033,69890,2479,13427
130350,PAUINI,13,0.496,0.317,0.531,0.724,218.21,0.72,65.4,73.81,29.44,4.72,76.43,23.57,62.31,49.52,69.96,49.27,29.29,18166,9264,477,2644
130353,PRESIDENTE FIGUEIREDO,13,0.647,0.538,0.627,0.802,396.51,0.52,25.21,35.99,7.25,8.46,91.12,8.88,36.15,83.42,94.6,100.0,54.69,27175,13001,621,3186
130356,RIO PRETO DA EVA,13,0.611,0.493,0.59,0.785,315.24,0.55,35.59,44.45,11.25,8.49,90.1,9.9,36.4,79.11,96.48,91.76,54.04,25719,12205,504,3054
130360,SANTA ISABEL DO RIO NEGRO,13,0.479,0.323,0.461,0.737,141.04,0.72,70.85,77.92,33.11,4.8,51.77,48.23,60.78,45.24,52.51,94.26,57.33,18146,6856,511,2608
130370,SANTO ANTÔNIO DO IÇÁ,13,0.49,0.353,0.438,0.759,122.21,0.67,73.16,79.52,21.31,6.49,81.38,18.62,55.03,50.55,89.18,65.57,45.73,24481,12947,740,3585
130380,SÃO GABRIEL DA CACHOEIRA,13,0.609,0.476,0.61,0.777,355.51,0.8,56.81,65.3,14.66,7.5,89.38,10.62,37.88,43.43,65.48,91.47,48.79,37896,19054,987,4915
130390,SÃO PAULO DE OLIVENÇA,13,0.521,0.386,0.471,0.78,150.28,0.64,66.11,72.92,22.91,6.73,85.21,14.79,46.86,38.51,70.07,0.06,39.5,31422,14263,833,4423
130395,SÃO SEBASTIÃO DO UATUMÃ,13,0.577,0.464,0.561,0.739,262.79,0.58,46.65,55.34,10.16,8.01,93.26,6.74,31.57,68.33,75.85,91.67,49.04,10705,5904,275,1505
130400,SILVES,13,0.632,0.584,0.546,0.791,238.53,0.56,51.94,65.57,7.81,9.54,96.31,3.69,26.18,54.15,81.81,97.7,62.3,8444,4029,216,1127
130406,TABATINGA,13,0.616,0.505,0.602,0.769,338.4,0.65,46.19,56.28,14.38,8.26,91.19,8.81,35.35,73.56,92.41,92.08,53.31,52272,36355,1398,6935
130410,TAPAUÁ,13,0.502,0.355,0.512,0.694,193.97,0.6,58.07,67.6,30.86,6.35,79.47,20.53,60.62,47.23,80.77,80.94,45.07,19077,10618,473,2651
130420,TEFÉ,13,0.639,0.511,0.637,0.801,421.41,0.62,34.38,43.91,14.21,8.49,93.86,6.14,40.3,79.11,96.39,79.26,55.73,61453,50069,1601,8259
130423,TONANTINS,13,0.548,0.416,0.508,0.779,189.15,0.54,49.59,57.55,19.82,7.3,86.69,13.31,45.55,32.38,79.38,61.9,46.81,17079,8899,417,2246
130426,UARINI,13,0.527,0.378,0.535,0.724,223.11,0.61,55.68,63.93,18.81,6.94,90.7,9.3,57.29,60.95,90.96,79.99,43.87,11891,6795,372,1773
130430,URUCARÁ,13,0.62,0.575,0.551,0.754,246.99,0.6,49.07,60.76,8.04,8.87,94.62,5.38,28.02,80.65,93.63,96.36,58.9,17094,9886,453,2410
130440,URUCURITUBA,13,0.588,0.487,0.538,0.776,227.55,0.58,49.82,60.81,9.18,8.28,93.37,6.63,36.24,64.7,79.07,76.41,52.28,17837,10448,430,2330
140002,AMAJARI,14,0.484,0.319,0.437,0.815,121.32,0.75,75.51,82.65,38.64,4.72,64.27,35.73,65.17,55.65,48.19,100.0,45.38,9327,1219,263,1284
140005,ALTO ALEGRE,14,0.542,0.379,0.518,0.813,201.32,0.73,61.63,72.14,40.06,5.66,56.01,43.99,63.5,65.14,54.83,98.69,63.85,16448,4780,506,2413
140010,BOA VISTA,14,0.752,0.708,0.737,0.816,786.55,0.58,13.61,20.62,5.83,9.5,96.63,3.37,16.58,98.7,99.29,97.76,65.36,284313,277799,5437,28238
140015,BONFIM,14,0.626,0.509,0.597,0.809,329.22,0.72,54.19,66.34,13.26,8.2,91.88,8.12,47.1,91.78,70.62,80.78,55.5,10943,3711,324,1542
140017,CANTÁ,14,0.619,0.509,0.581,0.803,297.59,0.66,47.29,55.55,17.22,8.58,96.18,3.82,39.53,93.26,81.61,97.59,57.29,13902,2257,353,1869
140020,CARACARAÍ,14,0.624,0.518,0.601,0.78,336.05,0.56,35.46,44.53,13.21,8.07,91.67,8.33,39.87,88.5,89.18,95.61,56.21,18398,10910,436,2402
140023,CAROEBE,14,0.639,0.549,0.6,0.791,334.97,0.55,36.44,49.05,12.18,9.57,97.07,2.93,39.55,94.48,93.27,83.95,64.83,8114,3324,174,945
140028,IRACEMA,14,0.582,0.434,0.56,0.81,261.18,0.62,47.85,59.57,30.23,7.45,76.68,23.32,53.56,80.99,76.84,96.26,54.42,8696,4078,190,1057
140030,MUCAJAÍ,14,0.665,0.547,0.661,0.813,487.66,0.71,37.16,45.15,17.2,8.38,92.55,7.45,38.89,94.38,91.56,94.9,53.56,14792,8935,328,1745
140040,NORMANDIA,14,0.594,0.502,0.52,0.801,203.43,0.7,64.43,73.88,12.28,7.52,87.35,12.65,37.2,65.16,53.71,66.36,56.74,8940,2311,305,1468
140045,PACARAIMA,14,0.65,0.558,0.624,0.788,388.35,0.74,51.71,62.96,9.79,8.52,93.01,6.99,35.8,79.57,74.53,95.3,62.44,10433,4514,327,1497
140047,RORAINÓPOLIS,14,0.619,0.519,0.574,0.798,284.22,0.57,42.66,51.49,14.57,7.54,95.45,4.55,35.75,87.9,91.0,98.17,46.62,24279,10673,568,2958
140050,SÃO JOÃO DA BALIZA,14,0.655,0.587,0.614,0.78,365.67,0.53,31.23,41.39,11.49,8.88,93.63,6.37,30.85,93.77,92.38,87.44,65.31,6769,4755,137,761
140060,SÃO LUIZ,14,0.649,0.574,0.605,0.788,344.73,0.55,33.52,40.26,12.2,8.18,92.02,7.98,28.32,94.87,96.51,88.77,57.37,6750,4455,112,661
140070,UIRAMUTÃ,14,0.453,0.276,0.439,0.766,123.16,0.78,78.59,81.94,28.34,4.73,60.21,39.79,67.22,47.3,27.41,53.15,37.19,8375,1138,320,1432
150010,ABAETETUBA,15,0.628,0.537,0.579,0.798,293.01,0.53,38.95,51.18,13.71,8.99,97.68,2.32,38.08,68.86,91.8,97.86,54.59,141100,82998,2666,14558
150013,ABEL FIGUEIREDO,15,0.622,0.481,0.625,0.8,390.12,0.57,31.19,42.34,17.76,8.51,97.6,2.4,47.3,91.76,95.97,91.23,54.86,6780,6034,140,716
150020,ACARÁ,15,0.506,0.332,0.517,0.757,199.34,0.53,53.47,64.2,21.31,6.03,92.93,7.07,64.38,64.01,73.66,78.48,29.78,53569,12621,1231,6506
150030,AFUÁ,15,0.489,0.311,0.485,0.774,163.98,0.66,64.88,72.92,28.88,6.59,88.44,11.56,72.16,26.56,70.23,96.9,41.0,35042,9478,968,5034
150034,ÁGUA AZUL DO NORTE,15,0.564,0.399,0.563,0.797,266.02,0.49,33.99,38.36,11.77,7.48,90.23,9.77,62.33,94.37,94.23,93.72,47.33,25057,4876,434,2576
150040,ALENQUER,15,0.564,0.436,0.529,0.779,215.33,0.58,52.34,64.44,15.6,7.82,95.63,4.37,55.9,79.14,73.7,81.15,45.53,52626,27722,1363,6856
150050,ALMEIRIM,15,0.642,0.497,0.659,0.809,484.16,0.65,38.3,50.6,13.73,8.61,95.78,4.22,41.52,78.03,86.42,91.01,52.19,33614,19965,742,3932
150060,ALTAMIRA,15,0.665,0.548,0.662,0.811,492.05,0.56,22.38,32.24,12.45,8.65,93.13,6.87,36.87,86.79,92.81,91.05,59.98,99075,84092,1894,10333
150070,ANAJÁS,15,0.484,0.29,0.506,0.774,186.88,0.62,62.02,72.71,32.98,6.6,90.6,9.4,73.09,21.06,72.97,89.43,35.53,24759,9494,765,3690
150080,ANANINDEUA,15,0.718,0.658,0.684,0.821,564.76,0.52,13.94,21.45,3.44,9.65,96.72,3.28,17.81,92.1,99.85,97.83,61.4,471980,470819,7610,41982
150085,ANAPU,15,0.548,0.371,0.563,0.788,266.28,0.58,44.8,53.02,19.24,7.63,94.25,5.75,58.14,84.69,75.5,74.44,48.47,20543,9833,436,2407
150090,AUGUSTO CORRÊA,15,0.52,0.38,0.48,0.772,159.05,0.56,62.59,74.04,26.26,7.46,93.58,6.42,60.33,82.76,90.35,59.19,44.85,40497,18240,1004,5288
150095,AURORA DO PARÁ,15,0.519,0.358,0.504,0.773,184.39,0.56,55.64,65.64,23.45,6.55,87.29,12.71,58.74,83.68,80.6,84.48,39.28,26546,8168,541,3176
150100,AVEIRO,15,0.541,0.45,0.47,0.748,148.71,0.6,65.69,74.6,13.71,7.82,96.14,3.86,46.18,66.97,76.24,53.95,44.9,15849,3179,416,2120
150110,BAGRE,15,0.471,0.28,0.481,0.777,159.41,0.48,59.68,68.84,23.98,5.57,82.68,17.32,70.41,43.17,64.35,82.39,33.16,23864,10661,673,3542
150120,BAIÃO,15,0.578,0.467,0.538,0.77,226.99,0.53,47.95,57.94,13.93,8.19,91.43,8.57,44.92,80.15,88.35,66.7,49.29,36882,18555,879,4610
150125,BANNACH,15,0.594,0.42,0.635,0.784,416.31,0.62,34.52,47.75,18.28,7.8,95.17,4.83,55.98,87.7,86.39,87.61,56.2,3431,1282,67,381
150130,BARCARENA,15,0.662,0.564,0.643,0.801,437.43,0.55,26.03,34.88,8.52,8.93,97.29,2.71,28.86,82.0,96.48,98.61,53.98,99859,36297,2016,10651
150140,BELÉM,15,0.746,0.673,0.751,0.822,853.82,0.61,13.04,21.36,3.33,9.64,96.13,3.87,16.61,96.09,99.76,97.15,61.32,1393399,1381475,20026,109749
150145,BELTERRA,15,0.588,0.478,0.548,0.775,241.57,0.58,47.03,59.73,12.4,9.05,96.56,3.44,41.87,68.7,87.89,67.13,54.88,16318,6852,421,2027
150150,BENEVIDES,15,0.665,0.592,0.623,0.798,385.83,0.48,21.31,30.25,6.83,9.42,97.4,2.6,25.38,94.01,99.77,93.52,60.16,51651,28912,988,5374
150157,BOM JESUS DO TOCANTINS,15,0.589,0.437,0.601,0.777,337.28,0.52,31.11,45.47,21.14,7.35,94.85,5.15,53.85,88.44,82.83,86.54,41.36,15298,8158,302,1573
150160,BONITO,15,0.546,0.398,0.531,0.77,218.05,0.5,47.84,62.77,21.8,7.52,94.98,5.02,59.61,88.71,95.82,77.82,42.46,13630,3827,271,1459
150170,BRAGANÇA,15,0.6,0.486,0.589,0.755,311.97,0.58,41.59,55.44,15.64,9.31,96.07,3.93,48.56,73.73,95.73,83.88,54.95,113227,72621,2355,12427
150172,BRASIL NOVO,15,0.613,0.451,0.632,0.809,408.55,0.67,41.29,52.91,17.83,8.68,93.44,6.56,51.3,81.02,85.9,92.7,57.24,15690,6899,280,1556
150175,BREJO GRANDE DO ARAGUAIA,15,0.591,0.473,0.588,0.743,310.08,0.57,40.26,51.61,19.79,8.38,94.57,5.43,40.58,93.36,90.16,70.83,53.14,7317,4308,142,762
150178,BREU BRANCO,15,0.568,0.422,0.555,0.781,252.31,0.53,43.11,55.02,20.26,8.03,96.03,3.97,53.28,88.19,97.4,98.1,48.01,52493,29308,1208,6409
150180,BREVES,15,0.503,0.312,0.524,0.778,209.14,0.58,56.22,68.14,24.74,6.54,90.2,9.8,68.39,45.63,74.62,95.17,34.72,92860,46560,2460,13039
150190,BUJARU,15,0.552,0.437,0.495,0.779,174.18,0.52,54.0,62.23,14.57,7.65,91.87,8.13,46.27,73.37,81.41,85.04,40.1,25695,8099,631,3293
150195,CACHOEIRA DO PIRIÁ,15,0.473,0.303,0.449,0.779,130.4,0.58,67.43,75.81,28.83,6.67,89.5,10.5,72.37,71.32,65.68,77.52,42.05,26484,5532,755,3836
150200,CACHOEIRA DO ARARI,15,0.546,0.398,0.525,0.778,209.79,0.6,54.4,63.91,13.64,7.07,92.2,7.8,57.63,76.66,72.76,86.9,39.45,20443,7356,443,2254
150210,CAMETÁ,15,0.577,0.474,0.538,0.754,226.99,0.58,50.71,62.65,10.53,8.58,96.74,3.26,45.21,62.32,85.35,88.13,48.1,120896,52838,2683,14549
150215,CANAÃ DOS CARAJÁS,15,0.673,0.569,0.67,0.801,517.33,0.55,20.83,27.63,9.93,9.35,97.8,2.2,31.77,94.89,98.59,98.4,58.21,26716,20727,536,2886
150220,CAPANEMA,15,0.655,0.58,0.61,0.794,356.27,0.53,30.91,43.78,13.81,9.6,97.55,2.45,34.07,90.45,99.0,96.27,59.34,63639,50732,1152,6192
150230,CAPITÃO POÇO,15,0.548,0.385,0.573,0.747,283.1,0.62,50.15,63.99,23.98,7.93,95.75,4.25,60.16,86.31,90.75,98.87,44.02,51893,21441,1132,5989
150240,CASTANHAL,15,0.673,0.582,0.654,0.8,467.32,0.54,22.93,35.58,7.81,9.91,95.41,4.59,31.17,92.91,99.51,96.08,62.84,173149,153378,3063,16578
150250,CHAVES,15,0.453,0.234,0.516,0.769,198.83,0.67,63.04,72.33,27.07,4.95,79.69,20.31,72.14,27.88,62.55,77.52,27.62,21005,2510,523,2829
150260,COLARES,15,0.602,0.528,0.541,0.763,231.98,0.56,51.27,64.54,10.36,9.5,98.56,1.44,31.92,88.59,95.48,88.93,51.37,11381,3661,211,1161
150270,CONCEIÇÃO DO ARAGUAIA,15,0.64,0.54,0.631,0.77,405.29,0.54,27.91,38.82,14.32,9.31,95.72,4.28,35.74,89.89,88.52,94.09,58.62,45557,32464,842,4482
150275,CONCÓRDIA DO PARÁ,15,0.566,0.438,0.56,0.741,260.68,0.5,38.98,52.56,20.42,7.89,96.96,3.04,44.39,82.49,91.68,83.71,41.74,28216,15088,645,3278
150276,CUMARU DO NORTE,15,0.55,0.33,0.635,0.795,417.06,0.64,36.37,50.77,25.2,6.97,85.37,14.63,64.0,80.98,71.58,78.53,51.77,10466,2711,222,1101
150277,CURIONÓPOLIS,15,0.636,0.536,0.592,0.809,319.35,0.54,34.88,44.42,17.98,9.43,97.37,2.63,35.37,69.93,99.22,73.45,60.41,18288,12530,388,1904
150280,CURRALINHO,15,0.502,0.323,0.508,0.769,188.88,0.57,60.34,68.64,21.6,7.05,93.8,6.2,66.13,33.84,73.05,69.27,37.22,28549,10930,835,4137
150285,CURUÁ,15,0.578,0.495,0.501,0.78,180.94,0.6,61.12,69.47,14.43,8.94,97.25,2.75,47.9,78.44,84.34,36.72,56.74,12254,5781,354,1748
150290,CURUÇÁ,15,0.582,0.48,0.542,0.758,233.96,0.56,50.49,61.93,10.83,8.16,96.99,3.01,39.38,91.51,98.63,80.59,45.09,34294,12174,735,3872
150293,DOM ELISEU,15,0.615,0.502,0.606,0.763,348.04,0.52,28.87,40.32,17.67,8.46,95.69,4.31,45.4,83.71,96.18,86.19,56.22,51319,32516,1128,5794
150295,ELDORADO DOS CARAJÁS,15,0.56,0.405,0.572,0.757,281.12,0.57,44.12,55.06,21.29,7.99,93.41,6.59,58.55,91.16,90.13,53.35,47.65,31786,16578,686,3724
150300,FARO,15,0.563,0.47,0.501,0.756,180.47,0.56,55.62,65.44,10.51,8.1,97.94,2.06,46.05,76.32,85.28,54.08,52.68,8177,6128,231,1053
150304,FLORESTA DO ARAGUAIA,15,0.583,0.437,0.573,0.792,283.57,0.62,46.37,56.36,18.76,7.98,94.88,5.12,49.35,68.6,81.47,54.34,44.08,17768,8714,372,1963
150307,GARRAFÃO DO NORTE,15,0.526,0.353,0.54,0.763,229.91,0.55,49.27,60.71,30.5,7.0,94.17,5.83,63.74,80.5,79.33,53.43,37.56,25034,8607,647,3215
150309,GOIANÉSIA DO PARÁ,15,0.56,0.404,0.585,0.743,303.9,0.54,35.6,45.37,22.67,7.3,93.63,6.37,56.34,85.42,97.16,88.59,47.9,30436,21082,589,3315
150310,GURUPÁ,15,0.509,0.333,0.51,0.777,191.06,0.56,54.73,65.43,24.82,6.23,88.02,11.98,65.68,39.19,73.5,96.62,32.96,29062,9580,804,4019
150320,IGARAPÉ-AÇU,15,0.595,0.49,0.579,0.743,293.71,0.56,42.96,58.05,15.57,8.47,96.23,3.77,43.69,85.97,94.98,90.37,50.63,35887,21207,687,3789
150330,IGARAPÉ-MIRI,15,0.547,0.413,0.514,0.77,196.34,0.53,53.09,62.77,19.06,7.27,93.48,6.52,55.15,47.69,82.56,90.63,41.41,58077,26205,1261,6514
150340,INHANGAPI,15,0.572,0.456,0.55,0.748,245.7,0.52,43.21,57.84,15.61,8.27,97.28,2.72,41.1,77.37,92.2,95.78,47.1,10037,2771,218,1083
150345,IPIXUNA DO PARÁ,15,0.489,0.304,0.508,0.757,188.48,0.57,52.27,61.03,22.82,6.21,74.8,25.2,68.21,76.56,77.37,83.44,45.16,51309,12227,1139,6544
150350,IRITUIA,15,0.559,0.427,0.536,0.763,224.25,0.58,53.19,67.46,19.65,8.19,97.32,2.68,52.94,82.58,91.26,87.16,44.85,31364,6524,680,3742
150360,ITAITUBA,15,0.64,0.51,0.644,0.8,440.6,0.57,24.77,32.4,13.84,8.6,94.43,5.57,35.87,85.39,94.58,93.05,51.93,97493,70682,1982,10547
150370,ITUPIRANGA,15,0.528,0.364,0.543,0.746,234.25,0.62,51.56,61.69,23.12,7.08,91.23,8.77,57.49,83.72,88.57,82.45,40.83,51220,20490,1223,6134
150375,JACAREACANGA,15,0.505,0.279,0.577,0.8,289.16,0.69,52.6,61.63,27.41,5.91,90.14,9.86,55.58,68.44,85.15,68.44,29.15,14103,4930,325,1594
150380,JACUNDÁ,15,0.622,0.509,0.628,0.752,399.45,0.59,31.68,42.22,15.98,8.09,96.27,3.73,46.41,91.28,97.42,90.81,50.88,51360,45683,1000,5326
150390,JURUTI,15,0.592,0.501,0.547,0.756,241.39,0.59,49.58,61.0,8.9,9.03,96.63,3.37,41.91,68.19,81.49,96.72,55.94,47086,15852,1279,6386
150400,LIMOEIRO DO AJURU,15,0.541,0.425,0.493,0.754,172.12,0.58,63.67,73.82,14.75,7.79,97.66,2.34,58.94,24.73,79.52,95.52,42.16,25021,6197,608,3256
150405,MÃE DO RIO,15,0.599,0.458,0.615,0.763,367.01,0.58,35.53,50.0,17.6,7.71,96.47,3.53,52.68,90.17,95.17,92.02,45.14,27904,23052,577,3109
150410,MAGALHÃES BARATA,15,0.597,0.507,0.524,0.801,208.43,0.54,50.81,61.98,10.63,8.66,98.43,1.57,36.25,93.5,98.1,72.65,47.31,8115,3795,178,946
150420,MARABÁ,15,0.668,0.564,0.673,0.785,527.86,0.58,23.53,34.09,11.36,8.53,94.72,5.28,36.1,91.19,96.84,87.39,55.86,233669,186270,4811,24197
150430,MARACANÃ,15,0.57,0.454,0.534,0.764,221.89,0.59,54.06,65.23,12.0,8.49,98.12,1.88,50.34,80.26,92.3,67.34,44.65,28376,11656,624,3383
150440,MARAPANIM,15,0.609,0.521,0.57,0.76,277.01,0.54,43.46,56.7,9.44,9.16,98.96,1.04,38.99,88.6,98.44,91.54,47.08,26605,11704,525,2942
150442,MARITUBA,15,0.676,0.628,0.621,0.793,382.02,0.42,17.02,25.73,4.74,9.2,95.53,4.47,21.48,89.79,99.97,88.94,59.12,108246,107123,1965,10801
150445,MEDICILÂNDIA,15,0.582,0.408,0.605,0.8,345.44,0.61,39.49,50.67,18.35,7.81,94.52,5.48,58.19,76.29,86.56,77.56,49.53,27328,9559,590,3081
150450,MELGAÇO,15,0.418,0.207,0.454,0.776,135.21,0.55,73.43,79.56,36.68,5.51,85.35,14.65,80.91,21.93,64.06,83.13,31.03,24808,5503,732,3572
150460,MOCAJUBA,15,0.575,0.467,0.539,0.754,229.18,0.58,56.69,70.31,10.92,8.07,96.49,3.51,50.99,76.1,83.19,90.44,46.01,26731,18279,682,3404
150470,MOJU,15,0.547,0.375,0.578,0.757,291.67,0.63,45.7,56.15,18.75,7.26,93.12,6.88,55.52,81.68,84.32,88.91,39.4,70018,25162,1730,8746
150480,MONTE ALEGRE,15,0.589,0.495,0.541,0.764,231.65,0.59,51.73,62.83,14.27,8.8,96.11,3.89,46.31,79.96,82.69,75.21,51.39,55462,24565,1130,6561
150490,MUANÁ,15,0.547,0.391,0.54,0.775,230.14,0.56,52.07,63.23,13.01,7.8,92.6,7.4,54.87,51.45,76.73,88.9,44.17,34204,14521,785,4320
150495,NOVA ESPERANÇA DO PIRIÁ,15,0.502,0.346,0.482,0.757,160.34,0.63,64.94,75.94,26.32,6.53,91.2,8.8,67.24,81.75,73.4,90.28,38.44,20158,7964,514,2649
150497,NOVA IPIXUNA,15,0.581,0.435,0.59,0.766,315.1,0.59,44.7,57.06,21.91,7.73,95.11,4.89,53.11,87.59,93.88,87.79,47.18,14645,7726,326,1664
150500,NOVA TIMBOTEUA,15,0.609,0.507,0.564,0.791,267.59,0.52,41.2,55.7,20.06,8.72,97.62,2.38,40.48,90.57,91.6,95.21,50.1,13670,5520,253,1343
150503,NOVO PROGRESSO,15,0.673,0.519,0.709,0.828,658.31,0.54,12.03,20.52,8.9,8.52,94.18,5.82,47.32,92.52,94.71,94.63,54.74,25124,17717,503,2587
150506,NOVO REPARTIMENTO,15,0.537,0.376,0.557,0.741,256.37,0.59,46.1,55.29,20.58,6.82,90.9,9.1,55.99,78.96,87.86,88.2,39.51,62050,27950,1461,7621
150510,ÓBIDOS,15,0.594,0.499,0.556,0.756,255.03,0.59,48.27,61.22,12.68,8.89,95.38,4.62,44.05,63.35,77.46,81.92,57.57,49333,25466,1181,5934
150520,OEIRAS DO PARÁ,15,0.507,0.344,0.502,0.754,181.86,0.56,59.37,67.49,18.43,7.46,95.6,4.4,64.78,67.95,74.52,88.37,39.17,28595,11432,801,4067
150530,ORIXIMINÁ,15,0.623,0.52,0.599,0.778,332.29,0.64,46.08,56.81,11.47,9.32,96.34,3.66,42.31,54.63,86.22,80.48,59.11,62794,40147,1564,8036
150540,OURÉM,15,0.568,0.438,0.575,0.727,285.61,0.62,48.02,60.61,20.61,8.43,97.36,2.64,54.2,87.49,97.4,95.5,47.92,16311,7438,353,1848
150543,OURILÂNDIA DO NORTE,15,0.624,0.467,0.653,0.795,466.52,0.55,23.09,34.06,12.56,7.72,90.39,9.61,49.88,93.28,93.02,95.98,52.41,27359,19913,545,2893
150548,PACAJÁ,15,0.515,0.338,0.541,0.746,231.91,0.65,55.04,65.81,21.53,6.55,93.04,6.96,61.74,79.89,72.7,61.48,35.01,39979,13747,870,4565
150549,PALESTINA DO PARÁ,15,0.589,0.467,0.574,0.761,284.54,0.55,39.35,47.97,23.52,8.36,96.58,3.42,42.24,89.33,91.03,57.86,51.51,7475,4546,154,799
150550,PARAGOMINAS,15,0.645,0.514,0.667,0.781,507.16,0.6,24.5,35.04,12.93,8.52,95.89,4.11,42.69,93.2,98.67,97.17,54.99,97819,76511,2136,10872
150553,PARAUAPEBAS,15,0.715,0.644,0.701,0.809,627.61,0.53,13.17,20.58,8.11,9.26,95.83,4.17,24.88,93.58,99.8,98.3,63.82,153908,138690,3070,15290
150555,PAU D'ARCO,15,0.574,0.443,0.571,0.748,279.72,0.51,38.62,48.38,22.46,8.29,95.46,4.54,45.85,70.6,91.55,75.0,45.19,6033,3641,112,602
150560,PEIXE-BOI,15,0.581,0.478,0.543,0.754,234.4,0.55,47.64,60.05,22.16,8.65,95.48,4.52,54.31,90.31,91.9,79.4,58.74,7854,4169,148,836
150563,PIÇARRA,15,0.563,0.402,0.561,0.792,263.04,0.52,39.73,49.25,22.19,7.81,92.62,7.38,62.39,85.84,85.01,94.64,49.3,12697,3581,293,1488
150565,PLACAS,15,0.552,0.404,0.541,0.77,231.94,0.59,53.83,64.92,17.12,8.33,92.01,7.99,57.54,76.33,71.98,79.77,54.74,23934,4854,557,2880
150570,PONTA DE PEDRAS,15,0.562,0.412,0.558,0.773,257.4,0.61,52.26,63.0,14.41,7.17,91.3,8.7,54.36,67.31,74.84,76.25,44.15,25999,12424,628,3065
150580,PORTEL,15,0.483,0.286,0.513,0.767,195.22,0.64,60.55,70.4,30.1,6.19,89.68,10.32,76.22,62.51,71.78,88.79,32.74,52172,24852,1622,7919
150590,PORTO DE MOZ,15,0.503,0.322,0.512,0.77,193.52,0.59,56.21,64.91,21.46,6.49,89.42,10.58,64.6,60.63,77.54,56.16,35.73,33956,14583,887,4717
150600,PRAINHA,15,0.523,0.359,0.512,0.779,193.32,0.68,67.23,77.26,17.41,7.18,92.33,7.67,57.43,62.85,63.39,50.9,41.49,29349,8959,766,4098
150610,PRIMAVERA,15,0.577,0.435,0.571,0.772,279.74,0.65,48.38,62.37,20.88,7.62,97.18,2.82,47.59,92.36,96.24,81.31,43.21,10268,6391,236,1122
150611,QUATIPURU,15,0.543,0.397,0.55,0.732,244.9,0.6,52.44,64.94,22.93,7.21,96.64,3.36,51.75,78.66,97.1,82.13,40.89,12411,5313,293,1573
150613,REDENÇÃO,15,0.672,0.561,0.674,0.804,529.54,0.53,15.48,23.18,11.62,9.63,95.54,4.46,34.85,90.25,98.96,87.43,63.09,75556,70065,1406,7617
150616,RIO MARIA,15,0.638,0.495,0.651,0.804,460.83,0.53,22.47,33.85,16.04,8.79,94.66,5.34,45.82,91.21,98.72,91.72,57.96,17697,13512,332,1671
150618,RONDON DO PARÁ,15,0.602,0.457,0.606,0.788,346.74,0.54,30.0,40.49,20.07,8.15,91.83,8.17,49.63,84.44,89.83,93.72,56.16,46964,34696,911,4709
150619,RURÓPOLIS,15,0.548,0.392,0.548,0.764,242.49,0.57,48.07,57.91,17.78,6.5,87.01,12.99,55.72,79.87,62.89,79.03,41.29,40087,15273,920,4848
150620,SALINÓPOLIS,15,0.647,0.541,0.628,0.798,398.58,0.52,27.12,38.06,11.05,9.17,97.26,2.74,32.84,91.51,99.23,87.59,56.63,37421,33391,696,3871
150630,SALVATERRA,15,0.608,0.488,0.58,0.793,296.28,0.57,42.33,56.07,9.04,8.6,97.88,2.12,39.56,96.19,96.93,55.26,47.96,20183,12672,401,2179
150635,SANTA BÁRBARA DO PARÁ,15,0.627,0.546,0.575,0.784,287.25,0.52,39.11,53.54,8.39,8.88,97.31,2.69,34.23,92.87,98.29,91.4,56.34,17141,5458,347,1832
150640,SANTA CRUZ DO ARARI,15,0.557,0.461,0.483,0.775,161.13,0.49,62.21,70.25,11.54,7.64,92.82,7.18,33.73,84.54,95.13,73.55,44.43,8155,3994,135,818
150650,SANTA ISABEL DO PARÁ,15,0.659,0.576,0.622,0.798,384.17,0.51,26.13,37.08,9.43,9.38,98.34,1.66,30.16,90.7,98.97,93.16,57.45,59466,43000,1125,5561
150655,SANTA LUZIA DO PARÁ,15,0.546,0.424,0.53,0.724,217.11,0.56,52.26,62.37,24.89,8.16,91.87,8.13,51.62,84.67,93.98,96.69,49.05,19424,8693,408,2229
150658,SANTA MARIA DAS BARREIRAS,15,0.544,0.37,0.555,0.783,253.55,0.56,44.03,56.17,18.65,7.36,93.65,6.35,62.01,88.35,77.51,81.13,43.07,17206,6357,325,1816
150660,SANTA MARIA DO PARÁ,15,0.598,0.471,0.595,0.764,323.98,0.52,34.67,48.65,20.15,8.04,98.21,1.79,51.92,89.73,97.03,91.18,43.55,23026,13328,452,2334
150670,SANTANA DO ARAGUAIA,15,0.602,0.478,0.591,0.774,316.81,0.46,26.78,31.94,14.74,8.19,90.93,9.07,38.62,89.45,85.67,95.8,50.53,56153,29663,1231,6451
150680,SANTARÉM,15,0.691,0.648,0.632,0.807,409.07,0.58,31.07,44.62,7.4,10.26,97.3,2.7,24.72,79.61,90.97,94.65,68.79,294580,215790,5957,31331
150690,SANTARÉM NOVO,15,0.587,0.502,0.52,0.774,203.0,0.56,55.9,65.23,17.2,8.35,98.54,1.46,38.26,85.65,97.81,87.21,45.21,6141,1809,125,688
150700,SANTO ANTÔNIO DO TAUÁ,15,0.632,0.561,0.598,0.753,331.12,0.52,33.2,46.21,11.5,9.61,98.88,1.12,33.97,93.44,98.13,76.53,59.83,26674,14871,493,2745
150710,SÃO CAETANO DE ODIVELAS,15,0.585,0.473,0.552,0.767,247.8,0.48,43.12,56.57,11.34,8.97,96.16,3.84,42.67,89.79,98.59,89.71,49.8,16891,6958,361,1793
150715,SÃO DOMINGOS DO ARAGUAIA,15,0.594,0.451,0.629,0.738,400.66,0.59,30.7,41.76,19.7,8.08,96.12,3.88,44.88,94.05,90.26,83.27,47.0,23130,15254,492,2642
150720,SÃO DOMINGOS DO CAPIM,15,0.532,0.382,0.509,0.773,189.39,0.6,60.67,68.84,21.67,7.35,96.36,3.64,53.27,68.89,73.16,99.18,36.3,29846,6589,780,3978
150730,SÃO FÉLIX DO XINGU,15,0.594,0.411,0.638,0.798,423.85,0.62,32.79,40.54,11.59,6.45,77.95,22.05,51.32,89.01,83.19,92.73,45.11,91340,45113,1751,10066
150740,SÃO FRANCISCO DO PARÁ,15,0.608,0.502,0.571,0.785,279.19,0.48,35.45,48.74,15.91,9.51,97.7,2.3,44.47,87.27,98.71,97.28,59.1,15060,5113,273,1490
150745,SÃO GERALDO DO ARAGUAIA,15,0.595,0.447,0.594,0.793,322.95,0.53,34.17,45.85,18.72,7.54,96.07,3.93,50.1,88.03,93.81,95.01,44.44,25587,13590,505,2786
150746,SÃO JOÃO DA PONTA,15,0.583,0.495,0.522,0.767,206.18,0.51,50.08,65.1,8.74,8.18,99.18,0.82,45.12,89.56,96.87,100.0,47.76,5265,1031,138,581
150747,SÃO JOÃO DE PIRABAS,15,0.539,0.393,0.529,0.753,215.54,0.58,54.68,67.18,20.72,7.61,96.34,3.66,52.95,86.42,92.41,76.96,41.26,20647,10487,491,2338
150750,SÃO JOÃO DO ARAGUAIA,15,0.55,0.424,0.53,0.741,216.86,0.55,48.84,55.95,24.76,7.3,91.63,8.37,50.95,80.31,86.53,55.68,46.74,13155,2586,316,1481
150760,SÃO MIGUEL DO GUAMÁ,15,0.591,0.471,0.582,0.752,299.95,0.53,37.97,50.41,16.99,7.82,96.87,3.13,47.75,74.16,93.24,81.1,42.14,51567,31884,1124,5883
150770,SÃO SEBASTIÃO DA BOA VISTA,15,0.558,0.439,0.52,0.76,202.85,0.54,56.65,65.86,15.71,7.88,93.75,6.25,49.9,36.59,78.88,90.37,51.39,22904,9902,537,2766
150775,SAPUCAIA,15,0.59,0.405,0.639,0.792,426.86,0.52,22.96,37.08,22.29,7.93,94.78,5.22,52.4,91.95,97.92,92.45,49.01,5047,3325,96,548
150780,SENADOR JOSÉ PORFÍRIO,15,0.514,0.338,0.533,0.754,219.97,0.54,53.06,63.02,22.71,7.56,92.35,7.65,65.17,75.2,69.84,91.92,47.39,13045,6470,320,1655
150790,SOURE,15,0.615,0.525,0.583,0.76,300.59,0.52,38.22,48.99,9.42,8.68,97.63,2.37,28.54,89.8,93.93,85.92,51.86,23001,21015,471,2359
150795,TAILÂNDIA,15,0.588,0.45,0.583,0.776,300.85,0.52,33.6,39.01,13.52,7.74,89.71,10.29,45.23,95.47,97.87,95.56,51.33,79297,58713,1767,9851
150796,TERRA ALTA,15,0.605,0.536,0.555,0.743,252.51,0.54,44.56,56.97,9.63,8.99,97.38,2.62,36.52,94.07,96.83,87.05,48.54,10262,4334,240,1117
150797,TERRA SANTA,15,0.635,0.558,0.602,0.763,338.44,0.58,38.14,46.19,8.47,9.33,97.03,2.97,27.31,85.35,89.93,96.84,59.98,16949,10335,402,2044
150800,TOMÉ-AÇU,15,0.586,0.424,0.596,0.798,326.18,0.54,33.93,45.87,16.07,8.32,95.56,4.44,52.81,87.72,88.16,94.11,48.9,56518,31563,1312,6539
150803,TRACUATEUA,15,0.531,0.376,0.514,0.776,195.97,0.59,57.89,69.97,21.44,7.79,95.6,4.4,58.0,73.62,87.47,92.43,42.56,27455,7256,564,3167
150805,TRAIRÃO,15,0.562,0.392,0.594,0.763,322.61,0.55,35.18,42.37,19.76,7.28,94.32,5.68,53.13,76.93,78.99,82.51,47.94,16875,5679,338,1799
150808,TUCUMÃ,15,0.659,0.525,0.67,0.813,517.86,0.53,19.04,28.2,12.21,8.02,96.54,3.46,37.51,90.08,96.94,81.57,53.44,33690,26907,634,3331
150810,TUCURUÍ,15,0.666,0.548,0.675,0.8,534.02,0.57,20.36,30.64,9.44,8.6,94.93,5.07,36.02,94.34,98.97,96.37,52.28,97128,92442,2041,10280
150812,ULIANÓPOLIS,15,0.604,0.425,0.682,0.759,558.72,0.7,27.74,34.61,15.0,6.9,82.73,17.27,51.98,85.58,88.89,91.85,52.1,43341,28525,915,5412
150815,URUARÁ,15,0.589,0.42,0.609,0.798,353.67,0.57,34.51,40.01,15.11,7.81,92.08,7.92,46.98,79.48,77.79,86.1,50.56,44789,24430,949,4925
150820,VIGIA,15,0.617,0.516,0.594,0.768,323.12,0.5,32.74,43.67,10.03,8.75,97.28,2.72,43.13,90.41,99.23,95.4,53.93,47889,32353,900,4854
150830,VISEU,15,0.515,0.366,0.482,0.776,160.09,0.62,65.78,76.56,22.2,6.97,94.87,5.13,62.19,77.42,90.73,57.01,38.2,56716,18397,1527,7537
150835,VITÓRIA DO XINGU,15,0.596,0.451,0.594,0.792,323.18,0.6,42.76,52.7,16.09,8.41,94.19,5.81,44.49,80.48,85.37,38.77,49.1,13431,5362,254,1474
150840,XINGUARA,15,0.646,0.503,0.671,0.8,520.57,0.55,18.58,28.03,12.29,8.38,96.65,3.35,42.32,88.12,98.32,92.71,54.68,40573,31492,753,4093
160005,SERRA DO NAVIO,16,0.709,0.692,0.659,0.783,484.63,0.6,29.33,37.6,10.91,10.57,98.37,1.63,17.57,94.59,98.25,95.9,71.29,4380,2575,130,597
160010,AMAPÁ,16,0.642,0.532,0.631,0.79,406.9,0.66,42.01,53.76,10.99,8.68,95.83,4.17,41.97,80.26,95.35,87.32,56.23,8069,6959,211,1059
160015,PEDRA BRANCA DO AMAPARI,16,0.626,0.502,0.628,0.779,397.98,0.61,36.14,48.76,16.98,7.5,92.08,7.92,42.88,80.56,84.87,96.02,49.6,10772,5963,282,1378
160020,CALÇOENE,16,0.643,0.55,0.636,0.759,417.71,0.67,41.85,52.54,12.97,8.9,96.95,3.05,28.33,87.0,93.96,89.47,58.67,9000,7307,227,1144
160021,CUTIAS,16,0.628,0.566,0.576,0.76,287.41,0.61,47.76,58.02,11.19,9.9,96.91,3.09,29.59,73.84,95.99,97.83,58.92,4696,2442,116,657
160023,FERREIRA GOMES,16,0.656,0.542,0.635,0.82,416.72,0.6,33.75,44.42,13.46,9.05,96.17,3.83,30.72,77.82,95.57,89.85,57.51,5802,4175,131,703
160025,ITAUBAL,16,0.576,0.477,0.528,0.758,213.26,0.61,63.69,72.44,14.03,8.33,94.82,5.18,48.61,68.46,91.94,100.0,51.31,4265,1754,108,641
160027,LARANJAL DO JARI,16,0.665,0.573,0.641,0.801,432.92,0.55,24.49,32.76,11.35,9.15,97.61,2.39,21.83,91.53,98.73,88.94,57.09,39942,37904,845,4889
160030,MACAPÁ,16,0.733,0.663,0.723,0.82,717.88,0.59,18.15,26.81,6.17,9.6,94.84,5.16,20.0,95.07,99.81,98.31,64.36,398204,381214,7592,41705
160040,MAZAGÃO,16,0.592,0.449,0.609,0.758,353.61,0.65,43.51,51.49,21.27,8.3,92.85,7.15,45.33,62.42,85.86,74.92,53.24,17032,8272,478,2504
160050,OIAPOQUE,16,0.658,0.527,0.693,0.779,598.38,0.69,31.24,42.86,9.05,8.55,95.99,4.01,35.82,84.3,95.52,95.26,52.18,20509,13852,453,2486
160053,PORTO GRANDE,16,0.64,0.554,0.61,0.777,356.65,0.56,35.58,46.38,12.78,9.29,97.78,2.22,30.59,84.5,94.51,96.77,60.58,16809,10809,414,2187
160055,PRACUÚBA,16,0.614,0.544,0.539,0.79,228.81,0.65,55.75,63.9,11.79,9.71,98.67,1.33,31.48,95.26,98.25,93.32,61.76,3793,1881,112,574
160060,SANTANA,16,0.692,0.638,0.654,0.794,469.24,0.55,25.39,34.48,9.74,9.91,95.88,4.12,22.02,92.5,99.33,95.11,65.07,101262,99111,2090,11339
160070,TARTARUGALZINHO,16,0.592,0.473,0.553,0.794,250.2,0.65,56.61,66.78,16.7,8.51,94.27,5.73,44.77,81.57,90.14,91.32,52.55,12563,6516,321,1748
160080,VITÓRIA DO JARI,16,0.619,0.517,0.587,0.781,309.39,0.58,41.64,51.48,14.72,8.62,97.15,2.85,36.83,67.54,94.11,99.83,47.19,12428,10302,302,1605
170025,ABREULÂNDIA,17,0.665,0.502,0.7,0.835,624.03,0.71,26.79,39.15,13.38,7.24,95.68,4.32,33.93,60.53,80.22,94.35,45.73,2391,1476,47,265
170030,AGUIARNÓPOLIS,17,0.657,0.571,0.618,0.804,374.27,0.48,22.35,30.82,17.15,8.93,96.86,3.14,33.22,93.34,97.77,93.6,59.38,5162,4142,133,607
170035,ALIANÇA DO TOCANTINS,17,0.663,0.596,0.61,0.801,357.08,0.47,20.82,32.6,14.44,10.02,96.18,3.82,25.76,98.72,97.64,94.21,69.04,5671,4756,95,535
170040,ALMAS,17,0.636,0.524,0.616,0.796,369.39,0.57,34.89,46.18,21.72,9.09,94.4,5.6,39.13,93.17,88.62,77.06,63.04,7586,6009,154,798
170070,ALVORADA,17,0.708,0.623,0.677,0.843,539.26,0.47,11.18,20.31,10.22,9.85,99.03,0.97,24.55,97.22,99.92,99.29,73.89,8374,7765,137,773
170100,ANANÁS,17,0.671,0.605,0.621,0.804,380.36,0.48,22.42,32.42,19.27,11.24,98.74,1.26,32.08,95.42,98.41,87.44,74.59,9865,8144,170,1027
170105,ANGICO,17,0.648,0.612,0.576,0.773,288.86,0.47,29.18,41.57,17.21,10.71,99.43,0.57,32.97,88.95,98.24,86.62,68.49,3175,1938,62,318
170110,APARECIDA DO RIO NEGRO,17,0.651,0.588,0.593,0.791,320.54,0.48,29.85,43.34,14.93,10.01,97.65,2.35,44.58,92.8,94.08,95.19,70.94,4213,3313,82,422
170130,ARAGOMINAS,17,0.593,0.461,0.611,0.739,357.45,0.54,33.63,47.31,23.8,9.2,97.17,2.83,47.75,79.42,98.02,99.46,55.8,5882,2230,107,582
170190,ARAGUACEMA,17,0.639,0.553,0.587,0.805,308.94,0.56,36.69,45.5,16.36,10.12,98.35,1.65,37.94,93.49,83.44,97.69,68.66,6317,2925,122,731
170200,ARAGUAÇU,17,0.675,0.602,0.642,0.796,435.22,0.49,18.59,27.0,14.48,9.92,96.96,3.04,33.85,99.66,96.44,96.97,73.21,8786,5882,134,717
170210,ARAGUAÍNA,17,0.752,0.712,0.727,0.821,737.63,0.56,11.18,18.43,8.58,10.05,97.54,2.46,19.46,97.76,98.97,95.22,71.68,150484,142925,2406,13304
170215,ARAGUANÃ,17,0.604,0.473,0.617,0.756,372.96,0.52,25.5,35.44,17.83,9.89,96.86,3.14,39.87,97.27,95.64,97.0,64.97,5030,3386,90,525
170220,ARAGUATINS,17,0.631,0.525,0.604,0.793,342.07,0.57,36.03,47.8,19.77,9.62,95.52,4.48,39.72,88.75,93.25,88.34,63.9,31329,20135,690,3598
170230,ARAPOEMA,17,0.68,0.601,0.645,0.81,442.33,0.51,20.89,33.81,17.43,9.91,96.85,3.15,32.2,97.45,98.5,94.74,70.99,6742,5455,120,680
170240,ARRAIAS,17,0.651,0.523,0.636,0.829,418.64,0.61,35.31,51.04,20.87,9.69,97.57,2.43,44.04,80.34,86.22,92.38,60.43,10645,7371,188,1070
170255,AUGUSTINÓPOLIS,17,0.67,0.619,0.614,0.793,364.32,0.52,28.83,40.82,22.29,10.53,97.13,2.87,30.86,94.03,96.53,83.82,74.21,15950,13176,287,1645
170270,AURORA DO TOCANTINS,17,0.677,0.57,0.676,0.804,535.8,0.68,32.91,49.14,20.97,8.41,97.78,2.22,35.23,89.32,95.1,87.55,66.79,3446,2482,60,323
170290,AXIXÁ DO TOCANTINS,17,0.627,0.566,0.595,0.733,324.56,0.5,32.65,45.03,23.95,10.11,98.99,1.01,39.75,97.96,96.37,81.23,76.03,9275,7621,199,1084
170300,BABAÇULÂNDIA,17,0.642,0.568,0.589,0.792,313.37,0.49,31.33,41.48,20.58,9.51,96.95,3.05,29.88,81.18,84.5,90.88,58.74,10424,4929,182,928
170305,BANDEIRANTES DO TOCANTINS,17,0.638,0.571,0.57,0.797,278.0,0.55,40.26,52.63,17.6,9.92,97.84,2.16,35.09,83.72,95.48,89.89,71.51,3122,1685,71,362
170307,BARRA DO OURO,17,0.603,0.517,0.557,0.76,256.28,0.55,45.73,59.58,22.53,9.18,96.89,3.11,35.79,87.18,83.65,70.96,59.2,4123,2186,85,518
170310,BARROLÂNDIA,17,0.642,0.541,0.6,0.817,335.26,0.44,29.67,39.08,15.96,9.52,95.65,4.35,40.99,91.73,96.88,97.67,67.38,5349,4479,85,472
170320,BERNARDO SAYÃO,17,0.638,0.573,0.606,0.748,347.03,0.42,21.61,33.43,17.99,9.8,96.83,3.17,37.19,96.73,97.5,96.94,67.03,4456,2187,70,396
170330,BOM JESUS DO TOCANTINS,17,0.66,0.555,0.621,0.833,381.43,0.5,21.3,29.91,14.98,9.92,97.57,2.43,31.8,93.14,86.44,88.79,69.19,3768,2826,80,406
170360,BRASILÂNDIA DO TOCANTINS,17,0.684,0.601,0.64,0.831,428.48,0.53,21.03,32.09,16.82,10.06,98.71,1.29,34.21,98.69,94.34,99.08,70.67,2064,1436,44,200
170370,BREJINHO DE NAZARÉ,17,0.686,0.619,0.635,0.82,414.87,0.55,23.44,36.96,16.63,10.34,97.79,2.21,27.65,89.66,96.59,94.45,75.07,5185,4195,95,501
170380,BURITI DO TOCANTINS,17,0.627,0.601,0.575,0.713,287.05,0.56,40.34,53.43,22.36,9.79,95.79,4.21,27.38,98.33,96.26,76.56,71.51,9768,7454,197,1028
170382,CACHOEIRINHA,17,0.627,0.59,0.548,0.762,241.7,0.47,41.05,54.59,18.2,10.77,98.73,1.27,33.23,90.54,97.4,38.62,71.59,2148,1731,36,233
170384,CAMPOS LINDOS,17,0.544,0.377,0.578,0.738,292.64,0.67,51.98,61.87,20.96,7.92,92.81,7.19,51.21,89.53,79.21,82.56,49.54,8139,4819,207,1109
170386,CARIRI DO TOCANTINS,17,0.662,0.549,0.639,0.826,425.49,0.46,17.69,27.43,14.43,9.38,99.32,0.68,28.99,97.67,96.99,95.11,62.29,3756,2093,71,311
170388,CARMOLÂNDIA,17,0.64,0.521,0.621,0.81,382.31,0.48,23.69,31.49,19.02,9.39,98.74,1.26,35.65,98.19,98.86,98.8,57.9,2316,1824,45,222
170389,CARRASCO BONITO,17,0.594,0.531,0.543,0.728,234.45,0.56,49.48,63.3,28.95,10.29,97.83,2.17,44.88,92.75,95.54,82.79,69.46,3688,1967,93,454
170390,CASEARA,17,0.658,0.534,0.647,0.825,447.52,0.61,29.28,39.74,17.95,11.0,98.7,1.3,34.75,95.45,82.44,96.83,72.26,4601,2737,95,520
170410,CENTENÁRIO,17,0.569,0.461,0.571,0.7,280.17,0.63,48.34,62.05,28.55,9.36,97.52,2.48,42.4,98.43,66.47,91.86,62.68,2566,1504,56,290
170460,CHAPADA DE AREIA,17,0.619,0.529,0.619,0.726,376.48,0.51,20.8,29.73,18.9,9.52,97.49,2.51,36.84,94.71,91.44,97.64,66.15,1335,749,21,108
170510,CHAPADA DA NATIVIDADE,17,0.62,0.497,0.59,0.814,315.34,0.62,42.26,58.0,20.69,10.1,96.11,3.89,38.13,95.15,80.17,99.17,70.66,3277,1656,64,336
170550,COLINAS DO TOCANTINS,17,0.701,0.614,0.69,0.814,587.11,0.56,17.38,26.44,12.02,9.52,97.69,2.31,31.6,98.48,98.19,97.28,69.49,30838,29607,549,2847
170555,COMBINADO,17,0.697,0.639,0.649,0.815,455.39,0.52,23.2,34.57,18.29,11.17,98.59,1.41,29.36,93.18,96.66,77.65,82.35,4669,4000,77,439
170560,CONCEIÇÃO DO TOCANTINS,17,0.592,0.478,0.588,0.739,310.96,0.55,33.53,49.35,23.18,8.44,97.94,2.06,49.13,91.62,78.88,87.74,49.91,4182,2911,78,487
170600,COUTO MAGALHÃES,17,0.605,0.508,0.574,0.76,284.33,0.55,40.34,53.1,17.45,9.13,96.34,3.66,42.02,90.22,93.89,95.74,63.37,5009,1884,89,507
170610,CRISTALÂNDIA,17,0.673,0.57,0.663,0.805,495.57,0.57,22.33,36.06,12.61,9.68,97.89,2.11,33.54,98.76,92.94,98.41,68.7,7234,5924,138,710
170625,CRIXÁS DO TOCANTINS,17,0.644,0.555,0.603,0.798,341.27,0.48,25.73,38.79,10.67,9.46,100.0,0.0,33.67,98.98,89.33,99.8,69.41,1564,872,33,184
170650,DARCINÓPOLIS,17,0.581,0.429,0.597,0.764,327.64,0.51,30.07,41.72,20.67,8.64,93.48,6.52,45.65,85.12,91.7,95.88,56.9,5273,3489,112,561
170700,DIANÓPOLIS,17,0.701,0.624,0.673,0.822,528.6,0.57,22.52,33.12,12.37,9.94,97.45,2.55,31.37,93.95,95.21,97.3,67.19,19112,16444,373,2001
170710,DIVINÓPOLIS DO TOCANTINS,17,0.683,0.585,0.667,0.816,507.04,0.64,26.67,37.98,16.43,9.97,97.43,2.57,37.65,98.92,90.61,96.66,71.99,6363,4466,115,601
170720,DOIS IRMÃOS DO TOCANTINS,17,0.583,0.442,0.551,0.813,245.98,0.56,43.13,55.48,17.5,8.78,91.42,8.58,45.52,83.69,82.21,99.54,62.67,7161,2777,109,660
170730,DUERÉ,17,0.679,0.566,0.654,0.846,467.9,0.56,22.25,36.6,12.52,10.13,96.83,3.17,35.48,98.34,93.44,98.42,72.92,4592,3055,70,411
170740,ESPERANTINA,17,0.57,0.524,0.495,0.715,174.51,0.55,58.86,69.88,22.67,10.26,97.66,2.34,45.62,94.89,95.86,66.69,68.05,9476,4614,199,1165
170755,FÁTIMA,17,0.697,0.638,0.653,0.813,464.94,0.56,22.14,37.36,14.92,10.16,98.24,1.76,30.1,99.03,97.46,96.07,73.24,3805,3135,83,410
170765,FIGUEIRÓPOLIS,17,0.689,0.6,0.664,0.822,498.31,0.52,20.27,32.03,16.92,9.38,97.87,2.13,31.87,99.31,94.88,97.12,65.55,5340,4054,84,442
170770,FILADÉLFIA,17,0.621,0.522,0.578,0.792,291.57,0.54,38.81,52.83,19.03,9.38,95.96,4.04,44.31,86.11,88.64,79.43,62.99,8505,5538,171,891
170820,FORMOSO DO ARAGUAIA,17,0.67,0.587,0.64,0.801,429.17,0.52,22.09,32.81,12.89,9.16,97.57,2.43,31.64,97.72,96.56,92.04,64.31,18427,13333,369,1891
170825,FORTALEZA DO TABOCÃO,17,0.659,0.575,0.616,0.808,370.0,0.46,24.34,36.71,17.4,10.04,97.19,2.81,24.75,93.17,97.48,99.8,74.0,2419,1968,29,196
170830,GOIANORTE,17,0.621,0.497,0.598,0.805,329.64,0.54,33.53,44.57,16.77,8.9,98.84,1.16,47.4,93.32,87.22,93.0,54.77,4956,2760,99,525
170900,GOIATINS,17,0.576,0.462,0.541,0.765,232.19,0.61,53.72,68.29,25.27,8.28,94.35,5.65,52.03,82.78,62.63,76.5,53.37,12064,4949,298,1490
170930,GUARAÍ,17,0.741,0.67,0.724,0.839,722.83,0.61,15.09,24.68,11.23,10.08,98.59,1.41,25.54,95.4,99.52,96.84,72.87,23200,21128,401,2050
170950,GURUPI,17,0.759,0.706,0.736,0.843,778.9,0.54,7.14,13.2,6.39,9.88,96.12,3.88,17.96,99.18,99.28,97.98,72.65,76755,75000,1228,6499
170980,IPUEIRAS,17,0.62,0.518,0.576,0.797,288.55,0.43,28.66,37.72,15.79,9.68,98.6,1.4,43.13,96.72,91.96,91.09,61.36,1639,958,38,180
171050,ITACAJÁ,17,0.612,0.491,0.585,0.798,304.55,0.58,40.07,57.0,18.24,8.91,94.83,5.17,50.04,89.95,74.49,99.54,58.94,7104,4273,155,803
171070,ITAGUATINS,17,0.616,0.511,0.572,0.799,281.62,0.57,43.77,57.51,24.79,9.46,94.92,5.08,51.36,88.27,90.14,83.86,61.61,6029,3396,132,678
171090,ITAPIRATINS,17,0.601,0.446,0.611,0.796,357.54,0.52,30.78,44.71,19.09,9.81,97.19,2.81,50.98,80.98,78.99,89.31,68.82,3532,1914,74,378
171110,ITAPORÃ DO TOCANTINS,17,0.65,0.531,0.613,0.842,363.13,0.44,19.48,27.82,18.83,9.68,97.2,2.8,35.07,97.05,95.57,96.95,66.42,2445,1563,41,232
171150,JAÚ DO TOCANTINS,17,0.662,0.529,0.672,0.815,523.53,0.64,26.97,37.46,13.46,9.35,98.93,1.07,35.11,90.1,87.08,98.01,65.55,3507,1310,70,322
171180,JUARINA,17,0.584,0.478,0.563,0.742,265.5,0.52,39.81,48.14,15.19,8.79,95.29,4.71,36.39,92.77,91.09,97.27,51.92,2231,1033,43,229
171190,LAGOA DA CONFUSÃO,17,0.627,0.496,0.63,0.787,404.61,0.51,24.83,34.89,13.48,7.9,88.55,11.45,40.63,89.25,85.86,95.27,60.44,10210,6332,219,1114
171195,LAGOA DO TOCANTINS,17,0.579,0.471,0.543,0.758,235.28,0.6,52.69,69.6,22.58,8.3,97.79,2.21,48.44,94.44,88.27,90.11,46.68,3525,2538,81,438
171200,LAJEADO,17,0.675,0.573,0.673,0.798,527.21,0.58,21.81,28.5,9.68,8.18,95.46,4.54,30.51,91.89,98.6,94.43,59.86,2773,2166,56,283
171215,LAVANDEIRA,17,0.66,0.62,0.598,0.775,330.96,0.51,35.15,44.23,22.49,10.14,97.82,2.18,25.93,75.92,87.72,91.35,73.97,1605,1023,31,164
171240,LIZARDA,17,0.57,0.415,0.584,0.765,302.83,0.74,59.39,74.36,22.36,9.06,95.91,4.09,51.51,79.68,72.7,32.27,59.07,3725,2583,80,432
171245,LUZINÓPOLIS,17,0.639,0.605,0.593,0.726,319.83,0.49,29.21,37.11,18.19,10.73,99.01,0.99,24.69,83.63,98.8,94.85,74.05,2622,1675,43,279
171250,MARIANÓPOLIS DO TOCANTINS,17,0.631,0.504,0.63,0.792,403.96,0.53,26.53,38.99,17.97,9.39,98.43,1.57,40.59,98.58,94.55,94.27,62.78,4352,2383,85,436
171270,MATEIROS,17,0.607,0.463,0.586,0.823,307.46,0.52,34.71,46.95,26.37,8.15,95.81,4.19,54.39,83.63,88.94,98.4,49.94,2223,1417,46,262
171280,MAURILÂNDIA DO TOCANTINS,17,0.58,0.498,0.542,0.724,233.68,0.52,43.96,55.96,23.61,8.83,97.85,2.15,46.76,88.71,95.77,75.92,57.94,3154,2017,60,339
171320,MIRACEMA DO TOCANTINS,17,0.684,0.579,0.675,0.82,533.46,0.54,18.53,26.36,11.01,9.9,97.05,2.95,30.38,96.09,99.0,97.79,68.13,20684,17937,422,2097
171330,MIRANORTE,17,0.662,0.571,0.633,0.804,410.45,0.48,20.53,31.24,13.75,9.49,97.03,2.97,34.67,97.1,98.27,99.25,66.27,12623,11036,208,1148
171360,MONTE DO CARMO,17,0.622,0.489,0.608,0.808,351.96,0.62,37.4,51.62,19.44,9.44,94.29,5.71,37.83,88.65,77.88,97.62,64.85,6716,2881,142,671
171370,MONTE SANTO DO TOCANTINS,17,0.62,0.547,0.572,0.76,280.98,0.48,35.39,45.05,16.31,9.48,97.22,2.78,35.76,90.96,94.04,95.11,63.29,2085,450,41,184
171380,PALMEIRAS DO TOCANTINS,17,0.628,0.522,0.586,0.81,307.43,0.51,33.99,45.76,16.86,8.44,97.11,2.89,37.5,84.09,95.11,81.87,52.68,5740,3232,99,580
171395,MURICILÂNDIA,17,0.596,0.524,0.543,0.745,234.22,0.54,47.03,60.12,23.86,8.93,96.15,3.85,38.79,88.57,93.03,87.59,60.52,3152,1800,61,343
171420,NATIVIDADE,17,0.673,0.556,0.646,0.847,446.32,0.59,30.66,41.66,19.07,9.88,97.81,2.19,32.9,88.87,92.73,93.96,68.02,9000,7195,151,816
171430,NAZARÉ,17,0.643,0.576,0.584,0.792,302.39,0.52,32.26,43.11,20.92,10.39,98.64,1.36,29.5,92.64,98.63,93.88,70.02,4386,1991,81,462
171488,NOVA OLINDA,17,0.631,0.535,0.614,0.765,365.84,0.52,27.41,38.77,17.16,9.44,95.28,4.72,39.11,95.05,96.6,90.15,68.03,10686,7465,224,1078
171500,NOVA ROSALÂNDIA,17,0.661,0.628,0.582,0.791,299.38,0.52,33.45,50.66,15.36,10.69,98.2,1.8,23.55,98.77,99.18,99.05,76.38,3770,2468,69,372
171510,NOVO ACORDO,17,0.639,0.53,0.618,0.797,374.83,0.55,28.73,39.02,14.98,9.07,96.42,3.58,37.97,93.58,88.31,94.27,60.5,3762,3083,78,408
171515,NOVO ALEGRE,17,0.699,0.654,0.642,0.812,433.31,0.52,24.37,40.05,13.78,11.04,99.12,0.88,22.62,84.62,94.04,98.26,81.84,2286,1699,35,197
171525,NOVO JARDIM,17,0.596,0.52,0.559,0.73,259.32,0.45,36.07,47.01,19.89,9.72,97.81,2.19,43.46,88.38,89.22,97.13,60.46,2457,1776,57,330
171550,OLIVEIRA DE FÁTIMA,17,0.675,0.614,0.627,0.798,396.97,0.55,30.68,43.44,16.76,10.88,97.88,2.12,13.48,98.75,98.24,97.43,75.85,1037,817,16,111
171570,PALMEIRANTE,17,0.571,0.436,0.564,0.756,267.76,0.57,44.49,58.0,19.88,7.49,93.58,6.42,54.46,77.58,81.38,46.79,47.84,4954,1926,115,580
171575,PALMEIRÓPOLIS,17,0.673,0.571,0.652,0.817,463.45,0.52,19.11,31.48,13.28,9.66,98.02,1.98,38.19,93.52,94.09,97.13,65.31,7339,5981,120,672
171610,PARAÍSO DO TOCANTINS,17,0.764,0.706,0.759,0.831,899.57,0.62,6.41,10.75,6.85,10.67,98.37,1.63,20.85,99.43,99.72,98.33,75.43,44417,42473,710,3834
171620,PARANÃ,17,0.595,0.461,0.588,0.777,311.37,0.65,47.35,63.7,25.93,9.07,95.38,4.62,55.45,66.91,62.92,98.11,58.37,10338,4720,196,1093
171630,PAU D'ARCO,17,0.661,0.587,0.621,0.792,380.41,0.52,30.36,44.27,18.68,10.66,97.96,2.04,36.18,92.35,95.66,81.8,70.17,4588,2900,80,439
171650,PEDRO AFONSO,17,0.732,0.664,0.699,0.846,618.56,0.5,12.59,19.67,10.51,9.75,97.4,2.6,22.54,96.98,96.44,95.41,70.18,11539,10016,194,1012
171660,PEIXE,17,0.674,0.555,0.679,0.812,547.9,0.62,25.15,37.41,16.51,9.21,96.1,3.9,37.82,95.74,94.65,98.35,61.39,10384,5235,182,978
171665,PEQUIZEIRO,17,0.627,0.518,0.589,0.806,313.34,0.47,27.04,37.46,19.67,10.48,99.35,0.65,50.25,89.43,95.71,97.78,75.71,5054,2390,110,559
171670,COLMÉIA,17,0.671,0.574,0.645,0.816,442.96,0.5,20.86,35.07,18.97,10.78,98.26,1.74,40.51,93.95,95.95,98.69,81.35,8611,6370,131,764
171700,PINDORAMA DO TOCANTINS,17,0.605,0.521,0.579,0.733,293.47,0.56,41.73,52.3,14.79,9.13,94.98,5.02,42.04,94.69,81.14,94.86,61.59,4506,2947,115,466
171720,PIRAQUÊ,17,0.621,0.511,0.593,0.792,319.42,0.52,29.65,36.08,21.14,8.98,99.03,0.97,36.53,88.53,93.88,98.55,53.93,2920,1122,47,295
171750,PIUM,17,0.65,0.527,0.633,0.822,411.25,0.52,24.21,37.47,19.37,8.89,92.82,7.18,44.37,92.79,80.65,95.36,63.3,6694,3779,139,661
171780,PONTE ALTA DO BOM JESUS,17,0.603,0.455,0.589,0.82,313.2,0.63,47.55,61.49,25.2,9.43,96.6,3.4,45.87,62.29,88.53,78.35,56.74,4544,2501,85,425
171790,PONTE ALTA DO TOCANTINS,17,0.624,0.531,0.587,0.779,308.4,0.55,38.4,51.84,16.62,9.07,95.02,4.98,41.58,89.5,80.21,98.13,63.2,7180,4527,166,733
171800,PORTO ALEGRE DO TOCANTINS,17,0.645,0.584,0.586,0.785,305.98,0.51,36.12,53.14,19.87,9.43,98.47,1.53,45.43,85.75,90.68,97.06,54.08,2796,1919,62,304
171820,PORTO NACIONAL,17,0.74,0.701,0.699,0.826,621.1,0.54,13.79,22.56,9.22,10.35,98.29,1.71,22.25,94.22,98.67,95.65,71.43,49146,42435,884,4513
171830,PRAIA NORTE,17,0.583,0.517,0.526,0.73,210.53,0.53,47.44,57.88,30.96,9.84,96.78,3.22,44.83,96.19,96.63,64.66,67.22,7659,4468,197,1012
171840,PRESIDENTE KENNEDY,17,0.669,0.582,0.628,0.82,398.02,0.51,23.96,34.89,16.35,11.53,98.6,1.4,33.4,91.73,97.48,95.36,81.81,3681,3227,76,395
171845,PUGMIL,17,0.669,0.595,0.621,0.809,380.52,0.44,19.01,28.46,12.97,9.3,97.53,2.47,33.07,98.61,96.89,99.08,68.07,2369,2004,48,251
171850,RECURSOLÂNDIA,17,0.5,0.345,0.49,0.738,168.85,0.64,65.2,75.04,27.63,8.15,91.72,8.28,65.68,70.76,58.38,91.75,60.17,3768,1990,98,497
171855,RIACHINHO,17,0.572,0.49,0.503,0.76,182.97,0.53,50.83,59.56,22.56,9.24,98.17,1.83,49.62,91.3,83.51,86.23,56.68,4191,1812,81,430
171865,RIO DA CONCEIÇÃO,17,0.608,0.561,0.557,0.718,256.83,0.55,40.3,52.83,14.02,8.88,98.4,1.6,37.47,88.08,94.74,97.76,54.31,1714,1574,31,209
171870,RIO DOS BOIS,17,0.616,0.501,0.588,0.795,310.91,0.48,28.6,39.48,19.25,9.26,98.07,1.93,42.34,82.34,89.66,96.22,63.14,2570,1029,53,241
171875,RIO SONO,17,0.6,0.482,0.574,0.779,285.17,0.59,45.36,57.08,19.89,9.47,96.09,3.91,44.28,88.04,64.17,99.43,58.94,6254,2407,142,653
171880,SAMPAIO,17,0.606,0.59,0.546,0.691,239.06,0.5,47.28,59.5,23.92,10.01,98.41,1.59,35.55,95.59,95.57,71.2,71.68,3864,3516,93,521
171884,SANDOLÂNDIA,17,0.659,0.578,0.626,0.791,393.98,0.47,18.46,26.7,16.58,8.37,98.67,1.33,40.72,75.69,97.23,97.09,63.7,3326,1764,49,306
171886,SANTA FÉ DO ARAGUAIA,17,0.616,0.482,0.604,0.804,342.15,0.54,31.68,43.56,19.69,8.82,92.42,7.58,40.59,93.85,96.82,95.98,54.45,6599,4374,138,721
171888,SANTA MARIA DO TOCANTINS,17,0.634,0.543,0.6,0.784,334.09,0.53,35.51,48.99,17.62,10.18,97.95,2.05,42.38,84.31,80.32,99.52,73.48,2894,1725,42,289
171889,SANTA RITA DO TOCANTINS,17,0.651,0.527,0.63,0.83,402.99,0.53,24.57,31.38,14.99,9.75,95.01,4.99,34.1,90.24,78.03,98.26,65.71,2128,918,42,220
171890,SANTA ROSA DO TOCANTINS,17,0.595,0.471,0.574,0.78,284.63,0.54,39.15,56.52,17.72,10.11,97.0,3.0,46.53,89.4,81.25,74.98,62.22,4568,2947,83,513
171900,SANTA TEREZA DO TOCANTINS,17,0.662,0.575,0.618,0.817,373.96,0.47,19.51,32.9,14.57,9.85,97.08,2.92,36.14,93.95,92.74,96.55,67.29,2523,1616,44,235
172000,SANTA TEREZINHA DO TOCANTINS,17,0.637,0.584,0.583,0.758,301.14,0.54,36.14,45.97,21.21,10.27,98.38,1.62,32.0,87.26,93.86,92.31,72.94,2474,1594,60,265
172010,SÃO BENTO DO TOCANTINS,17,0.605,0.506,0.595,0.736,324.27,0.56,32.66,41.69,19.66,10.17,96.44,3.56,35.06,84.56,90.93,87.13,72.04,4608,2716,97,532
172015,SÃO FÉLIX DO TOCANTINS,17,0.574,0.446,0.55,0.771,244.55,0.64,56.99,73.74,20.31,10.23,94.02,5.98,52.62,82.32,68.56,97.19,60.97,1437,931,37,187
172020,SÃO MIGUEL DO TOCANTINS,17,0.623,0.544,0.582,0.762,298.31,0.56,37.04,46.93,24.95,9.68,98.9,1.1,36.16,89.63,98.09,95.63,63.25,10481,2547,211,1239
172025,SÃO SALVADOR DO TOCANTINS,17,0.605,0.471,0.592,0.794,318.39,0.61,44.6,58.79,19.02,6.32,98.88,1.12,44.11,92.01,76.86,98.06,34.17,2910,1588,49,309
172030,SÃO SEBASTIÃO DO TOCANTINS,17,0.573,0.487,0.516,0.748,198.01,0.55,53.58,65.52,25.75,9.08,96.59,3.41,47.8,82.67,93.42,71.29,55.62,4283,3283,108,506
172049,SÃO VALÉRIO,17,0.643,0.539,0.605,0.814,344.49,0.56,34.58,46.27,20.01,10.25,96.18,3.82,29.22,93.9,86.69,96.05,71.66,4383,2723,78,437
172065,SILVANÓPOLIS,17,0.675,0.592,0.638,0.814,423.43,0.56,25.87,37.46,17.59,10.36,97.52,2.48,27.97,96.04,91.76,86.46,73.3,5068,4061,89,445
172080,SÍTIO NOVO DO TOCANTINS,17,0.604,0.526,0.55,0.762,245.11,0.56,45.62,58.75,25.86,8.79,95.81,4.19,47.1,94.91,97.81,73.58,63.28,9148,4875,200,961
172085,SUCUPIRA,17,0.667,0.599,0.623,0.794,386.22,0.5,22.02,30.89,15.26,10.2,98.08,1.92,37.3,97.64,97.67,92.27,67.29,1742,1106,42,205
172090,TAGUATINGA,17,0.634,0.497,0.628,0.818,399.35,0.64,38.45,54.59,19.2,8.52,96.64,3.36,47.0,80.05,92.57,88.27,54.58,15051,10627,310,1596
172093,TAIPAS DO TOCANTINS,17,0.601,0.47,0.578,0.798,292.72,0.55,38.64,47.42,26.5,7.76,94.22,5.78,49.2,80.91,88.42,91.96,50.12,1945,1557,34,208
172097,TALISMÃ,17,0.654,0.535,0.654,0.801,467.87,0.48,14.6,17.08,18.68,8.11,93.47,6.53,42.78,99.5,94.23,95.89,52.79,2562,1363,42,246
172100,PALMAS,17,0.788,0.749,0.789,0.827,1087.35,0.58,6.91,12.15,3.76,10.35,98.04,1.96,13.16,99.16,99.81,99.17,72.06,228332,221742,3787,19746
172110,TOCANTÍNIA,17,0.589,0.459,0.57,0.782,277.25,0.62,49.36,61.77,20.17,7.79,85.66,14.34,41.42,81.04,92.21,91.28,54.75,6736,2955,156,836
172120,TOCANTINÓPOLIS,17,0.681,0.623,0.634,0.801,414.08,0.52,24.43,36.62,15.69,9.88,98.75,1.25,27.7,93.82,98.39,93.45,65.85,22619,18318,420,2264
172125,TUPIRAMA,17,0.67,0.593,0.629,0.808,401.76,0.48,21.85,32.29,15.95,10.47,99.06,0.94,31.17,83.89,86.2,98.6,74.55,1574,930,29,154
172130,TUPIRATINS,17,0.587,0.425,0.601,0.791,337.79,0.57,34.91,41.47,20.47,8.63,96.3,3.7,68.1,97.21,92.72,99.39,56.41,2097,1065,37,227
172208,WANDERLÂNDIA,17,0.638,0.561,0.619,0.748,376.35,0.51,27.35,39.7,18.92,10.08,96.02,3.98,32.68,92.38,94.27,89.63,66.54,10981,5868,233,1161
172210,XAMBIOÁ,17,0.671,0.57,0.648,0.818,450.43,0.6,30.18,43.28,17.93,9.98,95.92,4.08,35.93,94.85,96.46,96.19,68.1,11484,9738,199,1066
210005,AÇAILÂNDIA,21,0.672,0.602,0.643,0.785,438.56,0.56,25.17,36.65,17.69,9.34,97.72,2.28,36.24,89.57,99.34,93.33,61.76,104047,78237,2232,11076
210010,AFONSO CUNHA,21,0.529,0.434,0.471,0.725,149.78,0.59,66.8,78.75,34.64,8.62,96.56,3.44,59.52,67.77,97.2,63.25,52.27,5905,3234,156,730
210015,ÁGUA DOCE DO MARANHÃO,21,0.5,0.363,0.494,0.697,172.55,0.59,59.52,71.85,36.03,8.07,98.29,1.71,67.05,86.73,97.78,54.63,44.74,11581,3133,239,1298
210020,ALCÂNTARA,21,0.573,0.475,0.525,0.753,209.27,0.59,54.48,67.97,22.44,8.21,96.81,3.19,42.95,73.63,98.34,80.72,52.54,21851,6399,410,2175
210030,ALDEIAS ALTAS,21,0.513,0.374,0.5,0.72,179.92,0.59,60.07,73.89,37.68,6.68,94.89,5.11,68.52,77.26,87.0,51.95,38.98,23952,13634,600,2864
210040,ALTAMIRA DO MARANHÃO,21,0.549,0.473,0.486,0.719,164.24,0.52,55.51,64.4,32.98,8.75,91.52,8.48,53.94,88.24,97.75,77.77,56.59,11063,3154,250,1312
210043,ALTO ALEGRE DO MARANHÃO,21,0.554,0.444,0.516,0.744,198.43,0.51,50.64,63.55,29.28,8.64,95.54,4.46,59.29,84.36,98.28,58.2,51.34,24599,19374,531,2769
210047,ALTO ALEGRE DO PINDARÉ,21,0.558,0.483,0.465,0.774,144.91,0.57,64.61,76.49,32.25,9.8,96.73,3.27,52.55,92.99,94.4,87.9,70.02,31057,9829,727,3812
210050,ALTO PARNAÍBA,21,0.633,0.474,0.683,0.785,559.61,0.78,43.32,54.81,21.22,9.58,95.07,4.93,49.94,84.9,71.48,64.22,57.08,10766,7028,250,1248
210055,AMAPÁ DO MARANHÃO,21,0.52,0.406,0.503,0.688,182.63,0.57,58.52,68.65,33.27,8.36,98.07,1.93,58.34,86.03,98.76,35.82,43.17,6431,4841,152,888
210060,AMARANTE DO MARANHÃO,21,0.555,0.441,0.541,0.716,231.79,0.59,50.0,61.2,28.41,8.21,95.13,4.87,51.21,83.1,85.79,92.71,46.33,37932,15004,937,4839
210070,ANAJATUBA,21,0.581,0.492,0.523,0.762,207.65,0.6,55.32,69.99,27.31,9.18,96.12,3.88,56.18,77.24,93.32,66.35,56.01,25291,7015,455,2484
210080,ANAPURUS,21,0.581,0.502,0.511,0.764,192.8,0.54,54.45,65.71,29.9,10.1,97.98,2.02,40.41,93.3,96.96,33.98,63.18,13939,7164,329,1639
210083,APICUM-AÇU,21,0.568,0.483,0.529,0.718,215.17,0.52,51.98,65.02,18.69,9.68,96.78,3.22,41.75,86.43,97.93,8.72,58.09,14959,9162,321,1709
210087,ARAGUANÃ,21,0.533,0.444,0.483,0.706,161.57,0.52,60.27,70.64,28.15,9.47,96.28,3.72,50.7,82.38,97.13,96.36,53.3,13973,5377,304,1650
210090,ARAIOSES,21,0.521,0.402,0.497,0.709,175.81,0.59,57.65,70.84,33.7,8.91,96.75,3.25,62.65,62.58,95.54,71.79,54.37,42505,12045,911,4733
210095,ARAME,21,0.512,0.365,0.525,0.701,210.09,0.72,64.91,75.43,33.02,6.87,89.84,10.16,62.49,76.23,95.75,89.12,44.9,31702,12551,867,4219
210100,ARARI,21,0.626,0.546,0.587,0.764,308.83,0.57,38.56,49.74,22.02,9.4,99.01,0.99,37.11,73.63,96.19,76.78,60.65,28488,17483,535,2915
210110,AXIXÁ,21,0.641,0.634,0.535,0.776,223.51,0.54,49.2,65.74,16.37,9.61,98.56,1.44,25.73,72.26,99.27,24.98,61.64,11407,4703,240,1245
210120,BACABAL,21,0.651,0.591,0.619,0.753,375.57,0.55,29.79,42.67,21.4,9.79,97.18,2.82,39.55,90.81,99.23,90.46,66.48,100014,77860,1999,10231
210125,BACABEIRA,21,0.629,0.58,0.558,0.768,257.4,0.54,41.72,51.67,18.3,9.44,98.36,1.64,28.97,69.48,92.33,90.09,62.47,14925,3324,335,1642
210130,BACURI,21,0.578,0.484,0.54,0.737,230.45,0.58,50.78,61.73,23.66,10.52,97.81,2.19,38.74,71.09,97.66,16.25,60.31,16604,8686,321,1830
210135,BACURITUBA,21,0.537,0.479,0.474,0.681,152.38,0.55,61.9,73.33,23.9,10.41,98.81,1.19,50.46,77.17,98.74,0.0,67.04,5293,1424,98,552
210140,BALSAS,21,0.687,0.597,0.674,0.807,531.6,0.58,21.22,30.79,12.92,9.55,94.43,5.57,35.86,93.01,93.67,93.16,65.07,83528,72771,1734,9039
210150,BARÃO DE GRAJAÚ,21,0.592,0.484,0.578,0.743,292.55,0.52,37.68,50.15,22.7,8.82,95.79,4.21,52.34,81.42,95.97,81.77,56.14,17841,10338,335,1677
210160,BARRA DO CORDA,21,0.606,0.498,0.585,0.763,305.61,0.62,44.97,59.63,27.71,8.95,95.81,4.19,54.65,73.48,97.14,78.37,53.82,82830,51648,1665,8848
210170,BARREIRINHAS,21,0.57,0.479,0.515,0.752,197.08,0.61,55.65,65.66,25.37,9.11,96.03,3.97,56.71,81.35,92.32,81.91,58.8,54930,22053,1401,6931
210173,BELÁGUA,21,0.512,0.455,0.417,0.707,107.14,0.63,74.85,82.65,39.2,8.06,95.83,4.17,48.22,58.89,90.57,0.0,46.07,6524,3263,185,975
210177,BELA VISTA DO MARANHÃO,21,0.554,0.45,0.515,0.735,197.65,0.5,51.65,65.04,29.44,9.23,98.54,1.46,57.83,94.22,99.27,54.1,52.04,12049,5170,257,1385
210180,BENEDITO LEITE,21,0.546,0.426,0.531,0.719,217.65,0.58,51.39,65.19,29.24,7.6,97.55,2.45,53.49,81.18,82.52,31.99,41.57,5469,2813,115,522
210190,BEQUIMÃO,21,0.601,0.561,0.51,0.757,190.84,0.55,52.52,62.94,24.22,8.61,95.69,4.31,35.22,78.29,97.47,14.51,60.46,20344,6606,342,1980
210193,BERNARDO DO MEARIM,21,0.604,0.547,0.544,0.742,236.18,0.47,39.67,54.93,26.78,10.84,98.28,1.72,40.34,84.83,99.12,93.5,70.26,5996,2324,110,545
210197,BOA VISTA DO GURUPI,21,0.545,0.461,0.515,0.681,196.78,0.52,54.35,64.92,23.74,9.38,97.71,2.29,52.55,93.51,96.72,76.2,56.85,7949,5619,218,1088
210200,BOM JARDIM,21,0.538,0.4,0.519,0.75,202.28,0.58,54.28,64.0,31.79,8.41,96.85,3.15,59.76,78.49,92.2,79.52,49.55,39049,16386,901,4640
210203,BOM JESUS DAS SELVAS,21,0.558,0.431,0.537,0.751,226.09,0.62,51.02,56.63,27.35,8.22,88.75,11.25,53.86,68.73,89.17,96.05,57.58,28459,13431,641,3421
210207,BOM LUGAR,21,0.562,0.493,0.486,0.741,164.44,0.49,56.36,69.29,32.11,8.96,94.32,5.68,48.25,90.28,98.83,58.42,54.72,14818,4181,325,1662
210210,BREJO,21,0.562,0.454,0.517,0.758,200.25,0.64,59.4,71.68,29.92,8.53,96.03,3.97,59.7,65.48,95.07,44.03,53.6,33359,12340,796,3767
210215,BREJO DE AREIA,21,0.519,0.408,0.507,0.677,187.95,0.48,50.6,61.44,35.08,8.58,93.96,6.04,58.49,56.36,83.81,15.14,55.82,5577,2853,125,733
210220,BURITI,21,0.548,0.48,0.479,0.714,157.21,0.63,65.31,78.96,30.27,10.14,99.1,0.9,51.72,69.12,87.89,41.4,66.58,27013,8399,624,3462
210230,BURITI BRAVO,21,0.59,0.506,0.539,0.752,229.21,0.55,46.58,60.75,30.42,9.04,97.26,2.74,50.94,80.14,95.79,31.31,59.36,22899,17014,474,2602
210232,BURITICUPU,21,0.556,0.455,0.533,0.708,220.64,0.6,54.68,66.44,26.9,8.72,96.15,3.85,56.06,69.77,96.95,83.44,55.78,65237,35789,1620,8609
210235,BURITIRANA,21,0.583,0.505,0.54,0.725,230.11,0.5,45.3,59.33,28.45,10.27,98.01,1.99,47.06,94.17,97.38,67.41,66.64,14784,4146,367,1766
210237,CACHOEIRA GRANDE,21,0.537,0.476,0.422,0.773,110.65,0.57,73.88,84.1,30.41,8.74,92.91,7.09,50.54,50.0,82.52,48.96,56.9,8446,3792,186,1106
210240,CAJAPIÓ,21,0.553,0.505,0.466,0.72,145.01,0.57,64.11,75.16,25.58,9.02,97.22,2.78,45.69,67.92,93.47,8.32,56.18,10593,3885,252,1157
210250,CAJARI,21,0.523,0.421,0.456,0.747,136.39,0.63,68.86,82.06,21.74,7.61,96.4,3.6,57.98,56.62,93.71,65.47,45.72,18338,4284,468,2301
210255,CAMPESTRE DO MARANHÃO,21,0.652,0.586,0.611,0.774,358.0,0.48,21.72,32.0,21.26,9.91,97.78,2.22,39.1,96.62,97.56,93.19,68.69,13369,10621,312,1437
210260,CÂNDIDO MENDES,21,0.561,0.456,0.52,0.745,203.94,0.58,56.3,68.49,21.4,8.83,96.48,3.52,49.55,79.21,92.78,47.49,52.18,18505,11911,401,2088
210270,CANTANHEDE,21,0.565,0.468,0.497,0.774,176.61,0.6,62.19,72.5,28.86,8.83,91.64,8.36,50.06,74.45,96.2,54.86,56.77,20448,12959,447,2455
210275,CAPINZAL DO NORTE,21,0.537,0.43,0.517,0.698,200.15,0.57,54.55,67.4,32.19,8.35,94.15,5.85,54.42,89.31,96.87,42.96,56.25,10698,5610,195,1049
210280,CAROLINA,21,0.634,0.529,0.6,0.802,334.51,0.55,34.22,49.0,15.13,8.76,95.07,4.93,42.28,82.91,80.92,84.86,60.63,23959,16237,482,2539
210290,CARUTAPERA,21,0.574,0.476,0.533,0.747,220.91,0.54,52.0,64.37,19.64,9.72,98.22,1.78,46.98,79.55,97.97,69.58,54.96,22006,16224,444,2507
210300,CAXIAS,21,0.624,0.543,0.595,0.753,324.9,0.55,35.21,51.35,25.75,9.66,95.21,4.79,45.21,85.0,96.71,76.51,61.73,155129,118534,3178,15960
210310,CEDRAL,21,0.605,0.57,0.52,0.748,202.86,0.56,57.46,72.21,17.14,9.22,97.92,2.08,29.21,91.11,99.58,91.39,61.48,10297,2397,185,1098
210312,CENTRAL DO MARANHÃO,21,0.585,0.557,0.503,0.713,182.77,0.54,56.09,68.46,26.73,9.52,97.79,2.21,39.77,78.93,96.22,17.23,65.87,7887,4086,218,1005
210315,CENTRO DO GUILHERME,21,0.542,0.442,0.51,0.707,190.58,0.56,51.92,64.34,28.8,8.19,91.62,8.38,56.04,77.02,98.54,59.76,51.17,12565,7072,265,1545
210317,CENTRO NOVO DO MARANHÃO,21,0.518,0.382,0.508,0.717,188.88,0.56,53.65,63.64,25.34,7.66,87.69,12.31,58.82,78.89,82.55,43.33,50.42,17622,5522,484,2388
210320,CHAPADINHA,21,0.604,0.517,0.554,0.77,251.75,0.59,48.38,62.91,25.42,8.72,92.62,7.38,50.7,71.3,93.68,68.22,59.84,73350,52882,1555,8142
210325,CIDELÂNDIA,21,0.6,0.529,0.562,0.728,263.53,0.47,36.27,46.9,24.29,9.67,98.91,1.09,43.75,92.43,98.29,80.33,60.96,13681,6036,323,1563
210330,CODÓ,21,0.595,0.492,0.568,0.754,273.45,0.57,44.04,60.03,30.47,8.88,97.11,2.89,52.6,87.21,97.78,88.05,53.49,118038,81045,2372,12649
210340,COELHO NETO,21,0.564,0.454,0.544,0.728,236.47,0.54,47.3,60.29,28.95,8.28,96.53,3.47,52.57,93.95,96.69,57.13,48.56,46750,38729,1021,5138
210350,COLINAS,21,0.596,0.524,0.571,0.709,279.81,0.63,48.71,62.46,29.83,9.2,97.16,2.84,50.54,72.78,95.95,59.6,62.37,39132,25575,741,4191
210355,CONCEIÇÃO DO LAGO-AÇU,21,0.512,0.37,0.492,0.738,170.79,0.51,58.58,67.98,34.88,8.15,97.31,2.69,63.34,57.74,94.83,61.44,50.09,14436,6869,386,1971
210360,COROATÁ,21,0.576,0.475,0.545,0.737,237.3,0.58,49.57,63.7,32.2,9.35,95.92,4.08,54.88,91.32,95.27,71.92,63.57,61725,43057,1313,6971
210370,CURURUPU,21,0.612,0.525,0.568,0.768,274.39,0.58,44.54,60.06,17.41,10.08,96.85,3.15,41.0,81.3,95.53,47.9,69.58,32652,22270,695,3675
210375,DAVINÓPOLIS,21,0.607,0.535,0.561,0.747,263.12,0.45,34.77,45.9,25.01,9.61,98.68,1.32,35.1,97.77,98.53,41.02,61.66,12579,10487,265,1482
210380,DOM PEDRO,21,0.622,0.545,0.582,0.759,298.33,0.48,33.56,46.97,24.23,8.9,96.49,3.51,48.05,94.21,99.12,91.73,60.05,22681,15261,428,2236
210390,DUQUE BACELAR,21,0.533,0.451,0.485,0.693,163.87,0.6,63.58,71.98,31.97,8.82,95.76,4.24,52.05,76.61,93.7,45.4,50.06,10649,5340,271,1358
210400,ESPERANTINÓPOLIS,21,0.586,0.503,0.561,0.713,262.41,0.59,46.89,60.01,30.88,9.82,97.19,2.81,43.54,85.17,98.11,79.44,65.4,18452,10035,366,1886
210405,ESTREITO,21,0.659,0.536,0.666,0.8,503.29,0.56,22.67,33.32,15.18,7.73,93.37,6.63,38.14,95.08,96.67,97.36,49.21,35835,25778,666,3381
210407,FEIRA NOVA DO MARANHÃO,21,0.532,0.405,0.511,0.729,192.39,0.62,59.86,71.57,19.75,9.51,94.88,5.12,55.87,89.13,75.34,96.77,56.33,8126,1927,214,1031
210408,FERNANDO FALCÃO,21,0.443,0.286,0.417,0.728,106.99,0.55,72.73,81.2,38.03,5.75,91.28,8.72,69.24,58.69,88.36,32.97,27.23,9241,1506,223,1233
210409,FORMOSA DA SERRA NEGRA,21,0.556,0.459,0.485,0.774,163.15,0.63,62.31,74.63,18.49,8.1,95.05,4.95,55.38,74.2,73.61,67.77,44.67,17757,5915,386,2057
210410,FORTALEZA DOS NOGUEIRAS,21,0.616,0.534,0.566,0.773,271.6,0.53,38.76,48.53,15.94,8.65,97.64,2.36,38.72,87.72,89.85,91.37,52.14,11646,7019,231,1281
210420,FORTUNA,21,0.58,0.494,0.558,0.706,257.81,0.56,46.79,61.72,30.51,9.48,97.31,2.69,51.37,75.37,98.77,60.32,64.2,15098,9504,328,1687
210430,GODOFREDO VIANA,21,0.604,0.546,0.537,0.75,225.47,0.5,46.2,59.15,16.95,9.09,96.95,3.05,39.46,71.38,96.97,23.86,57.1,10635,6723,198,1112
210440,GONÇALVES DIAS,21,0.568,0.445,0.542,0.758,233.2,0.59,53.83,68.72,34.75,8.86,96.85,3.15,55.88,85.06,96.25,84.43,52.59,17482,7770,378,1860
210450,GOVERNADOR ARCHER,21,0.565,0.481,0.545,0.687,237.47,0.55,47.57,61.44,31.48,9.3,96.63,3.37,58.2,89.25,98.51,83.46,59.4,10205,6630,197,1065
210455,GOVERNADOR EDISON LOBÃO,21,0.629,0.552,0.589,0.764,312.56,0.46,28.48,38.84,19.63,9.52,97.65,2.35,41.21,93.83,96.65,91.9,61.81,15895,6957,339,1800
210460,GOVERNADOR EUGÊNIO BARROS,21,0.572,0.462,0.55,0.736,245.38,0.58,48.32,61.69,35.9,9.75,98.54,1.46,55.08,91.19,97.3,88.22,61.24,15991,4690,334,1786
210462,GOVERNADOR LUIZ ROCHA,21,0.544,0.459,0.508,0.692,188.68,0.55,52.7,64.26,30.85,9.35,98.6,1.4,47.55,94.4,97.6,22.78,57.29,7337,5187,155,859
210465,GOVERNADOR NEWTON BELLO,21,0.521,0.387,0.509,0.718,190.15,0.52,54.69,70.46,36.23,8.19,95.23,4.77,67.92,82.95,91.39,74.91,49.29,11921,4291,269,1505
210467,GOVERNADOR NUNES FREIRE,21,0.569,0.472,0.54,0.722,230.94,0.56,51.8,62.62,25.39,8.3,96.35,3.65,42.31,90.37,97.89,85.38,55.74,25401,15945,628,3241
210470,GRAÇA ARANHA,21,0.57,0.459,0.538,0.748,227.51,0.53,46.2,58.84,30.1,8.55,97.27,2.73,53.17,96.05,99.02,63.17,53.59,6140,2912,124,601
210480,GRAJAÚ,21,0.609,0.497,0.603,0.754,340.1,0.61,39.45,52.31,22.14,9.45,96.29,3.71,53.35,81.4,91.65,88.61,58.26,62093,37041,1402,7262
210490,GUIMARÃES,21,0.625,0.592,0.535,0.772,223.14,0.56,50.94,65.26,15.79,9.84,93.78,6.22,27.44,84.82,97.8,25.85,67.46,12081,6909,243,1217
210500,HUMBERTO DE CAMPOS,21,0.535,0.455,0.443,0.759,125.91,0.64,71.22,81.7,23.6,9.46,96.98,3.02,46.95,75.93,93.25,42.5,60.39,26189,10506,726,3596
210510,ICATU,21,0.546,0.472,0.475,0.727,154.09,0.59,63.72,76.02,22.13,9.75,94.93,5.07,51.42,54.36,94.09,44.4,53.38,25145,7816,603,3097
210515,IGARAPÉ DO MEIO,21,0.569,0.506,0.53,0.687,216.25,0.5,45.84,56.66,28.4,9.02,96.64,3.36,43.02,92.54,99.01,18.95,55.86,12550,6207,302,1440
210520,IGARAPÉ GRANDE,21,0.614,0.536,0.578,0.747,292.16,0.52,36.57,50.58,28.55,9.96,98.71,1.29,36.64,87.71,98.43,89.88,64.88,11041,6664,204,1053
210530,IMPERATRIZ,21,0.731,0.698,0.697,0.803,613.87,0.56,14.35,24.08,10.87,9.9,98.4,1.6,20.66,96.58,99.9,95.34,65.6,247505,234547,4308,22537
210535,ITAIPAVA DO GRAJAÚ,21,0.518,0.419,0.456,0.726,136.77,0.55,64.21,72.93,34.13,8.82,96.99,3.01,60.85,82.8,95.45,58.53,52.02,14297,4296,317,1775
210540,ITAPECURU MIRIM,21,0.599,0.539,0.534,0.747,221.87,0.56,49.69,62.49,27.09,9.59,94.21,5.79,45.0,76.9,96.26,84.89,65.81,62110,34668,1202,6861
210542,ITINGA DO MARANHÃO,21,0.63,0.545,0.601,0.764,336.91,0.52,32.08,44.71,23.48,9.42,97.1,2.9,41.62,93.96,97.88,96.82,61.48,24863,17640,530,2726
210545,JATOBÁ,21,0.561,0.481,0.522,0.702,206.58,0.57,52.13,62.34,32.4,10.14,97.87,2.13,46.92,94.39,97.51,13.02,65.04,8526,3740,182,950
210547,JENIPAPO DOS VIEIRAS,21,0.49,0.346,0.445,0.766,127.24,0.67,70.33,81.29,34.07,6.75,80.65,19.35,65.96,75.15,94.24,78.2,48.45,15440,2519,369,1977
210550,JOÃO LISBOA,21,0.641,0.573,0.585,0.785,303.91,0.44,27.23,38.78,22.32,9.35,99.29,0.71,32.87,94.3,99.79,67.1,58.27,20381,15336,419,2188
210560,JOSELÂNDIA,21,0.561,0.445,0.533,0.743,221.23,0.57,53.44,67.78,33.69,9.33,97.69,2.31,58.64,88.04,96.09,53.24,61.78,15433,5960,324,1697
210565,JUNCO DO MARANHÃO,21,0.552,0.443,0.55,0.69,244.54,0.52,47.05,59.35,27.16,9.08,98.36,1.64,55.79,94.12,98.68,40.57,54.17,4020,2819,88,512
210570,LAGO DA PEDRA,21,0.589,0.502,0.561,0.724,263.13,0.55,43.06,55.31,30.58,9.53,97.72,2.28,50.24,80.59,96.47,94.28,60.89,46083,30046,950,5077
210580,LAGO DO JUNCO,21,0.581,0.492,0.537,0.741,226.69,0.6,55.4,71.35,32.97,9.78,94.53,5.47,56.16,87.74,99.12,95.09,61.27,10729,3913,239,1228
210590,LAGO VERDE,21,0.557,0.466,0.508,0.731,188.31,0.51,53.97,64.17,33.02,8.54,97.15,2.85,53.02,75.05,95.35,49.71,54.26,15412,5052,395,2003
210592,LAGOA DO MATO,21,0.566,0.475,0.525,0.726,210.29,0.52,48.76,61.89,33.04,9.52,97.67,2.33,51.23,81.93,95.53,82.67,60.94,10934,4453,254,1192
210594,LAGO DOS RODRIGUES,21,0.602,0.534,0.555,0.737,252.89,0.47,39.36,54.88,30.06,10.19,97.33,2.67,42.66,94.57,98.96,88.28,69.18,7794,4849,130,782
210596,LAGOA GRANDE DO MARANHÃO,21,0.502,0.36,0.48,0.731,158.3,0.54,60.75,69.74,35.34,8.03,95.89,4.11,63.9,76.33,96.13,86.11,49.53,10517,5499,251,1412
210598,LAJEADO NOVO,21,0.589,0.494,0.561,0.738,263.2,0.6,48.2,63.0,18.57,10.02,98.38,1.62,50.75,81.98,80.54,90.51,66.4,6923,3194,134,734
210600,LIMA CAMPOS,21,0.581,0.481,0.578,0.705,292.37,0.56,40.87,58.92,31.05,9.05,97.98,2.02,55.14,88.46,96.84,89.84,57.08,11423,6793,254,1165
210610,LORETO,21,0.582,0.495,0.516,0.771,198.73,0.54,49.97,64.23,22.29,10.11,96.68,3.32,47.45,70.6,73.95,80.22,61.68,11390,6360,234,1216
210620,LUÍS DOMINGUES,21,0.588,0.512,0.541,0.734,232.06,0.6,53.38,66.11,19.44,9.13,98.09,1.91,47.61,80.59,97.7,0.0,54.59,6510,5503,131,654
210630,MAGALHÃES DE ALMEIDA,21,0.567,0.499,0.502,0.729,181.73,0.59,57.66,68.96,30.45,9.19,97.11,2.89,49.62,87.66,99.14,66.62,56.94,17587,8963,337,1836
210632,MARACAÇUMÉ,21,0.582,0.501,0.546,0.719,239.38,0.47,41.05,53.2,25.47,9.26,98.3,1.7,44.07,85.92,99.02,59.96,58.0,19155,15829,455,2283
210635,MARAJÁ DO SENA,21,0.452,0.299,0.4,0.774,96.25,0.62,78.23,84.66,39.98,6.62,91.26,8.74,75.69,58.67,57.49,84.78,41.36,8051,1158,227,1099
210637,MARANHÃOZINHO,21,0.55,0.465,0.497,0.719,176.36,0.51,54.95,66.97,27.58,8.5,89.93,10.07,53.12,88.43,96.1,73.54,52.59,14065,9020,258,1432
210640,MATA ROMA,21,0.57,0.494,0.483,0.776,161.49,0.57,58.31,72.32,28.48,9.4,96.35,3.65,49.09,81.51,96.38,29.61,55.33,15150,7132,377,1785
210650,MATINHA,21,0.619,0.56,0.579,0.731,294.51,0.64,47.31,59.93,18.79,9.65,96.83,3.17,38.29,80.61,99.22,73.11,61.46,21885,8883,427,2231
210660,MATÕES,21,0.55,0.434,0.519,0.739,202.66,0.56,54.04,69.76,35.77,8.9,97.48,2.52,64.11,81.57,95.55,38.98,51.8,31015,13635,676,3655
210663,MATÕES DO NORTE,21,0.533,0.436,0.452,0.768,133.33,0.57,66.06,72.05,34.03,8.14,94.89,5.11,49.83,57.89,85.59,76.94,46.93,13794,4679,315,1742
210667,MILAGRES DO MARANHÃO,21,0.527,0.413,0.465,0.764,144.42,0.54,64.26,76.91,35.38,8.51,97.49,2.51,66.51,76.32,92.48,35.22,52.98,8118,1760,210,1084
210670,MIRADOR,21,0.545,0.451,0.485,0.74,163.97,0.64,64.64,78.35,29.53,8.47,96.12,3.88,57.48,56.16,79.89,54.57,55.74,20452,9373,454,2413
210675,MIRANDA DO NORTE,21,0.61,0.55,0.55,0.751,245.25,0.47,38.61,52.54,21.08,8.48,93.84,6.16,36.77,81.35,99.6,78.53,55.08,24427,19519,441,2408
210680,MIRINZAL,21,0.622,0.582,0.546,0.756,239.0,0.51,43.11,55.36,16.7,10.8,97.61,2.39,36.67,86.55,98.51,45.73,71.49,14218,9031,311,1632
210690,MONÇÃO,21,0.546,0.464,0.499,0.704,178.1,0.52,55.01,65.34,27.56,8.76,97.21,2.79,51.83,81.12,95.88,20.69,52.9,31738,11759,760,3989
210700,MONTES ALTOS,21,0.575,0.486,0.534,0.732,221.57,0.56,47.9,60.95,19.77,8.64,97.65,2.35,44.1,87.35,87.07,81.06,49.28,9413,5126,210,1089
210710,MORROS,21,0.548,0.48,0.485,0.706,164.07,0.58,62.65,76.44,29.78,8.17,96.18,3.82,54.03,56.42,80.81,70.51,42.59,17783,6720,419,2266
210720,NINA RODRIGUES,21,0.585,0.547,0.474,0.774,152.75,0.62,66.3,76.67,28.43,8.98,95.55,4.45,38.69,65.24,95.58,51.75,59.04,12464,4439,343,1699
210725,NOVA COLINAS,21,0.566,0.481,0.502,0.749,181.59,0.54,53.7,66.86,22.53,8.53,96.77,3.23,52.97,75.08,84.95,91.01,47.35,4885,2210,132,596
210730,NOVA IORQUE,21,0.584,0.489,0.558,0.729,257.61,0.53,41.97,59.04,30.8,10.08,97.41,2.59,47.6,63.79,86.94,88.12,65.69,4590,2876,69,461
210735,NOVA OLINDA DO MARANHÃO,21,0.581,0.484,0.536,0.755,225.16,0.47,43.72,56.32,27.87,9.59,98.12,1.88,44.83,88.15,97.94,90.76,58.71,19134,11862,396,2185
210740,OLHO D'ÁGUA DAS CUNHÃS,21,0.589,0.491,0.551,0.754,247.36,0.53,43.49,56.12,34.43,9.27,95.66,4.34,51.03,82.66,97.84,87.13,57.32,18601,9592,342,1883
210745,OLINDA NOVA DO MARANHÃO,21,0.575,0.531,0.495,0.724,173.63,0.6,60.42,69.38,25.88,9.61,98.07,1.93,39.78,85.15,98.3,49.41,58.31,13181,5981,302,1513
210750,PAÇO DO LUMIAR,21,0.724,0.739,0.646,0.796,444.5,0.49,19.04,28.88,5.76,9.84,95.97,4.03,14.57,73.65,99.76,73.82,67.64,105121,78811,1689,9548
210760,PALMEIRÂNDIA,21,0.556,0.492,0.488,0.715,167.06,0.57,60.2,70.92,26.15,9.49,97.0,3.0,51.88,86.76,96.49,29.77,59.14,18764,3459,381,1940
210770,PARAIBANO,21,0.58,0.473,0.572,0.723,281.23,0.54,41.77,53.65,30.64,9.2,95.96,4.04,49.6,73.94,96.52,86.72,59.07,20103,15746,357,1968
210780,PARNARAMA,21,0.542,0.416,0.504,0.758,183.8,0.55,54.7,69.81,35.89,8.34,97.06,2.94,65.91,85.61,94.63,64.06,51.04,34586,13530,756,4078
210790,PASSAGEM FRANCA,21,0.532,0.401,0.525,0.717,210.4,0.55,50.54,64.28,35.41,8.15,97.04,2.96,67.86,83.54,96.43,68.77,47.61,17562,10464,370,1891
210800,PASTOS BONS,21,0.61,0.559,0.54,0.753,230.94,0.55,47.87,58.44,24.41,10.14,97.41,2.59,32.92,89.25,95.55,69.88,74.86,18067,12307,362,1882
210805,PAULINO NEVES,21,0.561,0.511,0.481,0.72,159.46,0.62,63.86,77.51,30.06,10.11,97.85,2.15,48.17,78.71,73.0,64.11,66.03,14519,4654,354,1853
210810,PAULO RAMOS,21,0.549,0.447,0.546,0.677,239.23,0.58,49.3,61.01,36.33,9.12,97.81,2.19,57.07,80.85,93.72,88.04,56.44,20079,10825,442,2350
210820,PEDREIRAS,21,0.682,0.621,0.644,0.792,441.42,0.59,28.4,41.58,19.23,10.04,97.45,2.55,32.4,89.43,99.7,95.18,66.54,39448,32937,689,3470
210825,PEDRO DO ROSÁRIO,21,0.516,0.415,0.475,0.696,154.0,0.58,64.9,74.69,28.65,8.36,98.07,1.93,58.65,77.99,94.06,54.91,50.99,22732,5890,613,2958
210830,PENALVA,21,0.554,0.472,0.519,0.693,201.99,0.51,48.09,57.38,20.8,8.56,97.76,2.24,49.63,73.89,93.73,59.5,49.9,34267,16593,806,4207
210840,PERI MIRIM,21,0.599,0.572,0.506,0.744,186.95,0.53,51.21,62.69,22.49,10.26,97.21,2.79,42.67,78.07,96.61,55.2,66.77,13803,3668,222,1238
210845,PERITORÓ,21,0.564,0.464,0.499,0.774,178.51,0.6,61.02,74.14,36.67,9.24,95.49,4.51,57.5,73.65,97.08,45.85,59.56,21201,7752,490,2458
210850,PINDARÉ-MIRIM,21,0.633,0.592,0.568,0.755,274.84,0.51,42.06,55.69,20.06,9.83,98.03,1.97,30.58,85.58,99.14,71.36,64.8,31152,22417,680,3415
210860,PINHEIRO,21,0.637,0.579,0.579,0.771,292.88,0.51,36.43,47.96,17.8,9.67,96.61,3.39,37.67,81.09,98.36,87.88,65.65,78162,46487,1486,7851
210870,PIO XII,21,0.541,0.408,0.535,0.727,223.37,0.53,47.24,59.67,31.5,7.93,94.8,5.2,60.23,84.78,98.16,77.01,44.8,22016,12459,500,2467
210880,PIRAPEMAS,21,0.576,0.514,0.501,0.741,181.05,0.6,59.87,70.94,30.09,9.97,93.75,6.25,46.63,75.56,90.71,47.29,72.47,17381,11146,408,2034
210890,POÇÃO DE PEDRAS,21,0.576,0.481,0.543,0.732,234.72,0.54,46.16,61.6,31.61,9.97,97.52,2.48,52.55,80.43,97.19,90.06,64.89,19708,8378,377,1960
210900,PORTO FRANCO,21,0.684,0.606,0.664,0.796,497.56,0.57,23.3,34.08,15.4,9.46,97.68,2.32,34.54,91.59,96.29,95.3,64.87,21530,16866,378,2167
210905,PORTO RICO DO MARANHÃO,21,0.615,0.561,0.538,0.772,227.87,0.52,49.64,61.79,15.45,10.29,99.21,0.79,29.39,93.08,99.03,88.83,71.43,6030,2411,125,642
210910,PRESIDENTE DUTRA,21,0.653,0.563,0.628,0.788,398.15,0.56,28.8,42.09,21.59,9.53,96.42,3.58,41.59,87.27,99.54,86.71,62.42,44731,32000,789,4178
210920,PRESIDENTE JUSCELINO,21,0.563,0.532,0.452,0.743,133.03,0.61,68.31,79.54,28.34,8.53,98.33,1.67,41.27,44.07,93.06,53.84,51.46,11541,4120,292,1504
210923,PRESIDENTE MÉDICI,21,0.591,0.522,0.518,0.762,201.15,0.52,50.95,63.16,25.72,9.44,95.77,4.23,40.86,93.48,98.09,93.35,60.34,6374,3904,130,732
210927,PRESIDENTE SARNEY,21,0.557,0.472,0.486,0.752,164.13,0.51,55.46,65.77,30.36,9.5,97.53,2.47,52.76,85.73,95.93,40.74,58.37,17165,4288,420,2195
210930,PRESIDENTE VARGAS,21,0.587,0.56,0.47,0.768,149.19,0.61,63.81,77.24,28.75,10.14,94.73,5.27,41.02,51.25,85.82,42.61,68.55,10717,4581,247,1321
210940,PRIMEIRA CRUZ,21,0.512,0.414,0.448,0.722,129.85,0.6,71.42,84.64,26.12,8.69,95.76,4.24,62.63,71.42,78.93,36.03,50.92,13954,4289,370,1862
210945,RAPOSA,21,0.626,0.587,0.568,0.735,274.0,0.48,33.44,45.27,15.27,9.67,96.61,3.39,35.06,85.27,99.48,64.37,64.41,26327,16675,542,2961
210950,RIACHÃO,21,0.576,0.442,0.572,0.757,281.53,0.6,46.22,59.16,20.09,9.4,95.56,4.44,54.78,81.83,78.76,94.33,61.32,20209,10205,429,2267
210955,RIBAMAR FIQUENE,21,0.615,0.527,0.592,0.744,317.75,0.57,36.86,46.84,21.84,8.62,97.2,2.8,39.14,89.98,98.03,88.7,57.21,7318,3677,180,840
210960,ROSÁRIO,21,0.632,0.592,0.566,0.752,271.65,0.51,39.7,50.81,18.1,9.84,96.33,3.67,39.12,79.81,96.94,86.72,67.83,39576,23252,824,4162
210970,SAMBAÍBA,21,0.565,0.456,0.542,0.728,233.92,0.55,49.23,66.37,22.05,9.24,96.35,3.65,46.89,68.52,79.57,41.43,58.74,5487,2836,103,594
210975,SANTA FILOMENA DO MARANHÃO,21,0.525,0.435,0.461,0.722,140.76,0.58,66.16,79.04,31.5,9.56,98.97,1.03,60.16,95.15,96.78,54.75,56.4,7061,2293,144,800
210980,SANTA HELENA,21,0.571,0.471,0.531,0.746,217.94,0.5,46.24,59.53,22.82,8.53,92.59,7.41,50.58,71.58,93.87,93.31,55.16,39110,19578,821,4497
210990,SANTA INÊS,21,0.674,0.615,0.633,0.788,411.04,0.53,24.38,36.29,17.59,10.18,97.15,2.85,33.15,96.72,99.7,90.59,71.28,77282,73197,1497,7971
211000,SANTA LUZIA,21,0.55,0.452,0.525,0.7,210.3,0.58,51.91,64.19,33.3,9.55,94.97,5.03,57.78,78.21,92.73,81.1,61.63,74043,25789,1818,9285
211003,SANTA LUZIA DO PARUÁ,21,0.599,0.51,0.583,0.723,301.39,0.52,36.28,46.69,23.86,9.14,97.25,2.75,41.08,94.73,97.29,81.33,57.05,22644,12591,506,2513
211010,SANTA QUITÉRIA DO MARANHÃO,21,0.555,0.458,0.49,0.76,168.77,0.51,57.13,71.97,32.83,8.34,95.6,4.4,54.7,74.43,94.46,47.59,49.9,29191,14141,711,3739
211020,SANTA RITA,21,0.609,0.551,0.553,0.743,249.26,0.53,44.19,57.02,22.12,9.54,97.46,2.54,39.68,77.57,97.57,67.59,61.41,32366,14915,647,3297
211023,SANTANA DO MARANHÃO,21,0.51,0.394,0.445,0.758,127.77,0.57,70.94,81.58,34.33,8.03,95.75,4.25,59.08,88.71,96.75,66.42,47.3,11661,1842,270,1427
211027,SANTO AMARO DO MARANHÃO,21,0.518,0.416,0.454,0.738,135.04,0.62,69.53,79.58,24.54,7.95,94.07,5.93,54.28,80.52,88.57,42.58,47.95,13820,3630,347,1859
211030,SANTO ANTÔNIO DOS LOPES,21,0.566,0.465,0.547,0.714,240.2,0.57,47.84,61.56,30.57,8.51,98.2,1.8,49.74,80.82,96.24,94.55,53.9,14288,5732,279,1506
211040,SÃO BENEDITO DO RIO PRETO,21,0.541,0.452,0.468,0.749,147.34,0.62,66.57,80.24,31.01,8.91,95.73,4.27,58.46,76.86,92.07,3.05,51.61,17799,11049,437,2329
211050,SÃO BENTO,21,0.602,0.545,0.525,0.762,210.47,0.55,52.46,62.14,19.71,9.04,95.67,4.33,36.76,81.08,95.19,64.43,59.58,40736,23508,679,3789
211060,SÃO BERNARDO,21,0.572,0.479,0.514,0.762,196.57,0.59,55.34,69.06,29.24,8.96,94.94,5.06,50.61,54.07,98.82,66.73,57.94,26476,11800,605,2982
211065,SÃO DOMINGOS DO AZEITÃO,21,0.59,0.486,0.576,0.732,288.68,0.69,52.93,65.86,29.99,6.97,96.9,3.1,54.54,87.55,97.11,71.24,45.41,6983,4961,173,832
211070,SÃO DOMINGOS DO MARANHÃO,21,0.582,0.504,0.549,0.713,243.74,0.6,49.91,64.48,27.83,9.6,97.82,2.18,53.54,91.46,98.12,81.06,60.11,33607,17313,675,3698
211080,SÃO FÉLIX DE BALSAS,21,0.557,0.43,0.517,0.778,199.47,0.57,55.13,72.72,29.59,8.25,95.88,4.12,53.39,24.59,78.48,39.84,47.2,4702,1628,67,441
211085,SÃO FRANCISCO DO BREJÃO,21,0.584,0.479,0.556,0.748,253.78,0.51,39.42,50.22,26.65,9.12,96.13,3.87,44.98,83.26,99.56,95.19,60.34,10261,4836,239,1252
211090,SÃO FRANCISCO DO MARANHÃO,21,0.528,0.4,0.503,0.733,182.63,0.57,54.8,68.83,36.08,8.61,94.85,5.15,64.87,58.05,80.06,69.24,48.96,12146,4104,223,1272
211100,SÃO JOÃO BATISTA,21,0.598,0.577,0.493,0.752,171.53,0.63,61.22,72.63,22.03,9.76,96.94,3.06,35.53,65.75,97.7,40.33,65.64,19920,5344,348,2050
211102,SÃO JOÃO DO CARÚ,21,0.509,0.397,0.487,0.684,165.38,0.53,56.58,67.63,34.87,7.91,96.99,3.01,59.99,81.87,88.35,73.45,45.51,12309,6323,343,1739
211105,SÃO JOÃO DO PARAÍSO,21,0.609,0.542,0.554,0.753,251.04,0.53,43.8,58.51,21.15,9.37,98.02,1.98,40.75,81.11,76.05,78.0,58.36,10814,5276,231,1139
211107,SÃO JOÃO DO SOTER,21,0.517,0.401,0.486,0.711,165.1,0.52,59.16,73.44,39.71,8.72,97.26,2.74,61.41,82.77,93.19,31.41,57.36,17238,6646,417,2219
211110,SÃO JOÃO DOS PATOS,21,0.615,0.522,0.613,0.726,362.47,0.56,32.44,46.66,24.13,8.79,97.81,2.19,42.99,93.14,98.96,74.39,55.35,24928,20567,421,2208
211120,SÃO JOSÉ DE RIBAMAR,21,0.708,0.7,0.642,0.79,435.4,0.51,20.24,30.54,6.7,10.21,97.1,2.9,19.4,74.61,99.93,79.2,70.01,163045,37709,2803,14932
211125,SÃO JOSÉ DOS BASÍLIOS,21,0.557,0.48,0.501,0.719,180.77,0.55,54.45,66.96,32.47,9.21,97.64,2.36,41.74,90.1,97.93,62.9,60.61,7496,3006,174,809
211130,SÃO LUÍS,21,0.768,0.752,0.741,0.813,805.36,0.61,13.81,22.33,4.65,9.84,96.77,3.23,14.07,83.18,99.89,92.95,68.34,1014837,958522,14690,79519
211140,SÃO LUÍS GONZAGA DO MARANHÃO,21,0.54,0.438,0.503,0.716,182.83,0.55,55.21,68.14,35.51,8.56,94.35,5.65,55.89,80.72,96.15,73.94,54.27,20153,7896,453,2276
211150,SÃO MATEUS DO MARANHÃO,21,0.616,0.515,0.627,0.723,396.29,0.68,42.03,55.37,31.39,9.58,95.26,4.74,50.35,82.21,95.71,81.18,66.94,39093,28712,785,4143
211153,SÃO PEDRO DA ÁGUA BRANCA,21,0.605,0.523,0.577,0.735,289.7,0.53,39.05,53.35,28.44,10.48,96.27,3.73,47.99,91.9,97.5,78.11,70.0,12028,10712,254,1331
211157,SÃO PEDRO DOS CRENTES,21,0.6,0.524,0.558,0.738,257.76,0.51,40.81,55.97,19.1,9.85,97.01,2.99,47.74,84.25,86.8,93.89,63.48,4425,2437,84,491
211160,SÃO RAIMUNDO DAS MANGABEIRAS,21,0.61,0.521,0.583,0.749,301.25,0.55,38.95,53.2,20.24,9.38,98.22,1.78,44.4,76.97,91.2,94.34,55.65,17474,12533,325,1848
211163,SÃO RAIMUNDO DO DOCA BEZERRA,21,0.516,0.41,0.478,0.7,156.4,0.54,58.8,70.14,38.05,8.39,97.83,2.17,63.35,77.94,91.67,92.91,51.33,6090,1731,141,709
211167,SÃO ROBERTO,21,0.516,0.391,0.475,0.738,153.65,0.54,63.71,72.66,34.74,8.81,96.42,3.58,61.81,71.12,91.01,97.39,48.37,5957,2845,116,626
211170,SÃO VICENTE FERRER,21,0.592,0.541,0.504,0.762,184.71,0.62,57.66,68.14,26.28,8.82,97.3,2.7,37.53,68.64,98.62,42.19,56.07,20863,5431,394,2182
211172,SATUBINHA,21,0.493,0.369,0.45,0.72,131.73,0.58,69.89,78.74,30.35,7.71,88.41,11.59,63.77,91.43,92.65,40.35,50.43,11990,3634,292,1604
211174,SENADOR ALEXANDRE COSTA,21,0.538,0.435,0.52,0.689,203.17,0.51,47.2,59.0,34.08,7.99,95.3,4.7,58.57,69.62,97.77,43.88,43.46,10256,6164,236,1144
211176,SENADOR LA ROCQUE,21,0.602,0.515,0.57,0.743,277.19,0.53,40.06,52.82,29.58,9.03,98.83,1.17,40.75,94.7,99.3,79.51,56.26,17998,8739,431,2090
211178,SERRANO DO MARANHÃO,21,0.519,0.433,0.44,0.735,123.44,0.59,71.98,81.71,32.56,8.89,95.62,4.38,51.08,76.9,86.66,0.0,56.42,10940,4227,271,1382
211180,SÍTIO NOVO,21,0.564,0.456,0.509,0.774,190.06,0.59,58.69,70.23,20.95,7.92,95.06,4.94,48.78,81.75,75.74,90.67,51.36,17002,5139,357,1838
211190,SUCUPIRA DO NORTE,21,0.579,0.505,0.526,0.731,210.88,0.59,56.71,69.46,25.86,9.46,97.01,2.99,43.85,77.04,89.93,35.69,63.97,10444,4944,233,1107
211195,SUCUPIRA DO RIACHÃO,21,0.568,0.447,0.538,0.761,226.96,0.51,44.48,60.45,32.99,9.29,96.45,3.55,54.11,91.67,95.01,0.35,59.99,4613,2862,92,465
211200,TASSO FRAGOSO,21,0.599,0.491,0.562,0.777,264.76,0.58,43.65,55.71,17.8,9.53,96.76,3.24,49.08,87.14,77.58,96.59,68.53,7796,4648,193,911
211210,TIMBIRAS,21,0.537,0.427,0.498,0.73,177.46,0.62,62.89,76.08,37.82,8.57,92.36,7.64,58.61,77.92,88.15,54.49,56.54,27997,17471,623,3220
211220,TIMON,21,0.649,0.579,0.614,0.768,365.26,0.5,25.6,39.19,17.26,9.46,96.88,3.12,37.2,89.47,98.66,77.55,60.82,155460,135133,2982,15685
211223,TRIZIDELA DO VALE,21,0.606,0.534,0.565,0.738,269.74,0.46,33.33,44.46,24.81,9.69,96.65,3.35,42.78,92.02,98.36,93.76,66.18,18953,16170,337,1827
211227,TUFILÂNDIA,21,0.555,0.481,0.502,0.709,181.75,0.48,50.52,61.26,34.12,9.47,99.4,0.6,47.52,95.92,96.82,26.09,63.81,5596,2732,148,790
211230,TUNTUM,21,0.572,0.483,0.534,0.726,221.27,0.57,51.89,65.91,29.84,9.06,96.23,3.77,51.58,87.83,96.35,83.67,62.45,39183,17927,865,4326
211240,TURIAÇU,21,0.561,0.461,0.493,0.776,171.5,0.59,59.12,71.77,24.84,8.65,96.68,3.32,54.6,49.79,93.26,58.27,49.65,33933,10931,855,4299
211245,TURILÂNDIA,21,0.536,0.402,0.495,0.774,174.09,0.52,57.75,67.58,30.36,7.09,93.88,6.12,54.69,82.15,92.85,76.15,43.2,22846,10353,555,2877
211250,TUTÓIA,21,0.561,0.451,0.543,0.722,235.35,0.56,48.27,61.25,28.94,9.02,96.56,3.44,52.76,76.29,95.48,55.88,53.5,52788,18680,1186,6306
211260,URBANO SANTOS,21,0.588,0.522,0.506,0.77,186.07,0.6,58.13,69.32,30.0,9.71,95.7,4.3,43.29,74.37,96.31,25.73,65.97,24573,17374,543,2996
211270,VARGEM GRANDE,21,0.542,0.425,0.487,0.768,165.37,0.59,63.72,75.52,32.02,7.77,88.86,11.14,59.34,63.03,87.21,48.83,51.01,49412,26687,1076,6070
211280,VIANA,21,0.618,0.548,0.567,0.758,272.76,0.57,44.43,57.09,17.79,8.92,97.52,2.48,38.46,76.32,98.33,78.78,56.22,49496,26915,1116,5576
211285,VILA NOVA DOS MARTÍRIOS,21,0.581,0.491,0.555,0.718,252.89,0.45,36.31,47.77,28.17,8.33,93.03,6.97,45.81,88.38,94.98,79.58,53.17,11258,6188,258,1415
211290,VITÓRIA DO MEARIM,21,0.596,0.534,0.54,0.733,230.76,0.56,48.81,62.48,25.05,10.22,98.26,1.74,45.91,86.51,97.12,86.69,64.66,31217,14811,647,3567
211300,VITORINO FREIRE,21,0.57,0.477,0.563,0.688,265.69,0.57,44.92,58.02,32.75,9.57,97.3,2.7,55.13,83.11,98.23,83.31,60.34,31658,16176,627,3452
211400,ZÉ DOCA,21,0.595,0.505,0.559,0.745,259.21,0.52,41.2,53.23,24.21,9.59,95.33,4.67,42.92,89.28,95.44,89.38,58.87,50173,30864,1076,5680
220005,ACAUÃ,22,0.528,0.411,0.517,0.692,199.35,0.5,49.62,66.44,30.41,9.0,97.53,2.47,64.96,25.57,98.99,99.22,59.42,6749,901,119,671
220010,AGRICOLÂNDIA,22,0.599,0.526,0.55,0.742,245.68,0.49,41.1,58.55,27.47,9.98,97.53,2.47,40.86,97.2,99.73,45.75,58.91,5098,3602,80,431
220020,ÁGUA BRANCA,22,0.639,0.569,0.6,0.763,335.63,0.49,30.26,45.36,24.14,9.67,98.58,1.42,37.25,92.8,99.01,95.03,59.9,16451,14539,270,1620
220025,ALAGOINHA DO PIAUÍ,22,0.531,0.391,0.535,0.716,222.87,0.51,48.56,66.48,44.4,7.0,93.62,6.38,61.95,47.65,86.1,97.24,41.43,7341,2669,109,556
220027,ALEGRETE DO PIAUÍ,22,0.585,0.475,0.564,0.749,268.12,0.5,39.16,54.08,35.26,8.69,96.71,3.29,47.23,89.99,98.34,97.43,52.31,5153,2837,88,465
220030,ALTO LONGÁ,22,0.585,0.47,0.567,0.751,272.28,0.58,43.49,61.34,32.83,8.22,97.94,2.06,56.68,90.24,83.34,83.98,43.04,13646,6714,190,1115
220040,ALTOS,22,0.614,0.512,0.59,0.767,314.48,0.55,36.67,50.78,26.04,9.35,97.59,2.41,46.42,84.33,98.23,59.4,55.37,38822,27388,646,3368
220045,ALVORADA DO GURGUÉIA,22,0.578,0.496,0.52,0.749,203.23,0.6,56.77,68.72,25.8,9.14,97.37,2.63,48.61,88.17,93.82,66.82,53.94,5050,1849,115,588
220050,AMARANTE,22,0.598,0.497,0.574,0.75,284.71,0.53,38.76,55.73,27.95,9.08,97.25,2.75,45.08,73.71,96.91,73.89,54.64,17135,8772,239,1484
220060,ANGICAL DO PIAUÍ,22,0.63,0.555,0.61,0.737,356.17,0.6,35.52,50.07,24.89,9.81,96.95,3.05,37.51,96.0,99.01,76.19,60.23,6672,5214,92,568
220070,ANÍSIO DE ABREU,22,0.594,0.512,0.534,0.768,221.91,0.52,48.41,67.15,29.18,9.11,98.26,1.74,46.71,57.9,94.66,71.72,59.47,9098,4503,180,879
220080,ANTÔNIO ALMEIDA,22,0.62,0.527,0.579,0.781,293.53,0.51,33.76,42.82,24.8,10.34,99.67,0.33,32.04,90.89,86.56,88.57,62.56,3039,2224,63,269
220090,AROAZES,22,0.583,0.468,0.563,0.752,265.91,0.52,43.99,55.88,30.77,8.9,98.85,1.15,44.34,78.14,99.07,77.86,49.33,5779,3430,87,500
220095,AROEIRAS DO ITAIM,22,0.519,0.378,0.502,0.738,182.29,0.48,45.57,67.43,36.64,6.87,94.1,5.9,69.38,55.75,89.45,96.95,25.92,2440,238,33,180
220100,ARRAIAL,22,0.56,0.449,0.514,0.761,195.46,0.55,52.58,67.18,31.52,8.49,97.64,2.36,50.86,75.68,91.89,97.77,44.48,4688,2433,82,487
220105,ASSUNÇÃO DO PIAUÍ,22,0.499,0.382,0.462,0.706,141.79,0.57,63.17,79.87,39.32,8.31,97.87,2.13,67.52,78.55,96.86,63.65,47.56,7503,3378,205,880
220110,AVELINO LOPES,22,0.554,0.442,0.532,0.722,218.97,0.56,50.65,65.19,23.12,8.75,97.19,2.81,61.96,70.09,69.16,88.67,45.88,11067,6714,200,1107
220115,BAIXA GRANDE DO RIBEIRO,22,0.564,0.446,0.537,0.751,225.94,0.56,47.37,56.98,20.62,7.88,96.33,3.67,50.94,89.17,78.98,93.3,46.99,10516,6487,237,1268
220117,BARRA D'ALCÂNTARA,22,0.577,0.471,0.526,0.777,211.18,0.51,47.56,65.52,31.12,9.25,96.06,3.94,46.7,95.16,99.13,94.07,57.04,3852,2032,65,369
220120,BARRAS,22,0.595,0.485,0.558,0.779,257.99,0.51,38.78,52.46,32.16,8.56,97.55,2.45,50.57,77.46,96.86,79.47,51.86,44850,22126,769,4369
220130,BARREIRAS DO PIAUÍ,22,0.557,0.423,0.56,0.73,260.79,0.53,42.95,61.68,20.38,7.56,98.5,1.5,48.45,86.06,70.96,48.29,38.44,3234,1875,65,351
220140,BARRO DURO,22,0.612,0.514,0.611,0.729,359.06,0.51,29.64,45.37,27.69,9.66,96.87,3.13,47.08,82.24,98.51,79.97,62.91,6607,4789,98,634
220150,BATALHA,22,0.545,0.398,0.54,0.755,230.66,0.54,46.11,61.04,35.73,8.6,99.23,0.77,65.69,84.77,91.3,75.37,47.97,25774,9607,500,2594
220155,BELA VISTA DO PIAUÍ,22,0.576,0.519,0.52,0.709,203.61,0.59,53.46,66.01,22.61,10.21,97.66,2.34,47.49,90.71,74.44,98.99,64.66,3778,1243,66,380
220157,BELÉM DO PIAUÍ,22,0.551,0.448,0.537,0.696,226.26,0.53,43.41,54.78,36.69,9.39,97.05,2.95,54.84,54.23,84.6,88.64,60.09,3284,1603,59,287
220160,BENEDITINOS,22,0.557,0.394,0.561,0.78,263.09,0.55,46.15,62.43,32.71,8.3,97.26,2.74,66.05,86.96,84.43,84.58,45.99,9911,6261,160,889
220170,BERTOLÍNIA,22,0.612,0.507,0.596,0.758,325.94,0.53,32.82,46.85,24.93,10.09,97.65,2.35,39.15,85.87,92.84,24.91,58.89,5319,3894,102,499
220173,BETÂNIA DO PIAUÍ,22,0.489,0.342,0.486,0.702,164.69,0.54,62.59,76.5,38.63,9.15,96.98,3.02,65.73,6.33,79.14,92.42,55.87,6015,1678,121,695
220177,BOA HORA,22,0.575,0.46,0.534,0.772,221.27,0.51,48.93,61.49,37.91,9.21,99.01,0.99,50.77,85.59,89.1,29.51,51.56,6296,1524,132,651
220180,BOCAINA,22,0.632,0.532,0.614,0.773,366.07,0.58,34.28,54.97,22.86,10.07,97.36,2.64,47.77,95.81,97.68,96.69,69.13,4369,1746,52,326
220190,BOM JESUS,22,0.668,0.562,0.665,0.799,501.14,0.62,31.29,44.83,18.17,8.7,97.91,2.09,39.8,92.48,95.43,87.84,55.53,22629,17623,463,2263
220191,BOM PRINCÍPIO DO PIAUÍ,22,0.532,0.372,0.526,0.77,211.44,0.57,56.16,71.4,34.36,7.89,97.75,2.25,64.33,83.9,92.22,72.43,44.43,5304,1654,94,557
220192,BONFIM DO PIAUÍ,22,0.542,0.415,0.542,0.707,233.05,0.45,40.59,55.55,33.23,8.95,97.54,2.46,60.44,17.79,60.29,80.31,49.84,5393,1635,82,499
220194,BOQUEIRÃO DO PIAUÍ,22,0.56,0.434,0.555,0.729,253.4,0.5,40.01,54.77,32.8,9.55,98.82,1.18,58.69,88.09,96.98,65.32,55.6,6193,2666,101,578
220196,BRASILEIRA,22,0.577,0.446,0.572,0.752,281.71,0.48,33.7,46.27,36.63,9.16,96.66,3.34,59.49,82.59,89.51,91.91,60.64,7966,3483,125,721
220198,BREJO DO PIAUÍ,22,0.515,0.354,0.531,0.725,218.15,0.52,49.09,59.36,38.08,8.21,98.0,2.0,66.71,59.2,75.29,96.3,44.9,3850,1426,75,380
220200,BURITI DOS LOPES,22,0.565,0.452,0.544,0.735,236.13,0.54,48.71,64.09,29.63,8.84,97.47,2.53,54.17,78.48,93.53,71.92,52.45,19074,10294,328,1835
220202,BURITI DOS MONTES,22,0.574,0.46,0.527,0.78,212.72,0.57,54.09,68.7,32.29,8.78,98.29,1.71,52.67,83.66,84.5,93.47,52.44,7974,2421,130,809
220205,CABECEIRAS DO PIAUÍ,22,0.583,0.476,0.54,0.769,229.86,0.53,46.24,58.32,33.63,10.01,98.31,1.69,47.61,83.88,94.64,82.77,63.98,9928,1657,185,924
220207,CAJAZEIRAS DO PIAUÍ,22,0.562,0.449,0.525,0.752,210.45,0.49,45.69,56.11,30.61,8.14,99.12,0.88,46.57,85.59,86.93,98.32,48.13,3343,1112,64,324
220208,CAJUEIRO DA PRAIA,22,0.546,0.4,0.551,0.739,246.88,0.63,53.52,67.74,32.67,8.89,95.03,4.97,60.82,62.23,93.11,54.65,52.07,7163,2699,133,689
220209,CALDEIRÃO GRANDE DO PIAUÍ,22,0.588,0.486,0.561,0.744,262.36,0.53,45.56,62.23,34.75,10.57,98.08,1.92,59.69,7.01,85.78,90.19,76.88,5671,1662,95,585
220210,CAMPINAS DO PIAUÍ,22,0.544,0.397,0.524,0.776,209.0,0.55,52.21,68.32,27.68,7.99,97.8,2.2,55.49,51.37,88.6,99.73,43.27,5408,1807,99,506
220211,CAMPO ALEGRE DO FIDALGO,22,0.537,0.385,0.528,0.762,213.61,0.65,60.3,75.95,32.83,8.49,97.47,2.53,63.16,34.66,66.34,92.99,40.11,4693,1224,69,483
220213,CAMPO GRANDE DO PIAUÍ,22,0.56,0.446,0.545,0.721,237.66,0.48,42.89,57.28,36.39,9.11,98.5,1.5,61.76,43.53,98.81,98.63,56.68,5592,1569,80,509
220217,CAMPO LARGO DO PIAUÍ,22,0.528,0.401,0.479,0.766,158.02,0.54,61.88,77.91,38.09,7.94,97.15,2.85,60.5,73.69,96.06,62.28,47.22,6803,1430,174,773
220220,CAMPO MAIOR,22,0.656,0.566,0.629,0.793,401.74,0.53,26.73,40.91,22.12,9.69,98.31,1.69,39.94,91.53,97.91,93.26,58.33,45177,33521,607,3543
220225,CANAVIEIRA,22,0.583,0.485,0.525,0.778,209.47,0.51,46.03,62.03,26.93,9.52,99.54,0.46,60.77,78.7,92.77,49.47,55.78,3921,1738,69,399
220230,CANTO DO BURITI,22,0.576,0.462,0.571,0.724,279.71,0.52,39.77,53.73,29.69,8.14,96.61,3.39,56.63,66.95,91.01,92.02,47.11,20020,11130,357,1958
220240,CAPITÃO DE CAMPOS,22,0.583,0.465,0.552,0.773,248.79,0.51,41.95,58.17,31.42,8.94,98.64,1.36,61.57,76.15,96.47,52.8,51.71,10953,6347,173,1101
220245,CAPITÃO GERVÁSIO OLIVEIRA,22,0.553,0.464,0.503,0.725,182.53,0.56,54.85,68.58,31.92,8.6,98.65,1.35,50.81,47.03,45.36,97.21,55.46,3878,1162,81,400
220250,CARACOL,22,0.552,0.409,0.533,0.771,221.08,0.62,53.68,68.64,35.34,7.4,96.61,3.39,64.02,39.3,97.09,70.9,38.79,10212,4028,213,997
220253,CARAÚBAS DO PIAUÍ,22,0.505,0.347,0.48,0.775,158.13,0.58,62.44,76.16,43.83,6.86,93.89,6.11,72.28,66.48,73.51,94.68,33.8,5525,972,115,583
220255,CARIDADE DO PIAUÍ,22,0.541,0.426,0.52,0.715,203.34,0.53,49.1,62.76,32.22,8.55,99.46,0.54,56.79,48.93,75.86,82.54,43.36,4826,1579,86,475
220260,CASTELO DO PIAUÍ,22,0.587,0.473,0.566,0.754,270.82,0.48,37.2,54.86,28.55,8.82,97.99,2.01,58.32,83.27,85.89,92.52,45.94,18336,11479,287,1713
220265,CAXINGÓ,22,0.488,0.329,0.498,0.708,177.35,0.52,56.8,70.99,43.76,7.68,96.85,3.15,72.48,55.96,87.15,96.68,38.84,5039,966,111,573
220270,COCAL,22,0.497,0.334,0.516,0.712,198.58,0.56,55.61,73.12,35.77,7.56,96.23,3.77,75.05,58.27,89.65,78.19,40.96,26036,12020,527,2727
220271,COCAL DE TELHA,22,0.555,0.399,0.55,0.78,245.15,0.51,40.86,52.78,33.4,8.41,98.72,1.28,58.99,87.65,93.65,77.95,44.35,4525,2667,75,443
220272,COCAL DOS ALVES,22,0.498,0.315,0.504,0.779,183.59,0.59,57.95,72.37,36.12,6.25,96.27,3.73,73.83,77.36,92.3,28.91,30.0,5572,1782,107,569
220273,COIVARAS,22,0.565,0.453,0.543,0.732,234.94,0.48,41.27,56.52,31.74,8.56,98.19,1.81,54.69,89.56,87.99,66.83,45.58,3811,1173,51,325
220275,COLÔNIA DO GURGUÉIA,22,0.628,0.55,0.578,0.778,291.37,0.49,33.09,44.61,22.03,10.62,98.82,1.18,36.78,95.39,97.68,52.99,63.6,6036,4850,106,612
220277,COLÔNIA DO PIAUÍ,22,0.588,0.462,0.57,0.772,277.73,0.51,38.35,53.49,34.89,9.09,98.59,1.41,55.82,93.47,95.02,88.26,55.58,7433,2644,118,716
220280,CONCEIÇÃO DO CANINDÉ,22,0.589,0.482,0.559,0.759,258.93,0.53,40.31,52.5,30.16,9.99,96.76,3.24,49.66,63.54,82.28,91.22,64.1,4475,2363,72,421
220285,CORONEL JOSÉ DIAS,22,0.546,0.433,0.518,0.725,200.41,0.57,51.52,64.18,32.45,7.93,96.92,3.08,50.04,34.14,47.88,84.08,49.03,4541,1491,66,404
220290,CORRENTE,22,0.642,0.54,0.62,0.789,378.39,0.6,40.16,55.37,18.82,8.65,97.31,2.69,45.1,78.25,82.36,93.69,50.57,25407,15693,520,2696
220300,CRISTALÂNDIA DO PIAUÍ,22,0.573,0.469,0.521,0.77,204.49,0.61,58.48,70.66,25.81,7.76,96.91,3.09,57.1,80.58,64.71,83.19,50.0,7831,2945,174,823
220310,CRISTINO CASTRO,22,0.566,0.434,0.586,0.713,307.32,0.59,40.6,53.05,24.86,8.45,97.91,2.09,53.15,87.05,90.44,78.36,50.7,9981,7262,182,1019
220320,CURIMATÁ,22,0.607,0.527,0.574,0.741,285.52,0.55,40.77,56.75,18.46,9.22,97.65,2.35,47.45,84.26,85.71,81.73,51.58,10761,7084,199,1126
220323,CURRAIS,22,0.542,0.438,0.49,0.743,168.68,0.51,54.66,70.51,32.73,7.75,98.6,1.4,51.24,78.16,84.7,66.31,41.45,4704,924,93,489
220325,CURRALINHOS,22,0.555,0.438,0.512,0.762,193.65,0.53,54.34,71.44,31.07,7.69,84.68,15.32,56.45,95.83,95.59,46.96,55.85,4183,1331,67,391
220327,CURRAL NOVO DO PIAUÍ,22,0.527,0.422,0.506,0.685,186.24,0.58,58.42,72.08,35.45,8.85,95.65,4.35,58.9,39.76,53.2,95.0,58.19,4869,1379,110,569
220330,DEMERVAL LOBÃO,22,0.618,0.515,0.588,0.781,311.48,0.48,30.16,44.74,25.45,9.25,97.91,2.09,42.48,90.24,97.66,70.94,57.26,13278,10873,214,1182
220335,DIRCEU ARCOVERDE,22,0.561,0.436,0.563,0.718,265.3,0.52,40.47,57.15,28.81,8.45,97.5,2.5,58.49,39.17,50.04,71.08,48.22,6675,2369,109,600
220340,DOM EXPEDITO LOPES,22,0.601,0.488,0.583,0.762,300.31,0.52,34.92,48.72,26.7,9.17,98.49,1.51,49.24,92.3,99.37,93.18,53.9,6569,3572,97,513
220342,DOMINGOS MOURÃO,22,0.55,0.403,0.547,0.755,240.24,0.56,49.67,67.63,31.05,8.07,95.79,4.21,64.11,69.08,63.38,95.26,44.59,4264,958,76,462
220345,DOM INOCÊNCIO,22,0.549,0.439,0.498,0.756,177.27,0.54,54.71,71.88,25.05,9.36,98.39,1.61,56.68,21.51,44.16,95.09,55.84,9245,2018,150,841
220350,ELESBÃO VELOSO,22,0.58,0.45,0.573,0.758,283.38,0.48,33.64,49.79,35.87,8.55,98.87,1.13,54.67,91.88,93.22,93.94,54.01,14512,10124,233,1191
220360,ELISEU MARTINS,22,0.595,0.462,0.616,0.742,370.7,0.57,38.25,51.11,21.43,9.29,98.41,1.59,57.72,90.96,92.77,85.17,52.25,4665,3821,75,410
220370,ESPERANTINA,22,0.605,0.497,0.579,0.769,293.39,0.51,37.61,52.07,29.18,8.91,97.5,2.5,45.35,82.34,92.65,84.41,54.22,37767,23158,653,3489
220375,FARTURA DO PIAUÍ,22,0.548,0.441,0.506,0.738,186.85,0.52,52.85,70.99,33.07,9.35,96.36,3.64,64.65,28.11,64.98,68.15,55.57,5074,1336,95,490
220380,FLORES DO PIAUÍ,22,0.547,0.443,0.525,0.704,210.02,0.57,54.18,70.37,32.22,7.95,98.97,1.03,58.07,72.92,81.41,95.25,43.81,4366,1987,71,413
220385,FLORESTA DO PIAUÍ,22,0.538,0.391,0.53,0.753,216.87,0.51,48.47,64.63,40.51,8.82,99.23,0.77,54.93,73.85,99.88,94.18,44.68,2482,861,33,225
220390,FLORIANO,22,0.7,0.633,0.676,0.802,536.3,0.55,18.98,31.71,13.18,9.59,98.08,1.92,28.11,92.03,94.35,93.11,60.96,57690,49970,872,4672
220400,FRANCINÓPOLIS,22,0.564,0.475,0.523,0.722,206.73,0.56,50.52,67.22,34.26,8.99,97.45,2.55,46.04,90.14,94.71,93.06,49.3,5235,3275,102,518
220410,FRANCISCO AYRES,22,0.577,0.45,0.565,0.756,268.41,0.52,39.79,58.27,30.18,7.82,98.07,1.93,52.68,82.77,89.69,96.55,48.33,4477,2154,68,393
220415,FRANCISCO MACEDO,22,0.553,0.425,0.567,0.701,273.23,0.5,37.41,51.73,36.33,9.74,97.79,2.21,58.35,41.86,99.13,97.96,57.78,2879,1159,53,240
220420,FRANCISCO SANTOS,22,0.608,0.498,0.598,0.754,330.49,0.51,34.37,49.47,27.99,8.59,97.38,2.62,51.25,63.0,96.04,87.19,51.47,8592,3979,130,724
220430,FRONTEIRAS,22,0.619,0.511,0.621,0.748,380.62,0.56,31.94,48.59,29.05,9.55,97.51,2.49,55.56,71.04,96.8,88.77,62.87,11117,7288,172,979
220435,GEMINIANO,22,0.561,0.446,0.524,0.755,208.67,0.46,42.66,55.99,34.95,8.67,97.07,2.93,54.6,60.74,97.31,100.0,52.7,5475,1216,83,538
220440,GILBUÉS,22,0.548,0.38,0.574,0.753,285.45,0.68,53.13,70.16,23.0,6.81,93.68,6.32,61.02,81.54,69.57,63.27,33.57,10402,5991,223,1114
220450,GUADALUPE,22,0.65,0.542,0.639,0.794,426.79,0.5,20.89,34.66,18.79,8.96,98.81,1.19,45.75,94.03,95.68,88.03,54.85,10268,9842,174,932
220455,GUARIBAS,22,0.508,0.381,0.483,0.711,162.06,0.57,59.67,70.7,34.84,7.6,98.22,1.78,68.22,54.76,100.0,86.86,37.59,4401,1275,109,542
220460,HUGO NAPOLEÃO,22,0.599,0.524,0.528,0.776,214.09,0.52,46.42,57.35,32.05,9.69,96.78,3.22,40.44,82.21,96.63,91.36,64.73,3771,3098,57,330
220465,ILHA GRANDE,22,0.563,0.472,0.534,0.708,221.81,0.51,48.51,62.17,26.74,8.75,98.12,1.88,39.93,86.86,95.53,68.1,53.26,8914,7445,190,914
220470,INHUMA,22,0.624,0.56,0.562,0.772,263.73,0.52,40.29,54.7,27.35,9.4,98.77,1.23,42.72,83.49,98.03,94.34,61.15,14845,7279,204,1288
220480,IPIRANGA DO PIAUÍ,22,0.63,0.583,0.56,0.765,261.12,0.47,36.46,52.84,22.68,9.62,94.93,5.07,30.8,86.32,97.95,96.31,68.36,9327,5746,156,853
220490,ISAÍAS COELHO,22,0.582,0.41,0.628,0.767,397.98,0.79,54.14,69.03,34.79,8.49,95.0,5.0,58.74,40.98,70.18,85.18,50.86,8221,1865,141,784
220500,ITAINÓPOLIS,22,0.541,0.401,0.545,0.725,237.76,0.5,41.58,58.19,37.54,8.47,97.1,2.9,56.94,57.98,91.61,86.17,48.26,11109,2530,164,902
220510,ITAUEIRA,22,0.583,0.46,0.594,0.727,321.64,0.55,36.31,55.57,27.8,8.73,98.67,1.33,63.51,84.93,86.97,93.44,48.71,10678,5949,169,922
220515,JACOBINA DO PIAUÍ,22,0.535,0.416,0.509,0.724,190.04,0.52,48.89,61.7,36.3,8.64,97.68,2.32,61.04,45.52,62.49,89.06,50.58,5722,1024,82,507
220520,JAICÓS,22,0.524,0.366,0.556,0.709,254.28,0.52,41.96,54.04,38.49,7.92,95.06,4.94,62.92,60.12,83.42,90.01,44.31,18035,8508,303,1773
220525,JARDIM DO MULATO,22,0.593,0.55,0.532,0.711,219.06,0.51,44.64,55.3,29.59,10.62,98.86,1.14,35.89,96.6,97.54,79.44,65.0,4309,1183,77,378
220527,JATOBÁ DO PIAUÍ,22,0.566,0.442,0.525,0.78,209.21,0.46,42.41,60.83,30.4,9.32,98.94,1.06,52.63,83.91,93.15,90.94,53.2,4656,888,74,372
220530,JERUMENHA,22,0.591,0.461,0.569,0.787,275.19,0.49,34.55,48.48,25.01,9.06,97.35,2.65,46.05,96.51,93.27,36.68,53.21,4390,2469,86,405
220535,JOÃO COSTA,22,0.561,0.46,0.51,0.752,191.63,0.49,50.7,67.01,28.42,8.52,96.89,3.11,49.36,34.6,90.93,57.86,42.76,2960,701,45,246
220540,JOAQUIM PIRES,22,0.522,0.384,0.485,0.765,163.33,0.6,62.62,75.88,36.31,7.82,96.18,3.82,67.32,83.29,94.94,97.13,45.63,13817,4256,289,1514
220545,JOCA MARQUES,22,0.504,0.353,0.501,0.726,181.17,0.57,58.72,68.02,38.44,7.46,97.13,2.87,67.82,69.67,89.86,81.13,41.61,5100,1677,101,515
220550,JOSÉ DE FREITAS,22,0.618,0.512,0.591,0.781,316.27,0.57,37.18,52.32,24.53,9.08,98.69,1.31,42.79,81.5,96.53,41.92,53.87,37085,21601,648,3328
220551,JUAZEIRO DO PIAUÍ,22,0.57,0.47,0.522,0.753,206.61,0.51,47.16,60.92,29.23,9.03,99.09,0.91,52.3,75.73,82.15,68.81,51.36,4757,1479,73,477
220552,JÚLIO BORGES,22,0.582,0.508,0.5,0.777,179.61,0.53,54.96,72.7,18.16,8.97,98.62,1.38,46.52,50.04,88.21,79.36,45.65,5373,1618,96,560
220553,JUREMA,22,0.555,0.435,0.511,0.767,191.96,0.54,52.7,66.66,35.48,8.73,99.26,0.74,56.03,58.97,91.65,57.56,43.62,4517,866,78,437
220554,LAGOINHA DO PIAUÍ,22,0.597,0.488,0.561,0.776,262.04,0.53,44.29,66.72,27.22,8.64,96.89,3.11,61.0,99.48,99.3,77.64,52.77,2656,1582,35,259
220555,LAGOA ALEGRE,22,0.55,0.425,0.538,0.728,227.89,0.53,50.1,63.78,31.89,7.89,97.79,2.21,51.57,77.43,95.88,37.0,42.52,8008,3042,156,851
220556,LAGOA DO BARRO DO PIAUÍ,22,0.502,0.358,0.474,0.744,152.61,0.59,62.64,79.84,27.73,8.1,94.78,5.22,63.01,24.51,96.85,69.44,46.09,4523,994,84,447
220557,LAGOA DE SÃO FRANCISCO,22,0.529,0.4,0.499,0.743,178.26,0.53,55.25,70.74,33.64,8.09,98.34,1.66,60.92,42.81,94.73,39.17,39.91,6422,2092,138,703
220558,LAGOA DO PIAUÍ,22,0.583,0.464,0.548,0.778,242.33,0.47,36.76,51.58,27.04,8.97,98.93,1.07,53.83,70.43,90.36,83.42,46.85,3863,1672,66,339
220559,LAGOA DO SÍTIO,22,0.541,0.421,0.504,0.745,183.92,0.55,55.53,69.72,35.78,8.94,96.59,3.41,57.96,87.89,91.69,79.19,52.07,4850,1723,66,422
220560,LANDRI SALES,22,0.584,0.48,0.563,0.738,266.01,0.54,41.99,56.65,26.59,9.03,98.65,1.35,53.37,93.71,97.63,72.47,53.32,5281,3957,101,491
220570,LUÍS CORREIA,22,0.541,0.398,0.544,0.73,236.9,0.59,50.3,61.97,29.76,8.18,95.39,4.61,56.56,64.22,94.47,80.74,46.74,28406,12645,505,2703
220580,LUZILÂNDIA,22,0.545,0.42,0.55,0.7,245.02,0.51,42.96,55.73,35.46,8.3,96.08,3.92,59.16,69.34,95.05,84.2,47.13,24721,13268,442,2316
220585,MADEIRO,22,0.563,0.489,0.472,0.772,150.89,0.53,59.37,70.95,33.11,9.79,97.75,2.25,49.27,78.87,96.95,55.38,60.94,7816,3364,150,834
220590,MANOEL EMÍDIO,22,0.573,0.466,0.534,0.758,222.62,0.55,50.16,63.61,23.88,8.71,98.99,1.01,44.93,82.36,98.18,73.32,44.29,5213,3315,90,496
220595,MARCOLÂNDIA,22,0.562,0.438,0.578,0.7,291.91,0.49,34.66,46.44,34.12,8.63,94.53,5.47,51.47,0.5,98.91,91.32,51.09,7812,6707,141,804
220600,MARCOS PARENTE,22,0.59,0.494,0.58,0.717,295.66,0.48,35.32,53.97,25.31,8.91,97.35,2.65,48.02,95.87,94.95,91.84,55.66,4456,3845,73,380
220605,MASSAPÊ DO PIAUÍ,22,0.525,0.386,0.514,0.73,195.88,0.51,50.24,64.91,43.42,8.09,98.56,1.44,63.75,32.13,79.37,92.16,40.38,6220,936,104,616
220610,MATIAS OLÍMPIO,22,0.562,0.438,0.521,0.779,204.46,0.52,49.64,62.46,34.28,9.14,98.52,1.48,52.8,67.88,91.23,68.05,51.72,10473,4796,216,1018
220620,MIGUEL ALVES,22,0.539,0.396,0.533,0.742,220.05,0.6,55.02,68.8,38.0,7.69,96.61,3.39,61.4,74.72,87.34,51.4,41.61,32289,10711,645,3648
220630,MIGUEL LEÃO,22,0.623,0.533,0.579,0.782,294.48,0.52,42.37,54.22,28.65,9.33,99.58,0.42,39.22,83.89,95.57,61.89,55.44,1253,862,23,121
220635,MILTON BRANDÃO,22,0.508,0.357,0.476,0.772,154.73,0.55,62.15,79.04,37.21,8.24,98.86,1.14,72.31,69.92,67.74,90.71,41.61,6769,1701,125,723
220640,MONSENHOR GIL,22,0.615,0.524,0.568,0.781,273.95,0.5,36.39,54.57,24.74,9.87,98.8,1.2,41.14,87.81,97.38,78.19,60.1,10333,5309,164,926
220650,MONSENHOR HIPÓLITO,22,0.561,0.404,0.591,0.739,315.6,0.53,38.61,54.77,34.83,7.37,96.63,3.37,60.16,61.07,84.66,96.07,41.07,7391,3485,98,637
220660,MONTE ALEGRE DO PIAUÍ,22,0.578,0.474,0.531,0.768,217.23,0.57,53.45,65.52,23.7,8.69,98.27,1.73,51.38,88.93,80.13,79.44,47.79,10345,2981,220,1071
220665,MORRO CABEÇA NO TEMPO,22,0.542,0.435,0.472,0.774,150.52,0.58,60.65,68.32,25.1,8.94,97.72,2.28,58.1,65.27,55.76,87.16,51.83,4068,1404,89,473
220667,MORRO DO CHAPÉU DO PIAUÍ,22,0.55,0.418,0.536,0.742,225.37,0.53,46.31,60.35,35.48,9.45,98.82,1.18,63.15,86.09,86.71,78.8,57.46,6499,2298,138,703
220669,MURICI DOS PORTELAS,22,0.53,0.391,0.489,0.777,167.87,0.6,59.32,73.4,39.4,8.0,96.14,3.86,63.61,58.32,81.48,68.13,47.94,8464,1689,190,954
220670,NAZARÉ DO PIAUÍ,22,0.576,0.51,0.531,0.707,218.07,0.56,50.25,67.46,31.15,9.88,99.34,0.66,53.2,69.45,93.88,53.26,53.69,7321,3503,119,660
220675,NOSSA SENHORA DE NAZARÉ,22,0.586,0.462,0.557,0.78,256.22,0.5,39.82,55.29,25.7,9.56,95.5,4.5,49.11,83.1,91.92,63.03,56.02,4556,1363,73,357
220680,NOSSA SENHORA DOS REMÉDIOS,22,0.533,0.411,0.503,0.732,183.4,0.48,54.02,70.46,36.04,7.45,96.58,3.42,59.83,70.11,88.34,51.6,41.49,8206,3693,169,896
220690,NOVO ORIENTE DO PIAUÍ,22,0.562,0.418,0.547,0.775,240.65,0.51,41.41,63.9,32.84,8.85,97.72,2.28,60.94,76.59,92.27,91.59,54.35,6498,3280,115,589
220695,NOVO SANTO ANTÔNIO,22,0.528,0.392,0.536,0.702,224.54,0.56,50.65,68.42,37.54,7.96,96.54,3.46,61.71,65.39,56.78,96.1,40.0,3260,916,47,289
220700,OEIRAS,22,0.634,0.547,0.619,0.753,376.95,0.58,33.36,48.89,25.51,9.23,97.9,2.1,47.18,75.84,87.99,85.33,57.18,35640,21997,588,3281
220710,OLHO D'ÁGUA DO PIAUÍ,22,0.576,0.477,0.537,0.746,225.8,0.56,50.85,66.94,20.91,10.2,96.63,3.37,46.15,93.65,98.4,69.94,67.62,2626,1064,54,292
220720,PADRE MARCOS,22,0.541,0.427,0.531,0.699,217.66,0.52,47.44,61.41,41.08,9.2,99.47,0.53,66.61,58.74,97.45,92.08,49.85,6657,2352,113,536
220730,PAES LANDIM,22,0.575,0.492,0.537,0.721,225.53,0.49,43.77,59.08,25.61,8.88,98.57,1.43,52.64,67.19,85.32,99.75,51.94,4059,2376,77,432
220735,PAJEÚ DO PIAUÍ,22,0.559,0.427,0.56,0.732,261.36,0.6,49.03,69.35,33.06,10.1,98.0,2.0,59.35,65.79,72.62,95.84,65.14,3363,1426,66,333
220740,PALMEIRA DO PIAUÍ,22,0.557,0.431,0.57,0.704,278.54,0.6,45.73,61.39,26.47,8.43,97.41,2.59,60.96,88.32,80.23,70.5,47.55,4993,1764,100,495
220750,PALMEIRAIS,22,0.562,0.443,0.515,0.776,197.04,0.59,55.86,70.97,31.85,8.67,98.34,1.66,56.53,83.24,93.66,83.85,53.92,13745,5342,255,1379
220755,PAQUETÁ,22,0.509,0.348,0.519,0.731,202.6,0.51,51.51,72.2,43.69,7.24,96.92,3.08,64.51,64.55,90.83,80.03,35.05,4147,557,56,378
220760,PARNAGUÁ,22,0.575,0.464,0.526,0.777,211.44,0.56,53.38,62.68,25.96,7.71,96.38,3.62,51.55,71.43,75.34,66.04,39.91,10276,5339,231,1207
220770,PARNAÍBA,22,0.687,0.604,0.658,0.816,479.58,0.57,26.51,39.98,16.47,10.09,97.5,2.5,33.8,93.8,98.79,88.22,63.05,145705,137485,2331,12227
220775,PASSAGEM FRANCA DO PIAUÍ,22,0.561,0.393,0.594,0.758,323.31,0.54,36.21,54.9,38.84,8.22,98.84,1.16,57.6,76.62,80.84,85.07,46.73,4546,2482,81,434
220777,PATOS DO PIAUÍ,22,0.563,0.448,0.529,0.755,215.75,0.5,46.74,64.49,39.43,8.52,98.35,1.65,53.13,60.51,88.86,90.57,52.17,6105,1689,104,530
220779,PAU D'ARCO DO PIAUÍ,22,0.514,0.376,0.488,0.742,167.01,0.6,59.22,77.64,34.78,7.81,98.03,1.97,70.02,77.21,89.56,0.0,33.61,3757,556,65,399
220780,PAULISTANA,22,0.6,0.472,0.596,0.767,327.06,0.6,41.37,56.15,30.09,8.61,97.92,2.08,60.35,61.61,89.4,87.95,53.66,19785,10656,384,2022
220785,PAVUSSU,22,0.526,0.379,0.512,0.748,193.61,0.53,54.33,71.08,35.2,8.18,97.76,2.24,54.94,65.41,78.75,94.41,42.03,3663,1793,49,321
220790,PEDRO II,22,0.571,0.428,0.566,0.767,270.17,0.58,46.62,64.02,31.11,8.66,97.26,2.74,58.03,74.33,88.61,91.25,49.16,37496,22666,690,3882
220793,PEDRO LAURENTINO,22,0.562,0.496,0.479,0.746,157.24,0.55,61.24,73.11,22.3,8.63,97.07,2.93,46.29,88.09,98.92,98.47,50.25,2407,819,33,243
220795,NOVA SANTA RITA,22,0.554,0.425,0.52,0.77,202.99,0.62,57.52,72.98,29.29,9.11,97.14,2.86,57.73,52.55,90.15,97.5,54.93,4187,704,96,500
220800,PICOS,22,0.698,0.621,0.684,0.8,563.88,0.56,17.93,27.46,17.7,9.48,98.35,1.65,35.34,89.39,99.28,95.29,58.72,73414,58307,1011,5812
220810,PIMENTEIRAS,22,0.566,0.423,0.553,0.774,249.17,0.57,48.21,68.9,34.71,8.39,98.91,1.09,60.32,73.84,93.45,95.91,46.23,11733,4795,199,1146
220820,PIO IX,22,0.564,0.44,0.538,0.758,227.79,0.56,47.36,64.81,31.11,9.42,98.83,1.17,57.87,45.31,84.37,99.8,60.85,17671,5291,294,1663
220830,PIRACURUCA,22,0.596,0.478,0.575,0.77,286.63,0.54,40.66,55.38,29.96,9.31,94.8,5.2,53.94,79.1,88.51,81.65,57.02,27553,19247,443,2446
220840,PIRIPIRI,22,0.635,0.533,0.621,0.775,380.67,0.55,30.18,44.65,26.3,9.96,97.26,2.74,47.64,84.08,95.45,86.12,66.98,61834,44540,851,5390
220850,PORTO,22,0.549,0.406,0.537,0.758,226.34,0.57,50.16,60.84,35.01,8.06,98.0,2.0,58.62,69.7,87.77,53.61,43.3,11897,7503,253,1306
220855,PORTO ALEGRE DO PIAUÍ,22,0.563,0.452,0.539,0.732,228.65,0.49,39.3,52.33,27.64,8.64,98.96,1.04,53.05,91.06,99.11,96.35,45.22,2559,1802,45,262
220860,PRATA DO PIAUÍ,22,0.565,0.448,0.527,0.764,212.64,0.54,52.59,71.39,35.27,9.04,98.62,1.38,48.49,84.22,83.44,87.88,57.23,3085,2552,53,287
220865,QUEIMADA NOVA,22,0.515,0.368,0.49,0.758,168.78,0.53,56.59,68.81,31.3,7.57,99.3,0.7,61.54,15.52,96.01,99.15,38.28,8553,1156,151,802
220870,REDENÇÃO DO GURGUÉIA,22,0.589,0.478,0.557,0.766,255.92,0.57,48.55,61.11,21.78,8.89,97.9,2.1,43.33,87.74,95.9,53.6,46.92,8400,5335,168,957
220880,REGENERAÇÃO,22,0.591,0.498,0.582,0.714,299.65,0.57,40.9,57.66,31.82,9.36,97.41,2.59,49.11,61.22,95.22,76.99,56.54,17556,13805,321,1581
220885,RIACHO FRIO,22,0.541,0.431,0.483,0.761,161.99,0.6,62.65,71.9,20.08,7.71,98.93,1.07,48.76,76.54,68.97,94.52,39.04,4241,2222,101,465
220887,RIBEIRA DO PIAUÍ,22,0.52,0.368,0.505,0.758,185.05,0.58,57.85,71.55,30.47,8.65,98.47,1.53,67.31,85.67,86.2,95.34,39.46,4263,1030,69,402
220890,RIBEIRO GONÇALVES,22,0.601,0.485,0.568,0.787,274.79,0.57,42.23,56.12,22.68,8.18,96.88,3.12,54.4,65.9,70.73,79.48,51.06,6845,4449,140,635
220900,RIO GRANDE DO PIAUÍ,22,0.572,0.442,0.552,0.767,248.87,0.54,45.13,62.14,29.77,7.94,96.46,3.54,55.88,66.9,89.78,94.22,43.02,6273,4094,83,573
220910,SANTA CRUZ DO PIAUÍ,22,0.601,0.53,0.57,0.72,278.49,0.49,33.99,43.17,35.88,9.56,96.87,3.13,42.89,91.67,87.34,93.42,60.52,6027,4067,97,532
220915,SANTA CRUZ DOS MILAGRES,22,0.577,0.509,0.524,0.719,208.49,0.44,44.34,56.14,34.0,9.03,98.65,1.35,41.17,93.23,94.24,98.22,51.97,3794,2127,56,359
220920,SANTA FILOMENA,22,0.544,0.385,0.53,0.789,216.61,0.59,53.49,66.12,24.39,6.72,97.62,2.38,61.07,53.04,69.58,52.38,30.63,6096,3544,133,699
220930,SANTA LUZ,22,0.588,0.49,0.539,0.768,228.71,0.51,48.31,64.35,26.42,8.87,99.46,0.54,47.39,73.67,96.59,71.82,51.18,5513,3109,101,569
220935,SANTANA DO PIAUÍ,22,0.574,0.476,0.539,0.736,228.52,0.47,42.54,58.45,30.34,8.93,96.11,3.89,62.68,95.77,99.23,91.6,60.5,4917,1939,89,412
220937,SANTA ROSA DO PIAUÍ,22,0.567,0.483,0.539,0.699,229.29,0.52,48.21,66.34,31.65,10.22,98.94,1.06,55.82,76.23,89.41,92.56,71.8,5149,3655,111,503
220940,SANTO ANTÔNIO DE LISBOA,22,0.584,0.473,0.597,0.704,329.44,0.47,31.38,46.05,28.57,7.16,93.47,6.53,52.13,84.35,97.37,87.73,44.04,6007,3920,97,543
220945,SANTO ANTÔNIO DOS MILAGRES,22,0.619,0.582,0.524,0.776,208.58,0.49,44.14,57.19,27.8,9.93,97.53,2.47,27.58,38.42,95.82,50.64,67.36,2059,807,39,216
220950,SANTO INÁCIO DO PIAUÍ,22,0.613,0.546,0.543,0.776,235.42,0.52,42.63,54.95,29.75,9.76,99.3,0.7,44.6,91.47,92.84,93.72,61.14,3648,2297,70,328
220955,SÃO BRAZ DO PIAUÍ,22,0.596,0.514,0.533,0.771,220.96,0.53,47.0,64.22,30.41,8.63,98.72,1.28,52.72,6.99,94.04,78.54,51.66,4313,1021,58,376
220960,SÃO FÉLIX DO PIAUÍ,22,0.61,0.52,0.587,0.742,309.48,0.52,38.48,63.48,34.11,9.52,100.0,0.0,39.66,74.76,93.36,100.0,58.46,3069,1641,41,206
220965,SÃO FRANCISCO DE ASSIS DO PIAUÍ,22,0.485,0.336,0.462,0.734,141.81,0.6,65.37,80.56,38.95,7.26,96.01,3.99,74.58,24.66,65.84,98.4,42.46,5567,1429,109,565
220970,SÃO FRANCISCO DO PIAUÍ,22,0.57,0.448,0.557,0.744,256.79,0.54,43.98,57.22,32.1,9.38,98.4,1.6,57.46,66.32,83.27,84.9,56.62,6298,1983,134,691
220975,SÃO GONÇALO DO GURGUÉIA,22,0.56,0.438,0.572,0.701,281.43,0.67,51.86,63.21,24.51,8.15,97.51,2.49,50.45,78.78,55.08,90.75,41.54,2825,1219,67,309
220980,SÃO GONÇALO DO PIAUÍ,22,0.616,0.588,0.538,0.739,227.37,0.55,51.3,68.18,27.6,9.76,97.69,2.31,40.11,96.86,99.43,93.04,64.69,4754,3308,70,434
220985,SÃO JOÃO DA CANABRAVA,22,0.559,0.446,0.539,0.726,229.34,0.52,46.32,63.1,36.43,7.84,96.76,3.24,51.78,85.68,94.97,97.2,42.04,4445,1233,75,402
220987,SÃO JOÃO DA FRONTEIRA,22,0.515,0.351,0.516,0.753,198.13,0.54,52.6,67.11,36.99,8.04,88.33,11.67,72.12,81.73,85.3,72.62,45.46,5608,2272,104,657
220990,SÃO JOÃO DA SERRA,22,0.582,0.478,0.545,0.757,237.11,0.57,48.48,68.72,38.26,9.24,99.12,0.88,57.86,73.95,67.87,90.72,51.55,6157,3447,100,563
220995,SÃO JOÃO DA VARJOTA,22,0.559,0.46,0.536,0.708,224.99,0.57,49.6,67.44,35.38,9.57,96.93,3.07,50.05,43.31,96.09,88.81,55.69,4651,1389,91,448
220997,SÃO JOÃO DO ARRAIAL,22,0.523,0.401,0.496,0.72,174.82,0.55,56.77,71.87,36.29,9.9,98.39,1.61,62.81,91.63,95.25,33.47,63.15,7336,3701,148,806
221000,SÃO JOÃO DO PIAUÍ,22,0.645,0.567,0.615,0.769,368.36,0.57,32.56,45.38,22.22,10.14,98.31,1.69,40.58,83.51,96.04,92.05,62.44,19548,13470,369,1970
221005,SÃO JOSÉ DO DIVINO,22,0.565,0.44,0.529,0.775,214.48,0.49,44.84,59.95,36.09,8.81,99.15,0.85,61.25,76.62,91.08,90.75,48.33,5148,2710,93,474
221010,SÃO JOSÉ DO PEIXE,22,0.573,0.449,0.548,0.766,242.73,0.57,50.47,66.09,30.05,8.59,97.51,2.49,55.78,93.88,93.5,84.26,53.5,3700,1889,83,411
221020,SÃO JOSÉ DO PIAUÍ,22,0.552,0.423,0.569,0.7,275.18,0.43,32.84,48.87,37.91,9.12,97.52,2.48,65.3,90.21,91.82,93.71,56.89,6591,1929,99,600
221030,SÃO JULIÃO,22,0.594,0.455,0.593,0.775,321.2,0.51,36.54,49.35,38.71,7.89,94.27,5.73,49.72,71.12,94.29,99.88,47.66,5675,2328,81,465
221035,SÃO LOURENÇO DO PIAUÍ,22,0.595,0.499,0.56,0.753,261.24,0.47,35.88,50.76,24.65,8.38,99.0,1.0,42.03,26.29,44.27,77.96,55.23,4427,1113,59,349
221037,SÃO LUIS DO PIAUÍ,22,0.554,0.433,0.52,0.757,202.89,0.5,45.89,66.38,33.46,7.85,96.87,3.13,52.72,95.29,89.89,84.04,45.56,2561,814,50,251
221038,SÃO MIGUEL DA BAIXA GRANDE,22,0.563,0.413,0.557,0.774,256.03,0.54,43.6,60.46,37.68,8.06,98.81,1.19,58.1,89.07,90.57,99.7,51.54,2110,1358,42,202
221039,SÃO MIGUEL DO FIDALGO,22,0.535,0.407,0.505,0.747,185.84,0.55,53.02,67.89,32.94,8.02,98.66,1.34,55.7,76.62,89.23,81.73,44.92,2976,1085,58,334
221040,SÃO MIGUEL DO TAPUIO,22,0.556,0.434,0.508,0.78,189.01,0.57,55.14,70.71,36.03,8.95,97.46,2.54,61.33,85.46,76.7,96.66,56.5,18134,6675,348,1837
221050,SÃO PEDRO DO PIAUÍ,22,0.595,0.492,0.553,0.776,249.23,0.56,46.17,64.6,29.58,9.44,98.4,1.6,52.06,78.05,97.3,63.09,53.78,13639,8195,263,1394
221060,SÃO RAIMUNDO NONATO,22,0.661,0.587,0.631,0.779,406.2,0.55,25.71,35.32,20.16,9.82,98.04,1.96,37.02,67.75,87.75,90.21,63.75,32327,21266,508,2866
221062,SEBASTIÃO BARROS,22,0.536,0.394,0.508,0.77,189.25,0.59,60.7,70.54,22.91,7.51,99.36,0.64,62.88,66.25,46.09,71.79,29.44,3560,1112,61,362
221063,SEBASTIÃO LEAL,22,0.562,0.467,0.516,0.736,198.01,0.58,52.02,66.8,27.72,9.54,97.55,2.45,51.48,86.03,89.46,53.99,57.94,4116,1922,66,414
221065,SIGEFREDO PACHECO,22,0.581,0.496,0.518,0.764,200.91,0.51,47.52,60.12,33.77,8.77,99.24,0.76,50.86,89.51,82.44,94.22,45.98,9619,3176,168,865
221070,SIMÕES,22,0.575,0.44,0.56,0.771,261.23,0.51,43.47,59.28,30.25,7.84,95.33,4.67,56.1,46.98,84.2,98.41,42.67,14180,5689,249,1523
221080,SIMPLÍCIO MENDES,22,0.627,0.525,0.613,0.767,362.56,0.57,33.72,46.57,23.7,9.56,98.56,1.44,40.98,84.91,93.69,97.21,54.78,12077,7163,163,1008
221090,SOCORRO DO PIAUÍ,22,0.561,0.465,0.513,0.739,195.08,0.57,54.73,71.64,27.3,8.23,97.9,2.1,49.54,66.95,91.8,86.89,42.87,4522,1630,75,443
221093,SUSSUAPARA,22,0.586,0.476,0.563,0.749,265.42,0.46,33.3,47.17,30.36,8.43,93.71,6.29,46.78,97.74,99.11,94.0,51.03,6229,1582,98,516
221095,TAMBORIL DO PIAUÍ,22,0.501,0.36,0.509,0.685,189.63,0.54,56.11,69.58,36.05,6.82,99.67,0.33,58.03,65.22,82.38,89.84,36.67,2753,1512,62,273
221097,TANQUE DO PIAUÍ,22,0.579,0.499,0.553,0.704,250.37,0.48,39.55,54.66,28.53,8.22,97.78,2.22,48.25,92.5,96.65,94.81,49.13,2620,1239,48,252
221100,TERESINA,22,0.751,0.707,0.731,0.82,757.57,0.61,14.6,24.11,9.1,10.36,97.82,2.18,21.58,96.22,99.89,95.41,71.14,814230,767557,11755,63649
221110,UNIÃO,22,0.577,0.453,0.542,0.781,232.7,0.52,43.67,56.56,28.74,8.57,97.93,2.07,51.97,82.2,96.94,64.14,46.63,42654,20965,754,4138
221120,URUÇUÍ,22,0.631,0.516,0.614,0.794,364.39,0.53,29.7,40.87,18.12,8.2,97.05,2.95,46.25,90.55,85.37,92.66,45.18,20149,15505,393,1887
221130,VALENÇA DO PIAUÍ,22,0.647,0.566,0.62,0.773,380.19,0.53,28.5,45.1,26.08,9.52,98.58,1.42,40.38,94.36,98.67,97.96,63.64,20326,15798,311,1641
221135,VÁRZEA BRANCA,22,0.553,0.44,0.518,0.743,201.49,0.57,54.59,70.02,31.49,7.94,97.87,2.13,56.02,27.22,54.87,90.8,44.54,4913,1147,90,542
221140,VÁRZEA GRANDE,22,0.571,0.474,0.554,0.708,251.64,0.51,42.66,59.66,33.09,9.14,99.61,0.39,50.89,95.94,98.57,92.62,60.19,4336,2581,68,392
221150,VERA MENDES,22,0.503,0.375,0.494,0.685,173.56,0.58,58.19,76.03,43.69,8.5,98.24,1.76,59.99,67.93,99.27,72.3,47.42,2986,966,54,278
221160,VILA NOVA DO PIAUÍ,22,0.565,0.471,0.559,0.685,259.38,0.6,47.16,61.1,30.17,7.63,98.81,1.19,45.53,21.07,99.15,95.28,35.21,3076,759,35,218
221170,WALL FERRAZ,22,0.544,0.443,0.513,0.708,195.12,0.51,49.94,65.3,35.26,9.38,97.34,2.66,57.45,35.07,96.79,95.92,58.43,4280,1166,82,430
230010,ABAIARA,23,0.628,0.612,0.54,0.748,229.74,0.48,44.64,62.26,29.4,9.7,96.76,3.24,36.92,71.44,99.36,86.56,68.33,10496,4552,155,925
230015,ACARAPE,23,0.606,0.562,0.559,0.709,259.03,0.43,32.88,44.77,21.77,9.14,96.84,3.16,28.9,76.94,99.43,90.37,62.4,15338,7982,228,1362
230020,ACARAÚ,23,0.601,0.517,0.554,0.758,250.79,0.6,51.22,65.45,28.83,10.03,96.79,3.21,48.31,86.17,95.58,71.44,71.62,57551,28242,1086,5413
230030,ACOPIARA,23,0.595,0.517,0.563,0.724,266.65,0.57,45.21,62.77,32.87,9.94,97.25,2.75,50.82,61.0,98.4,89.18,67.02,51160,25228,712,4121
230040,AIUABA,23,0.569,0.474,0.518,0.749,200.6,0.53,52.55,68.99,34.14,8.79,97.54,2.46,55.43,55.79,94.64,97.11,55.62,16203,3951,242,1563
230050,ALCÂNTARAS,23,0.6,0.524,0.549,0.751,243.73,0.46,37.34,51.49,29.11,9.43,97.74,2.26,41.56,62.59,98.13,94.88,59.11,10771,3448,180,964
230060,ALTANEIRA,23,0.602,0.515,0.547,0.774,240.97,0.55,49.56,68.73,31.83,10.36,95.72,4.28,47.42,95.55,98.77,98.69,72.56,6856,4957,111,626
230070,ALTO SANTO,23,0.601,0.499,0.563,0.774,265.07,0.48,36.02,53.19,30.13,9.12,96.46,3.54,46.73,67.39,98.65,76.94,65.61,16359,8041,281,1452
230075,AMONTADA,23,0.606,0.582,0.503,0.761,182.47,0.56,57.54,71.46,25.67,10.25,97.03,2.97,33.11,77.08,95.14,72.97,70.57,39232,15947,712,4169
230080,ANTONINA DO NORTE,23,0.599,0.506,0.55,0.772,244.83,0.51,43.92,59.62,32.61,9.39,95.68,4.32,48.27,79.62,98.51,85.57,65.83,6984,4999,111,645
230090,APUIARÉS,23,0.618,0.593,0.536,0.741,224.63,0.54,49.77,67.92,26.8,10.63,98.63,1.37,37.98,83.41,98.48,92.61,73.19,13925,5772,216,1274
230100,AQUIRAZ,23,0.641,0.55,0.608,0.788,352.6,0.48,24.19,37.14,20.83,9.05,96.54,3.46,39.9,77.76,98.9,76.04,57.61,72628,67083,1132,6257
230110,ARACATI,23,0.655,0.624,0.607,0.742,349.26,0.53,31.68,45.0,20.82,10.39,98.47,1.53,30.98,82.01,98.82,93.54,73.76,69159,44035,992,5503
230120,ARACOIABA,23,0.615,0.556,0.55,0.759,245.24,0.51,42.69,60.05,30.07,9.46,96.48,3.52,37.99,65.97,98.88,76.91,64.89,25391,13737,380,2198
230125,ARARENDÁ,23,0.59,0.516,0.522,0.763,205.43,0.53,51.04,69.64,34.02,9.77,98.91,1.09,46.6,75.64,98.95,89.88,64.15,10491,4906,170,934
230130,ARARIPE,23,0.564,0.459,0.515,0.759,197.14,0.56,56.0,73.79,33.54,9.12,96.32,3.68,55.55,68.42,97.59,90.96,56.34,20685,12733,354,2117
230140,ARATUBA,23,0.622,0.587,0.53,0.775,215.94,0.49,46.35,63.65,25.35,9.98,97.02,2.98,39.37,82.06,99.96,96.75,75.29,11529,3769,194,1095
230150,ARNEIROZ,23,0.618,0.564,0.565,0.74,269.77,0.53,40.76,57.3,30.26,9.7,97.55,2.45,42.07,59.54,97.77,96.99,64.75,7650,3879,111,630
230160,ASSARÉ,23,0.6,0.482,0.573,0.783,282.6,0.59,45.07,61.63,31.68,9.61,96.58,3.42,53.98,79.51,99.41,92.94,62.43,22445,11952,348,2145
230170,AURORA,23,0.605,0.521,0.557,0.764,255.78,0.53,45.69,62.87,28.05,9.1,97.94,2.06,49.82,65.28,99.26,93.42,59.34,24566,11825,359,2043
230180,BAIXIO,23,0.627,0.575,0.563,0.763,265.94,0.46,35.89,54.8,23.75,9.41,97.97,2.03,30.98,83.47,99.85,98.38,61.63,6026,3304,106,496
230185,BANABUIÚ,23,0.606,0.53,0.54,0.779,229.99,0.55,48.92,64.91,30.18,9.97,97.99,2.01,41.43,66.09,98.14,91.01,67.02,17315,8753,321,1817
230190,BARBALHA,23,0.683,0.637,0.613,0.817,362.9,0.51,28.35,42.43,18.79,10.4,98.28,1.72,28.02,82.13,99.84,92.34,72.24,55323,38022,821,4885
230195,BARREIRA,23,0.616,0.551,0.551,0.771,246.69,0.5,41.44,56.94,27.46,9.57,97.81,2.19,42.84,70.02,99.75,83.6,65.71,19573,8127,312,1684
230200,BARRO,23,0.599,0.51,0.556,0.758,254.44,0.5,41.46,60.78,23.37,9.67,97.06,2.94,46.17,75.86,99.46,86.43,66.59,21514,13160,285,1528
230205,BARROQUINHA,23,0.571,0.505,0.512,0.72,192.96,0.55,55.93,70.58,36.5,10.22,97.92,2.08,46.58,75.31,97.93,73.38,66.01,14476,9770,218,1374
230210,BATURITÉ,23,0.619,0.548,0.574,0.753,284.88,0.48,34.41,48.37,22.03,10.13,95.86,4.14,37.99,71.88,99.7,94.53,69.45,33321,24437,529,2917
230220,BEBERIBE,23,0.638,0.571,0.585,0.778,304.61,0.55,38.18,53.38,26.05,10.02,98.21,1.79,40.11,75.77,98.79,92.97,68.35,49311,21611,764,4305
230230,BELA CRUZ,23,0.623,0.598,0.533,0.76,221.07,0.55,51.91,66.61,27.09,10.31,98.94,1.06,37.28,82.31,94.98,86.07,73.66,30878,12997,518,2968
230240,BOA VIAGEM,23,0.598,0.504,0.553,0.768,250.47,0.59,48.83,67.23,32.57,8.87,97.61,2.39,45.49,74.18,98.13,83.54,54.93,52498,26604,897,4936
230250,BREJO SANTO,23,0.647,0.592,0.596,0.768,325.64,0.52,32.29,44.76,22.68,9.02,92.51,7.49,35.88,83.49,99.22,98.04,63.43,45193,28055,644,3793
230260,CAMOCIM,23,0.62,0.578,0.565,0.729,269.0,0.56,45.76,60.92,26.49,9.95,97.77,2.23,40.18,93.62,98.71,93.75,70.29,60158,44657,1045,5828
230270,CAMPOS SALES,23,0.63,0.556,0.584,0.769,303.68,0.58,46.64,64.86,29.21,10.57,98.29,1.71,45.73,71.86,98.92,93.77,74.16,26506,19081,422,2478
230280,CANINDÉ,23,0.612,0.526,0.571,0.765,278.9,0.58,45.24,59.98,24.67,9.15,97.51,2.49,45.7,73.73,99.07,91.81,58.4,74473,46875,1244,7084
230290,CAPISTRANO,23,0.611,0.593,0.527,0.73,211.95,0.57,52.79,70.06,27.78,10.31,96.27,3.73,34.36,55.07,99.38,82.02,69.97,17062,6212,260,1465
230300,CARIDADE,23,0.592,0.505,0.528,0.779,213.18,0.5,47.06,62.23,26.83,8.18,97.29,2.71,50.05,81.04,99.59,86.64,46.18,20020,11523,331,1895
230310,CARIRÉ,23,0.596,0.526,0.537,0.749,225.75,0.54,49.87,68.97,30.47,10.09,97.89,2.11,42.0,81.42,98.13,86.84,69.88,18347,8301,276,1675
230320,CARIRIAÇU,23,0.578,0.483,0.549,0.73,243.1,0.51,45.21,58.37,31.65,9.66,96.05,3.95,47.72,82.1,99.29,95.81,59.58,26393,14031,420,2513
230330,CARIÚS,23,0.597,0.519,0.546,0.751,239.39,0.52,44.85,63.38,31.79,9.71,97.12,2.88,46.67,62.25,98.84,97.36,64.82,18567,8310,281,1554
230340,CARNAUBAL,23,0.593,0.513,0.536,0.76,224.37,0.53,49.64,63.34,29.66,10.32,97.07,2.93,44.76,75.15,99.51,96.4,74.29,16746,7960,298,1741
230350,CASCAVEL,23,0.646,0.578,0.587,0.793,309.14,0.48,31.25,44.58,22.89,9.74,96.66,3.34,36.19,79.4,99.28,74.97,68.47,66142,56157,1012,5627
230360,CATARINA,23,0.618,0.56,0.551,0.764,246.38,0.51,42.19,56.7,29.44,8.93,94.31,5.69,42.87,58.69,95.32,97.08,68.99,18745,8728,241,1426
230365,CATUNDA,23,0.609,0.587,0.537,0.717,225.43,0.53,48.19,63.63,30.02,10.38,98.72,1.28,35.02,75.83,97.71,89.24,71.9,9952,5395,169,973
230370,CAUCAIA,23,0.682,0.632,0.62,0.808,379.63,0.48,22.82,34.71,12.86,9.71,96.35,3.65,29.9,91.28,99.3,86.73,67.01,325441,290220,5181,29647
230380,CEDRO,23,0.627,0.553,0.592,0.753,317.69,0.56,39.13,57.44,27.52,9.51,97.52,2.48,38.34,79.3,99.62,90.63,58.22,24527,15159,346,2098
230390,CHAVAL,23,0.586,0.536,0.524,0.716,208.7,0.5,49.91,66.52,32.47,10.25,97.36,2.64,46.32,72.98,97.28,80.26,66.37,12615,9168,182,1136
230393,CHORÓ,23,0.585,0.523,0.493,0.778,171.62,0.58,60.78,74.84,32.43,9.94,97.21,2.79,40.33,38.92,97.84,73.18,66.85,12853,3794,229,1228
230395,CHOROZINHO,23,0.604,0.522,0.57,0.742,277.4,0.5,36.15,50.44,28.72,9.35,97.45,2.55,46.92,59.2,99.16,85.67,60.42,18915,11426,304,1618
230400,COREAÚ,23,0.61,0.568,0.526,0.758,210.65,0.51,47.57,63.2,36.91,10.04,97.47,2.53,38.97,68.58,98.36,66.1,73.08,21954,14223,342,2182
230410,CRATEÚS,23,0.644,0.55,0.618,0.787,373.18,0.6,37.07,53.9,24.99,9.25,97.51,2.49,39.42,77.54,99.44,85.34,60.7,72812,52644,1048,6044
230420,CRATO,23,0.713,0.673,0.655,0.822,470.46,0.57,24.54,38.05,14.94,10.47,97.77,2.23,25.61,90.03,99.7,92.23,71.96,121428,100916,1781,10385
230423,CROATÁ,23,0.59,0.544,0.497,0.76,176.12,0.57,58.91,75.64,35.25,10.45,97.44,2.56,41.6,94.62,99.32,89.56,82.58,17069,9038,303,1708
230425,CRUZ,23,0.632,0.586,0.573,0.752,282.51,0.58,46.29,65.8,24.64,10.04,98.46,1.54,36.91,90.21,98.73,88.63,72.66,22479,9569,388,2168
230426,DEPUTADO IRAPUAN PINHEIRO,23,0.609,0.562,0.542,0.742,233.15,0.5,45.38,63.25,32.28,10.17,99.31,0.69,40.45,80.2,96.92,91.17,65.47,9095,4133,124,771
230427,ERERÊ,23,0.61,0.547,0.551,0.754,246.27,0.46,39.25,54.88,30.73,9.14,97.97,2.03,35.9,79.31,99.51,96.53,63.49,6840,3458,92,572
230428,EUSÉBIO,23,0.701,0.621,0.7,0.794,623.01,0.65,22.03,33.92,13.49,10.13,98.3,1.7,29.87,87.18,99.41,93.02,71.44,46033,46033,763,4271
230430,FARIAS BRITO,23,0.633,0.605,0.541,0.774,231.88,0.54,48.78,67.04,27.62,10.73,99.26,0.74,34.98,78.91,99.33,98.74,73.29,19007,8871,288,1664
230435,FORQUILHA,23,0.644,0.602,0.583,0.76,300.9,0.45,29.57,41.5,26.18,10.3,96.44,3.56,31.76,92.19,99.69,97.94,72.9,21786,15473,347,1964
230440,FORTALEZA,23,0.754,0.695,0.749,0.824,846.36,0.61,12.14,21.32,6.94,10.04,96.11,3.89,21.96,98.7,99.75,98.59,70.34,2452185,2452185,34395,183462
230445,FORTIM,23,0.624,0.588,0.562,0.734,264.14,0.51,39.33,52.23,26.79,9.44,97.5,2.5,33.82,84.85,99.64,89.76,62.63,14817,9608,241,1312
230450,FRECHEIRINHA,23,0.604,0.536,0.551,0.746,246.03,0.53,45.88,62.74,33.33,9.36,97.81,2.19,45.79,70.27,98.28,95.09,68.64,12991,7636,235,1277
230460,GENERAL SAMPAIO,23,0.568,0.449,0.548,0.744,242.1,0.51,43.35,61.79,32.58,9.61,96.16,3.84,52.27,64.36,97.82,97.53,58.66,6218,3648,114,619
230465,GRAÇA,23,0.57,0.477,0.514,0.755,195.67,0.55,55.15,71.19,35.69,9.74,99.11,0.89,54.09,65.87,98.52,92.84,63.01,15049,5815,239,1540
230470,GRANJA,23,0.559,0.453,0.495,0.778,173.99,0.62,63.91,78.38,38.57,9.46,94.71,5.29,56.17,70.73,92.71,64.89,66.81,52645,25892,994,5728
230480,GRANJEIRO,23,0.585,0.526,0.533,0.715,221.14,0.51,46.36,66.31,30.62,9.31,98.74,1.26,41.59,86.42,99.54,97.16,54.26,4629,1370,78,485
230490,GROAÍRAS,23,0.633,0.598,0.585,0.724,304.64,0.47,31.9,50.06,25.24,10.37,97.93,2.07,38.54,86.81,99.91,94.71,60.99,10228,7076,137,839
230495,GUAIÚBA,23,0.617,0.56,0.546,0.768,239.69,0.47,40.45,53.99,23.07,9.3,94.19,5.81,38.01,87.12,98.36,87.07,62.31,24091,18877,399,2273
230500,GUARACIABA DO NORTE,23,0.609,0.528,0.552,0.776,247.55,0.51,43.42,59.38,28.43,9.52,97.72,2.28,44.24,87.07,99.8,88.99,66.17,37775,17403,705,3994
230510,GUARAMIRANGA,23,0.637,0.61,0.576,0.736,287.35,0.47,35.52,49.18,17.85,9.34,97.58,2.42,33.57,78.04,99.13,97.93,64.39,4164,2495,67,380
230520,HIDROLÂNDIA,23,0.597,0.499,0.549,0.775,243.41,0.51,44.0,61.87,30.19,9.38,97.94,2.06,51.74,75.34,97.68,97.71,58.05,19325,11054,299,1840
230523,HORIZONTE,23,0.658,0.61,0.594,0.788,322.78,0.42,22.32,33.67,15.65,9.29,97.08,2.92,29.83,93.98,99.56,94.84,62.9,55187,51049,898,4982
230526,IBARETAMA,23,0.577,0.489,0.517,0.759,199.63,0.55,54.03,70.79,34.67,8.86,95.35,4.65,50.27,17.04,98.42,90.98,62.54,12922,4447,217,1179
230530,IBIAPINA,23,0.608,0.525,0.559,0.767,258.57,0.47,38.71,53.24,25.48,9.94,98.53,1.47,46.43,81.04,99.3,93.47,65.76,23808,10743,382,2127
230533,IBICUITINGA,23,0.606,0.571,0.514,0.758,196.54,0.52,53.82,70.4,29.34,9.94,97.92,2.08,36.95,75.54,98.15,92.74,70.07,11335,5742,170,932
230535,ICAPUÍ,23,0.616,0.541,0.572,0.757,280.79,0.47,33.32,45.53,26.07,8.66,96.76,3.24,43.27,85.41,98.8,95.29,51.76,18392,5787,310,1452
230540,ICÓ,23,0.606,0.536,0.568,0.731,274.01,0.55,42.14,59.43,32.83,9.0,96.65,3.35,42.4,78.49,99.46,93.17,57.77,65456,30463,1040,5769
230550,IGUATU,23,0.677,0.599,0.642,0.808,434.67,0.54,24.31,38.8,23.36,9.49,96.77,3.23,34.87,87.24,99.83,96.32,65.68,96495,74627,1367,7349
230560,INDEPENDÊNCIA,23,0.632,0.592,0.561,0.759,262.34,0.55,45.52,61.55,28.74,9.92,97.64,2.36,40.59,66.52,99.47,91.47,73.67,25573,11473,381,2124
230565,IPAPORANGA,23,0.579,0.506,0.502,0.766,182.11,0.55,55.78,75.32,34.29,9.79,97.15,2.85,50.04,82.55,97.66,88.2,69.94,11343,4136,174,982
230570,IPAUMIRIM,23,0.606,0.491,0.621,0.729,380.61,0.63,36.35,55.46,27.32,8.91,96.7,3.3,45.15,77.76,99.38,96.11,59.28,12009,7133,183,1072
230580,IPU,23,0.618,0.532,0.583,0.762,301.38,0.56,42.15,59.03,28.13,8.82,97.27,2.73,46.05,82.05,99.13,87.78,55.46,40296,25581,684,3866
230590,IPUEIRAS,23,0.573,0.479,0.534,0.735,222.22,0.56,51.9,70.66,32.03,9.61,98.12,1.88,52.78,89.16,99.43,83.0,60.88,37862,18358,673,3932
230600,IRACEMA,23,0.652,0.632,0.597,0.733,328.61,0.55,33.85,47.64,26.59,10.38,98.05,1.95,30.39,76.05,99.63,94.1,77.62,13722,9819,176,1074
230610,IRAUÇUBA,23,0.605,0.557,0.526,0.755,211.75,0.61,56.58,69.8,28.01,10.24,95.19,4.81,37.23,76.14,94.5,92.51,75.11,22324,14343,451,2364
230620,ITAIÇABA,23,0.656,0.642,0.581,0.758,296.81,0.44,26.94,43.55,22.82,10.97,99.53,0.47,32.7,88.18,99.36,99.78,79.68,7316,4279,108,515
230625,ITAITINGA,23,0.626,0.548,0.583,0.768,300.15,0.45,29.31,39.3,17.2,9.1,91.42,8.58,35.6,92.98,99.25,96.06,67.36,35817,35565,554,2953
230630,ITAPAGÉ,23,0.623,0.568,0.561,0.76,263.18,0.54,42.45,57.51,23.36,9.56,97.06,2.94,38.35,79.83,97.38,93.51,65.16,48350,33990,887,4641
230640,ITAPIPOCA,23,0.64,0.613,0.562,0.761,264.08,0.56,45.0,59.1,22.68,9.79,97.86,2.14,32.93,76.96,97.96,87.26,68.18,116065,66909,2083,11408
230650,ITAPIÚNA,23,0.604,0.542,0.525,0.775,209.53,0.5,46.42,62.83,30.42,9.27,95.28,4.72,40.27,61.27,99.54,94.69,64.53,18626,8819,306,1709
230655,ITAREMA,23,0.606,0.558,0.529,0.753,214.89,0.53,49.01,62.83,26.9,10.16,96.62,3.38,38.01,83.03,97.27,80.57,73.51,37471,15938,698,4002
230660,ITATIRA,23,0.562,0.463,0.514,0.747,196.02,0.54,53.79,70.9,32.57,8.83,97.63,2.37,50.26,53.92,98.18,76.42,54.21,18894,9522,376,2165
230670,JAGUARETAMA,23,0.612,0.535,0.552,0.776,247.85,0.56,47.29,62.47,28.53,9.46,96.74,3.26,37.63,62.13,99.14,96.99,60.52,17863,8469,257,1551
230680,JAGUARIBARA,23,0.618,0.559,0.575,0.735,287.08,0.45,32.21,44.12,25.97,9.74,97.43,2.57,29.66,87.99,98.96,89.4,68.54,10399,7212,148,874
230690,JAGUARIBE,23,0.621,0.543,0.58,0.76,294.97,0.52,37.3,53.6,25.56,9.46,96.35,3.65,43.16,83.81,99.76,93.71,59.28,34409,23268,480,3024
230700,JAGUARUANA,23,0.624,0.548,0.568,0.779,274.9,0.47,34.35,49.54,27.15,9.84,98.42,1.58,43.69,84.38,99.2,97.78,65.27,32236,19135,453,2582
230710,JARDIM,23,0.614,0.542,0.547,0.779,241.09,0.53,45.8,63.9,26.29,9.58,98.37,1.63,43.65,48.55,99.1,96.89,57.41,26688,8994,487,2542
230720,JATI,23,0.651,0.634,0.562,0.776,264.55,0.5,41.91,59.38,26.25,9.97,98.11,1.89,33.65,80.33,99.33,87.73,74.97,7660,4489,137,659
230725,JIJOCA DE JERICOACOARA,23,0.652,0.625,0.614,0.723,365.46,0.59,36.4,49.09,23.51,10.45,98.77,1.23,35.96,93.34,99.05,96.35,78.83,17002,5556,309,1542
230730,JUAZEIRO DO NORTE,23,0.694,0.642,0.644,0.81,439.53,0.54,23.43,35.88,16.2,10.14,97.25,2.75,28.82,95.04,99.58,95.76,67.62,249939,240128,3888,21915
230740,JUCÁS,23,0.598,0.511,0.541,0.772,232.22,0.49,44.11,60.69,31.18,9.82,97.47,2.53,46.37,77.2,96.35,90.73,70.14,23807,14150,341,2084
230750,LAVRAS DA MANGABEIRA,23,0.613,0.515,0.576,0.778,288.15,0.6,46.26,65.45,28.88,8.27,97.24,2.76,43.82,70.74,99.12,95.62,50.83,31090,18132,457,2765
230760,LIMOEIRO DO NORTE,23,0.682,0.623,0.633,0.804,410.03,0.49,21.09,31.76,19.21,9.52,98.04,1.96,29.95,95.81,99.79,96.36,67.56,56264,32483,845,4321
230763,MADALENA,23,0.61,0.545,0.536,0.778,225.22,0.58,49.8,67.29,26.12,9.85,98.35,1.65,42.41,64.35,99.14,90.48,62.27,18088,8915,330,1784
230765,MARACANAÚ,23,0.686,0.665,0.617,0.788,372.91,0.43,18.97,29.07,9.6,10.23,97.38,2.62,21.24,97.03,99.43,95.87,70.28,209057,207623,3111,17332
230770,MARANGUAPE,23,0.659,0.618,0.587,0.788,307.81,0.44,25.4,36.51,15.39,9.91,94.87,5.13,23.04,86.24,99.07,95.63,70.98,113561,86309,1778,10083
230780,MARCO,23,0.612,0.553,0.564,0.734,266.87,0.54,41.45,57.25,28.6,9.28,97.41,2.59,44.76,83.32,98.25,80.41,67.2,24703,15435,513,2663
230790,MARTINÓPOLE,23,0.599,0.522,0.541,0.76,232.17,0.59,51.02,67.16,29.87,9.72,97.78,2.22,47.6,81.15,98.05,90.6,63.08,10214,8007,167,1059
230800,MASSAPÊ,23,0.616,0.554,0.541,0.778,231.47,0.47,41.67,55.88,28.49,10.03,98.3,1.7,37.96,77.77,98.84,90.14,65.76,35191,23983,583,3499
230810,MAURITI,23,0.605,0.526,0.544,0.772,236.11,0.56,48.76,62.22,29.51,9.83,98.14,1.86,41.78,72.02,98.99,87.65,62.79,44240,23285,656,3994
230820,MERUOCA,23,0.618,0.554,0.559,0.761,258.78,0.47,35.68,48.87,18.71,8.79,97.76,2.24,36.22,77.06,99.24,82.02,55.11,13693,7420,220,1220
230830,MILAGRES,23,0.628,0.569,0.561,0.777,261.96,0.47,36.4,51.29,28.84,9.07,96.17,3.83,37.66,67.85,99.33,89.47,60.27,28316,13556,424,2404
230835,MILHÃ,23,0.626,0.558,0.56,0.784,260.95,0.54,44.12,63.95,28.8,9.71,97.48,2.52,45.6,71.93,98.84,92.66,66.2,13086,5969,189,1188
230837,MIRAÍMA,23,0.592,0.523,0.51,0.778,191.56,0.64,64.35,80.43,32.27,10.09,98.61,1.39,49.34,68.86,98.18,91.67,66.57,12800,6847,267,1382
230840,MISSÃO VELHA,23,0.622,0.552,0.579,0.754,293.16,0.57,44.81,61.68,28.05,9.79,96.78,3.22,40.36,84.74,98.53,93.47,71.18,34274,15419,585,3274
230850,MOMBAÇA,23,0.582,0.489,0.549,0.735,243.85,0.54,45.53,63.71,34.02,9.22,96.44,3.56,52.37,63.74,98.91,83.72,63.32,42690,18816,706,3986
230860,MONSENHOR TABOSA,23,0.61,0.538,0.545,0.773,237.18,0.55,49.73,66.12,29.84,8.99,99.15,0.85,40.6,70.03,96.73,97.34,53.95,16705,9362,256,1441
230870,MORADA NOVA,23,0.61,0.525,0.569,0.758,276.36,0.52,39.18,57.01,28.22,9.08,97.63,2.37,45.53,78.29,99.17,86.12,57.92,62065,35401,881,5096
230880,MORAÚJO,23,0.581,0.516,0.495,0.768,174.55,0.51,58.9,74.76,31.98,9.43,97.42,2.58,39.47,67.56,97.64,86.32,52.8,8070,3604,138,814
230890,MORRINHOS,23,0.588,0.511,0.524,0.76,208.9,0.54,54.57,69.85,28.44,9.6,95.13,4.87,49.26,78.64,96.02,98.57,72.25,20700,9612,408,2172
230900,MUCAMBO,23,0.607,0.541,0.565,0.732,269.65,0.57,46.25,63.64,31.61,9.82,98.65,1.35,43.43,72.53,99.62,95.5,67.88,14102,9066,241,1285
230910,MULUNGU,23,0.607,0.534,0.551,0.759,246.35,0.55,47.55,63.3,22.98,9.33,96.92,3.08,37.86,63.52,98.63,96.09,65.94,11485,4198,201,1126
230920,NOVA OLINDA,23,0.625,0.554,0.567,0.779,272.1,0.57,46.47,61.66,23.3,9.88,97.26,2.74,45.24,80.98,99.8,94.63,69.03,14256,9696,214,1312
230930,NOVA RUSSAS,23,0.614,0.524,0.585,0.754,304.52,0.5,33.63,48.29,28.44,9.87,97.98,2.02,45.47,90.74,99.57,90.65,61.97,30965,23244,468,2671
230940,NOVO ORIENTE,23,0.605,0.526,0.552,0.763,247.79,0.6,50.09,65.74,34.07,10.04,97.93,2.07,45.89,75.22,99.42,82.35,69.23,27453,14230,396,2380
230945,OCARA,23,0.594,0.519,0.524,0.771,208.77,0.53,49.99,66.94,30.07,9.97,98.22,1.78,41.22,53.9,99.59,84.98,65.76,24007,7605,354,2133
230950,ORÓS,23,0.636,0.557,0.582,0.793,298.84,0.49,33.03,51.44,29.69,9.25,97.42,2.58,39.87,88.29,99.76,95.58,53.87,21389,16023,281,1717
230960,PACAJUS,23,0.659,0.596,0.609,0.788,354.78,0.47,24.7,35.98,18.26,9.91,98.21,1.79,31.84,80.04,99.42,92.29,64.85,61838,50675,1024,5559
230970,PACATUBA,23,0.675,0.652,0.605,0.779,344.63,0.44,22.0,33.81,9.38,9.77,94.58,5.42,24.67,97.76,99.63,97.41,70.38,72299,62095,1183,6680
230980,PACOTI,23,0.635,0.58,0.571,0.773,279.49,0.5,37.95,55.51,20.33,9.28,96.52,3.48,33.49,78.91,99.39,92.76,68.91,11607,4745,192,1084
230990,PACUJÁ,23,0.621,0.571,0.562,0.745,264.03,0.5,41.68,58.75,28.15,9.99,98.55,1.45,40.79,72.56,99.71,97.65,69.55,5986,3723,105,530
231000,PALHANO,23,0.638,0.628,0.572,0.723,281.69,0.47,34.53,52.29,28.38,10.33,98.07,1.93,28.7,72.0,99.15,90.9,67.1,8866,4515,129,634
231010,PALMÁCIA,23,0.622,0.551,0.59,0.742,315.23,0.63,45.85,64.01,24.09,9.06,91.68,8.32,41.05,60.64,98.63,88.05,70.25,12005,4957,167,1084
231020,PARACURU,23,0.637,0.581,0.597,0.746,328.2,0.55,36.59,50.58,20.15,10.0,97.21,2.79,38.81,94.62,98.54,89.21,72.29,31636,20589,492,2837
231025,PARAIPABA,23,0.634,0.602,0.574,0.738,283.79,0.5,38.48,54.14,19.94,9.42,97.76,2.24,33.21,88.53,99.15,95.33,67.36,30041,13435,489,2848
231030,PARAMBU,23,0.57,0.46,0.526,0.764,211.05,0.53,51.58,67.36,35.09,10.11,96.65,3.35,54.69,63.73,96.28,90.86,77.56,31309,14106,562,3071
231040,PARAMOTI,23,0.583,0.518,0.515,0.741,196.63,0.52,49.98,70.47,29.78,10.01,98.74,1.26,43.63,68.21,98.06,94.16,59.27,11308,5540,197,1160
231050,PEDRA BRANCA,23,0.603,0.521,0.541,0.779,231.56,0.5,41.95,56.84,33.19,9.69,98.06,1.94,46.65,73.19,98.09,96.0,71.86,41890,24510,692,3598
231060,PENAFORTE,23,0.646,0.626,0.566,0.761,271.18,0.45,34.26,48.29,22.17,10.11,96.69,3.31,33.58,76.06,99.5,87.75,66.53,8226,6399,124,732
231070,PENTECOSTE,23,0.629,0.604,0.562,0.734,264.95,0.56,44.8,61.01,24.8,9.85,97.35,2.65,36.11,80.2,98.22,97.01,71.88,35400,21394,599,3245
231080,PEREIRO,23,0.601,0.534,0.525,0.776,209.49,0.53,51.12,68.35,29.57,9.2,97.9,2.1,43.18,78.53,98.98,93.09,58.84,15757,5433,260,1439
231085,PINDORETAMA,23,0.636,0.588,0.581,0.754,296.99,0.45,30.09,43.9,21.7,9.46,97.64,2.36,33.67,87.36,98.73,86.21,65.78,18683,11280,231,1470
231090,PIQUET CARNEIRO,23,0.6,0.523,0.53,0.779,217.02,0.52,48.21,66.47,26.34,9.16,95.99,4.01,47.05,63.96,99.27,97.24,65.7,15467,7440,170,1115
231095,PIRES FERREIRA,23,0.591,0.526,0.51,0.769,191.39,0.51,52.34,68.9,29.94,10.4,96.86,3.14,44.02,72.27,99.78,76.57,69.29,10216,3354,159,968
231100,PORANGA,23,0.581,0.5,0.527,0.746,212.87,0.54,53.0,69.66,33.97,9.28,98.77,1.23,52.24,72.34,97.78,60.68,57.32,12001,7798,196,1057
231110,PORTEIRAS,23,0.622,0.592,0.531,0.765,218.44,0.49,47.62,65.46,29.17,9.42,97.61,2.39,36.1,62.63,99.47,97.98,58.68,15061,6189,222,1216
231120,POTENGI,23,0.562,0.441,0.529,0.759,215.12,0.58,53.53,71.19,34.52,8.34,92.75,7.25,54.56,65.49,99.12,92.85,53.36,10276,5714,182,968
231123,POTIRETAMA,23,0.604,0.538,0.544,0.754,236.09,0.5,43.54,59.99,29.11,9.5,98.06,1.94,41.38,50.5,98.93,88.25,61.65,6126,2703,105,540
231126,QUITERIANÓPOLIS,23,0.594,0.518,0.524,0.774,208.58,0.55,49.89,63.78,32.81,10.04,98.49,1.51,48.15,61.06,96.17,88.44,68.82,19921,6305,305,1757
231130,QUIXADÁ,23,0.659,0.624,0.592,0.775,317.66,0.53,36.21,53.47,22.94,9.69,95.81,4.19,32.24,72.09,99.39,91.26,70.08,80604,57485,1387,6992
231135,QUIXELÔ,23,0.591,0.52,0.548,0.725,242.27,0.51,45.02,64.84,36.7,10.34,97.8,2.2,40.96,82.24,99.69,96.71,70.14,15000,4929,226,1218
231140,QUIXERAMOBIM,23,0.642,0.567,0.592,0.789,317.45,0.56,38.37,53.21,24.2,9.35,96.73,3.27,35.35,78.72,99.07,89.83,61.77,71887,43424,1181,6299
231150,QUIXERÉ,23,0.622,0.556,0.56,0.774,260.79,0.44,34.25,51.58,26.03,9.73,97.49,2.51,42.2,88.55,99.35,96.49,65.31,19412,11930,296,1681
231160,REDENÇÃO,23,0.626,0.577,0.567,0.75,273.08,0.5,38.32,55.59,24.32,9.3,98.12,1.88,37.45,72.84,99.91,86.54,61.64,26415,15134,413,2292
231170,RERIUTABA,23,0.601,0.509,0.56,0.761,260.65,0.6,50.02,67.62,29.25,9.72,96.69,3.31,48.93,77.73,99.38,84.73,65.34,19455,10590,355,1882
231180,RUSSAS,23,0.674,0.626,0.617,0.791,372.43,0.46,22.09,36.21,19.59,10.48,97.18,2.82,32.79,88.02,99.73,95.68,77.59,69833,44952,1070,5827
231190,SABOEIRO,23,0.575,0.499,0.533,0.715,220.94,0.54,50.76,67.76,33.5,9.0,97.08,2.92,50.44,62.66,91.09,97.09,57.74,15752,8455,260,1441
231195,SALITRE,23,0.54,0.434,0.497,0.732,176.75,0.49,53.46,68.14,39.98,8.94,97.29,2.71,62.13,13.46,94.95,79.14,57.18,15453,6263,334,1762
231200,SANTANA DO ACARAÚ,23,0.587,0.5,0.536,0.755,224.83,0.66,59.47,74.05,29.56,8.84,95.38,4.62,50.94,61.98,98.68,78.65,52.04,29946,15372,492,2919
231210,SANTANA DO CARIRI,23,0.612,0.557,0.527,0.779,212.7,0.56,56.11,72.61,30.0,10.32,97.91,2.09,39.38,60.84,97.3,92.34,73.25,17170,8822,271,1822
231220,SANTA QUITÉRIA,23,0.616,0.553,0.546,0.775,238.84,0.56,48.79,64.03,27.43,9.82,97.6,2.4,41.34,70.35,97.59,77.6,64.33,42763,22260,711,4019
231230,SÃO BENEDITO,23,0.611,0.531,0.562,0.764,263.94,0.51,42.61,59.12,27.09,9.64,98.14,1.86,45.4,86.7,99.86,89.48,64.16,44178,24554,760,4396
231240,SÃO GONÇALO DO AMARANTE,23,0.665,0.646,0.587,0.775,309.14,0.51,33.04,44.72,20.12,10.28,98.1,1.9,30.3,84.02,98.46,82.78,73.59,43890,28537,705,3827
231250,SÃO JOÃO DO JAGUARIBE,23,0.654,0.576,0.62,0.784,378.76,0.5,27.57,47.04,25.8,9.94,99.18,0.82,36.2,96.16,99.72,99.04,69.97,7900,3169,103,518
231260,SÃO LUÍS DO CURU,23,0.62,0.593,0.558,0.719,257.9,0.51,42.2,57.0,22.37,9.55,95.43,4.57,34.43,69.28,98.38,91.3,70.7,12332,7961,175,1054
231270,SENADOR POMPEU,23,0.619,0.537,0.574,0.77,283.8,0.51,37.35,55.94,27.06,9.99,96.42,3.58,45.55,76.83,98.49,88.63,67.52,26469,15706,404,2212
231280,SENADOR SÁ,23,0.603,0.565,0.528,0.735,214.23,0.52,50.98,67.39,33.16,9.45,98.21,1.79,41.65,82.46,97.71,52.5,59.03,6852,5068,123,676
231290,SOBRAL,23,0.714,0.675,0.647,0.832,448.89,0.56,25.2,37.99,17.0,10.66,97.92,2.08,26.08,95.01,99.53,95.61,78.35,188233,166310,2875,16091
231300,SOLONÓPOLE,23,0.625,0.574,0.565,0.754,269.25,0.51,40.69,58.95,26.22,9.91,98.63,1.37,37.1,75.98,99.52,97.09,68.3,17665,9106,269,1472
231310,TABULEIRO DO NORTE,23,0.645,0.547,0.62,0.791,379.75,0.53,30.02,44.49,22.54,9.19,97.38,2.62,42.91,75.47,99.67,93.76,59.25,29204,18806,392,2245
231320,TAMBORIL,23,0.58,0.476,0.526,0.779,211.64,0.52,49.31,66.67,32.97,9.61,97.15,2.85,49.97,81.34,99.02,83.72,61.3,25451,14202,407,2302
231325,TARRAFAS,23,0.576,0.482,0.529,0.751,214.72,0.54,49.69,69.47,35.51,9.69,96.8,3.2,53.04,77.41,98.44,95.26,66.82,8910,2624,107,806
231330,TAUÁ,23,0.633,0.56,0.585,0.773,305.42,0.57,41.03,59.0,27.34,9.86,97.67,2.33,42.14,78.22,98.83,96.07,69.81,55716,32259,926,5234
231335,TEJUÇUOCA,23,0.584,0.52,0.517,0.742,199.81,0.52,51.38,67.02,27.78,9.42,98.27,1.73,48.12,59.92,97.79,95.99,60.99,16827,6335,288,1679
231340,TIANGUÁ,23,0.657,0.587,0.628,0.768,398.29,0.61,34.54,49.86,24.02,9.68,98.0,2.0,45.32,89.94,99.48,85.39,68.81,68892,45819,1178,6785
231350,TRAIRI,23,0.606,0.577,0.522,0.739,205.89,0.55,53.07,66.25,23.62,10.45,98.13,1.87,38.33,75.99,96.45,77.94,73.65,51422,18784,924,4959
231355,TURURU,23,0.606,0.576,0.508,0.76,188.84,0.54,54.19,68.27,28.0,9.89,96.21,3.79,38.22,79.47,99.09,88.48,76.29,14408,5288,245,1325
231360,UBAJARA,23,0.648,0.594,0.595,0.769,325.13,0.54,36.4,51.72,24.57,9.88,98.71,1.29,34.15,80.45,99.13,93.93,67.38,31787,15350,571,3027
231370,UMARI,23,0.591,0.497,0.535,0.778,223.62,0.55,50.85,73.34,32.46,8.51,96.52,3.48,48.34,80.46,99.75,71.44,52.45,7545,3918,119,712
231375,UMIRIM,23,0.587,0.524,0.514,0.751,195.42,0.53,52.27,68.72,28.47,9.1,95.57,4.43,44.76,77.86,98.57,91.2,60.08,18802,11091,302,1830
231380,URUBURETAMA,23,0.639,0.608,0.564,0.76,267.47,0.54,41.37,55.54,22.85,10.14,95.96,4.04,35.46,76.87,98.56,95.87,69.7,19765,14689,341,1935
231390,URUOCA,23,0.566,0.485,0.503,0.745,182.85,0.53,56.79,73.26,36.46,9.85,97.66,2.34,57.32,71.33,97.31,85.25,64.9,12883,7671,220,1243
231395,VARJOTA,23,0.611,0.545,0.575,0.728,286.41,0.52,40.41,57.54,26.67,9.47,96.63,3.37,41.61,91.82,99.32,87.0,63.95,17593,14416,269,1753
231400,VÁRZEA ALEGRE,23,0.629,0.576,0.569,0.759,276.17,0.54,42.91,63.87,28.56,9.8,97.0,3.0,36.57,84.62,99.71,91.21,70.54,38434,23896,546,3170
231410,VIÇOSA DO CEARÁ,23,0.571,0.475,0.521,0.753,204.23,0.6,57.51,73.69,31.42,8.94,96.89,3.11,50.99,65.81,98.56,80.43,58.46,54955,17827,1020,5795
240010,ACARI,24,0.679,0.634,0.633,0.779,410.61,0.49,20.79,33.68,17.81,10.05,97.58,2.42,26.85,87.52,99.96,100.0,70.69,11035,8902,132,771
240020,AÇU,24,0.661,0.568,0.641,0.795,432.38,0.53,22.16,34.33,22.48,9.72,97.58,2.42,37.17,88.83,98.65,99.47,60.54,53227,39359,787,4614
240030,AFONSO BEZERRA,24,0.585,0.502,0.56,0.713,261.3,0.53,40.0,56.05,30.68,9.66,98.78,1.22,46.24,76.2,99.45,98.28,59.21,10844,5759,179,988
240040,ÁGUA NOVA,24,0.616,0.572,0.527,0.776,212.82,0.44,42.81,49.28,22.66,10.52,99.22,0.78,34.75,86.49,99.14,100.0,72.34,2980,1908,48,256
240050,ALEXANDRIA,24,0.606,0.491,0.581,0.779,296.5,0.53,39.4,54.44,33.42,8.74,97.52,2.48,45.35,84.87,98.68,94.95,52.37,13507,9189,189,1073
240060,ALMINO AFONSO,24,0.624,0.568,0.578,0.739,291.3,0.49,34.52,47.57,25.05,9.91,95.51,4.49,33.24,73.19,99.47,95.93,67.85,4871,3479,78,377
240070,ALTO DO RODRIGUES,24,0.672,0.585,0.647,0.8,447.67,0.47,16.86,26.04,19.3,9.86,97.32,2.68,33.46,85.87,99.45,99.42,69.49,12305,8873,206,1043
240080,ANGICOS,24,0.624,0.53,0.606,0.756,347.65,0.51,29.17,37.21,26.34,9.39,96.52,3.48,32.01,90.47,98.64,90.88,63.14,11549,10085,183,981
240090,ANTÔNIO MARTINS,24,0.578,0.458,0.554,0.76,251.04,0.51,42.55,60.11,30.78,8.73,98.0,2.0,51.94,84.71,99.32,86.95,51.81,6907,3784,134,629
240100,APODI,24,0.639,0.571,0.611,0.747,358.66,0.55,31.03,42.99,23.91,9.58,97.17,2.83,39.05,71.44,98.98,99.78,60.49,34763,17531,472,2577
240110,AREIA BRANCA,24,0.682,0.621,0.647,0.79,449.02,0.48,19.46,31.04,16.31,10.36,99.35,0.65,30.73,86.47,99.49,99.23,69.3,25315,20317,374,1990
240120,ARÊS,24,0.606,0.523,0.587,0.725,309.04,0.53,36.12,50.73,25.69,9.03,97.82,2.18,43.39,86.96,99.02,94.8,59.36,12924,8069,237,1240
240130,AUGUSTO SEVERO,24,0.621,0.495,0.624,0.774,388.39,0.68,41.22,56.81,28.88,8.84,98.01,1.99,49.3,55.03,98.32,91.93,58.86,9289,5002,162,856
240140,BAÍA FORMOSA,24,0.609,0.534,0.59,0.718,315.25,0.47,28.35,38.79,22.88,9.46,98.12,1.88,36.79,90.93,99.94,99.26,60.73,8573,7128,163,824
240145,BARAÚNA,24,0.574,0.446,0.562,0.756,263.68,0.42,27.97,39.63,28.1,8.32,96.9,3.1,55.76,80.07,98.96,96.48,53.61,24182,15210,521,2437
240150,BARCELONA,24,0.566,0.442,0.564,0.726,266.71,0.5,37.89,57.54,29.51,9.34,98.56,1.44,53.9,80.12,98.41,95.72,51.22,3950,1756,64,375
240160,BENTO FERNANDES,24,0.582,0.494,0.542,0.737,233.48,0.47,41.72,57.82,28.3,10.13,98.52,1.48,45.49,75.37,99.68,91.62,60.32,5113,2067,88,547
240165,BODÓ,24,0.629,0.565,0.57,0.772,277.16,0.52,40.52,59.1,24.86,8.65,98.29,1.71,30.76,76.83,99.55,97.4,52.95,2425,1393,41,213
240170,BOM JESUS,24,0.584,0.46,0.583,0.743,300.38,0.54,38.16,55.47,32.05,8.84,99.25,0.75,57.04,87.55,99.13,99.16,49.83,9440,6768,183,915
240180,BREJINHO,24,0.592,0.492,0.585,0.722,304.8,0.49,33.96,51.55,31.23,8.44,95.27,4.73,53.59,86.99,99.54,97.26,56.32,11577,8925,207,1144
240185,CAIÇARA DO NORTE,24,0.574,0.454,0.572,0.727,280.53,0.53,43.31,59.14,25.52,8.27,97.36,2.64,51.79,92.22,97.7,98.51,47.38,6016,5894,118,592
240190,CAIÇARA DO RIO DO VENTO,24,0.587,0.499,0.553,0.734,250.07,0.49,41.66,56.55,25.65,9.43,96.35,3.65,46.84,89.46,98.96,100.0,56.09,3308,2526,53,258
240200,CAICÓ,24,0.71,0.619,0.703,0.824,637.13,0.56,12.1,19.48,15.34,9.97,97.27,2.73,27.61,93.35,99.46,94.12,67.06,62709,57461,893,4751
240210,CAMPO REDONDO,24,0.626,0.584,0.554,0.758,251.73,0.56,43.34,60.36,25.71,9.88,96.13,3.87,30.63,50.76,98.56,97.31,71.48,10266,5197,143,876
240220,CANGUARETAMA,24,0.579,0.486,0.557,0.718,256.22,0.49,39.54,52.02,26.63,8.64,97.55,2.45,49.99,92.07,98.13,85.06,51.65,30916,20235,603,3215
240230,CARAÚBAS,24,0.638,0.556,0.594,0.786,321.99,0.54,35.25,51.06,26.71,9.62,98.69,1.31,40.55,78.57,98.61,97.82,60.76,19576,13704,316,1574
240240,CARNAÚBA DOS DANTAS,24,0.659,0.577,0.624,0.796,387.8,0.41,15.98,28.48,14.37,9.6,97.79,2.21,33.94,79.1,99.43,99.2,64.95,7429,6028,101,555
240250,CARNAUBAIS,24,0.589,0.476,0.583,0.738,300.27,0.52,33.1,46.31,25.64,8.82,97.43,2.57,41.53,87.53,97.63,92.09,53.31,9762,4757,162,849
240260,CEARÁ-MIRIM,24,0.616,0.505,0.599,0.774,332.89,0.51,31.29,45.17,21.76,8.75,95.5,4.5,44.74,81.18,99.44,98.05,55.86,68141,35494,1107,6493
240270,CERRO CORÁ,24,0.607,0.518,0.573,0.754,282.84,0.54,41.08,54.71,27.39,10.09,98.16,1.84,42.44,67.07,99.01,97.25,65.81,10916,4742,190,968
240280,CORONEL EZEQUIEL,24,0.587,0.476,0.545,0.778,238.25,0.55,46.48,65.89,29.97,9.06,98.97,1.03,56.23,51.3,99.22,97.93,57.0,5405,2273,78,477
240290,CORONEL JOÃO PESSOA,24,0.578,0.471,0.549,0.748,243.22,0.5,43.15,57.55,33.16,8.69,96.08,3.92,54.4,86.02,99.79,95.73,52.56,4772,1777,84,507
240300,CRUZETA,24,0.654,0.621,0.602,0.748,339.38,0.42,20.57,32.13,22.23,9.96,99.32,0.68,30.46,85.01,99.48,97.67,69.74,7967,6521,114,533
240310,CURRAIS NOVOS,24,0.691,0.617,0.673,0.794,526.96,0.58,22.64,35.61,17.87,9.91,97.81,2.19,25.16,88.17,99.38,98.14,66.9,42652,37777,610,3268
240320,DOUTOR SEVERIANO,24,0.621,0.566,0.567,0.747,272.21,0.49,37.37,55.93,24.76,9.99,97.58,2.42,40.18,90.91,99.39,98.12,70.6,6492,2783,109,568
240325,PARNAMIRIM,24,0.766,0.726,0.75,0.825,850.44,0.55,10.91,19.32,7.96,10.24,97.87,2.13,19.77,98.66,99.89,98.81,70.97,202456,202456,2894,16125
240330,ENCANTO,24,0.629,0.536,0.589,0.787,312.34,0.47,31.52,45.83,24.28,9.33,97.54,2.46,48.8,78.6,99.78,99.01,62.0,5231,2130,75,462
240340,EQUADOR,24,0.623,0.546,0.578,0.765,292.55,0.5,34.24,48.99,22.82,9.61,98.89,1.11,43.42,78.87,99.24,93.25,60.77,5822,4810,94,531
240350,ESPÍRITO SANTO,24,0.558,0.423,0.549,0.748,243.23,0.54,46.01,63.66,38.36,9.2,95.52,4.48,57.39,89.32,98.71,95.83,53.65,10475,5000,198,1012
240360,EXTREMOZ,24,0.66,0.555,0.64,0.808,428.65,0.54,23.67,36.85,17.2,8.84,96.56,3.44,40.34,93.88,99.1,90.79,57.7,24569,15769,446,2343
240370,FELIPE GUERRA,24,0.636,0.575,0.582,0.768,298.6,0.48,32.1,45.25,21.46,9.67,99.21,0.79,37.98,77.07,97.05,87.95,64.96,5734,3875,61,396
240375,FERNANDO PEDROZA,24,0.597,0.519,0.565,0.727,269.67,0.55,39.83,49.58,29.64,8.6,95.27,4.73,33.12,79.69,96.21,94.73,54.77,2854,2437,49,218
240380,FLORÂNIA,24,0.642,0.56,0.611,0.775,359.0,0.49,26.34,42.17,23.2,9.28,97.66,2.34,35.15,83.2,99.9,96.8,64.59,8959,6857,127,638
240390,FRANCISCO DANTAS,24,0.606,0.523,0.582,0.732,298.43,0.5,33.49,51.82,29.06,8.12,97.73,2.27,44.85,80.0,99.45,98.54,50.18,2874,1647,40,213
240400,FRUTUOSO GOMES,24,0.597,0.512,0.565,0.737,269.48,0.47,35.42,55.68,25.67,9.33,98.24,1.76,42.97,81.24,100.0,98.54,55.93,4233,2812,59,303
240410,GALINHOS,24,0.564,0.429,0.578,0.723,291.78,0.57,39.6,53.35,26.85,8.53,99.55,0.45,60.05,74.01,99.3,99.3,50.02,2159,1238,56,237
240420,GOIANINHA,24,0.638,0.537,0.619,0.783,377.59,0.55,29.09,45.67,23.82,9.05,98.07,1.93,41.57,80.34,99.58,96.81,56.75,22481,15477,436,2249
240430,GOVERNADOR DIX-SEPT ROSADO,24,0.592,0.485,0.564,0.759,267.12,0.49,36.91,54.37,23.96,8.79,96.73,3.27,43.65,59.72,98.77,94.85,51.09,12374,6806,203,1004
240440,GROSSOS,24,0.664,0.585,0.633,0.79,410.84,0.49,19.85,28.38,25.88,10.51,97.85,2.15,35.55,87.02,98.79,97.84,71.69,9393,7039,153,724
240450,GUAMARÉ,24,0.626,0.505,0.632,0.769,407.49,0.51,23.79,33.73,22.78,8.45,96.79,3.21,46.65,87.74,98.3,99.68,57.29,12404,4407,236,1186
240460,IELMO MARINHO,24,0.55,0.418,0.521,0.766,204.5,0.51,46.4,62.11,28.12,8.48,95.78,4.22,57.85,51.9,97.81,95.47,51.2,12171,1546,218,1234
240470,IPANGUAÇU,24,0.603,0.518,0.568,0.744,273.8,0.48,34.99,51.11,27.74,8.94,97.6,2.4,43.49,74.92,98.26,95.89,58.61,13856,5383,275,1368
240480,IPUEIRA,24,0.679,0.633,0.627,0.788,395.09,0.4,15.35,22.6,23.94,9.62,98.04,1.96,37.6,94.38,99.92,100.0,65.24,2077,1889,32,186
240485,ITAJÁ,24,0.624,0.539,0.586,0.769,306.0,0.42,24.86,40.44,25.52,9.38,98.0,2.0,42.96,74.27,98.56,95.0,65.07,6932,5701,100,516
240490,ITAÚ,24,0.614,0.542,0.588,0.727,310.63,0.48,30.66,46.14,22.07,10.33,98.44,1.56,38.47,89.11,99.66,95.27,68.81,5564,4789,91,434
240500,JAÇANÃ,24,0.604,0.509,0.559,0.773,259.77,0.48,39.31,57.11,27.81,9.29,98.54,1.46,43.36,64.86,99.52,96.47,61.12,7925,5333,123,730
240510,JANDAÍRA,24,0.569,0.462,0.561,0.709,261.85,0.53,41.64,58.52,32.59,8.85,98.27,1.73,52.75,71.66,98.2,99.52,57.33,6801,3954,141,711
240520,JANDUÍS,24,0.615,0.529,0.567,0.776,272.39,0.47,36.84,56.08,27.76,8.82,97.39,2.61,43.01,77.69,99.66,99.7,55.03,5345,3992,92,467
240530,JANUÁRIO CICCO,24,0.574,0.481,0.511,0.771,192.34,0.53,55.65,74.3,35.46,9.94,96.4,3.6,45.62,76.74,99.29,100.0,66.53,9011,3209,156,894
240540,JAPI,24,0.569,0.48,0.528,0.726,214.04,0.51,48.65,67.32,34.8,9.65,97.88,2.12,50.93,58.06,99.4,94.06,55.75,5522,4107,92,546
240550,JARDIM DE ANGICOS,24,0.565,0.437,0.557,0.74,255.49,0.53,43.62,60.52,26.92,9.28,97.0,3.0,53.23,45.07,98.68,100.0,57.66,2607,433,48,223
240560,JARDIM DE PIRANHAS,24,0.603,0.469,0.59,0.792,314.6,0.42,22.22,32.14,25.77,8.97,96.5,3.5,45.75,82.65,99.61,97.24,55.01,13506,10596,201,1044
240570,JARDIM DO SERIDÓ,24,0.663,0.584,0.647,0.772,447.53,0.5,17.42,31.54,18.47,10.13,99.61,0.39,35.25,91.0,98.9,99.45,62.55,12113,9835,138,802
240580,JOÃO CÂMARA,24,0.595,0.484,0.6,0.724,335.64,0.56,35.99,52.74,26.78,9.75,97.76,2.24,53.09,78.63,99.4,97.69,57.7,32227,22657,590,3119
240590,JOÃO DIAS,24,0.53,0.39,0.495,0.771,174.39,0.55,56.29,75.53,38.86,7.58,87.76,12.24,54.68,79.65,98.2,84.1,45.73,2601,1166,49,237
240600,JOSÉ DA PENHA,24,0.608,0.489,0.583,0.788,301.09,0.47,31.13,47.35,29.73,9.53,98.38,1.62,55.16,93.86,99.21,95.23,54.53,5868,3542,87,489
240610,JUCURUTU,24,0.601,0.492,0.583,0.755,301.94,0.46,29.48,44.04,31.53,9.4,98.5,1.5,50.54,86.85,98.52,97.86,59.63,17692,10567,247,1353
240615,JUNDIÁ,24,0.595,0.492,0.552,0.775,248.13,0.44,36.66,57.58,35.44,8.93,97.0,3.0,52.04,71.23,99.82,100.0,55.97,3582,960,57,339
240620,LAGOA D'ANTA,24,0.601,0.507,0.58,0.739,295.37,0.54,41.93,56.29,33.2,9.73,95.78,4.22,48.35,87.4,99.22,98.34,60.48,6227,3982,125,635
240630,LAGOA DE PEDRAS,24,0.553,0.436,0.529,0.734,214.84,0.52,49.61,67.69,36.72,8.92,98.77,1.23,57.5,62.67,99.0,96.27,51.82,6989,2237,131,759
240640,LAGOA DE VELHOS,24,0.589,0.458,0.566,0.789,270.76,0.42,33.11,49.87,26.65,8.17,97.5,2.5,43.96,87.5,97.66,99.6,49.15,2668,1793,45,248
240650,LAGOA NOVA,24,0.585,0.483,0.542,0.764,233.77,0.5,44.26,59.13,29.24,9.19,95.48,4.52,53.06,85.06,99.51,96.0,59.67,13983,6801,236,1309
240660,LAGOA SALGADA,24,0.582,0.464,0.551,0.771,247.22,0.54,43.02,55.68,36.93,8.93,96.01,3.99,44.56,77.91,99.23,89.78,54.18,7564,5005,126,727
240670,LAJES,24,0.624,0.557,0.578,0.756,292.5,0.49,33.77,47.98,26.98,9.14,98.98,1.02,43.42,78.74,98.8,97.59,57.38,10381,8068,153,838
240680,LAJES PINTADAS,24,0.625,0.568,0.559,0.769,258.98,0.45,36.87,52.37,27.51,9.35,95.83,4.17,37.24,68.65,99.82,98.66,57.34,4612,2390,61,381
240690,LUCRÉCIA,24,0.646,0.551,0.624,0.785,388.31,0.62,37.17,53.57,23.93,9.17,99.54,0.46,36.43,80.68,99.92,98.86,54.57,3633,2280,65,310
240700,LUÍS GOMES,24,0.608,0.531,0.545,0.776,237.26,0.55,46.87,60.55,29.21,9.82,99.34,0.66,43.77,85.0,99.47,97.69,60.6,9610,6686,155,831
240710,MACAÍBA,24,0.64,0.545,0.613,0.784,363.97,0.5,26.57,40.28,22.55,9.31,97.61,2.39,42.69,86.5,99.29,95.16,59.76,69467,42631,1114,6220
240720,MACAU,24,0.665,0.572,0.65,0.792,457.22,0.5,18.75,27.74,18.94,9.18,97.71,2.29,35.5,90.17,98.34,98.0,60.53,28954,21966,460,2385
240725,MAJOR SALES,24,0.617,0.529,0.573,0.774,282.48,0.51,37.65,51.15,29.03,10.43,99.49,0.51,46.06,98.8,100.0,98.13,63.86,3536,2900,55,288
240730,MARCELINO VIEIRA,24,0.609,0.51,0.571,0.776,279.42,0.52,38.87,53.21,30.23,9.62,97.25,2.75,43.58,88.63,99.25,91.72,69.52,8265,4894,142,794
240740,MARTINS,24,0.622,0.538,0.58,0.772,295.35,0.49,34.34,49.84,19.21,9.56,98.92,1.08,35.87,76.2,99.55,85.42,59.97,8218,5036,123,655
240750,MAXARANGUAPE,24,0.608,0.506,0.582,0.764,298.87,0.52,38.32,55.01,21.8,9.79,98.03,1.97,47.49,95.99,99.03,79.85,60.0,10441,3889,198,1086
240760,MESSIAS TARGINO,24,0.644,0.565,0.608,0.779,350.8,0.44,22.22,36.57,32.39,10.02,96.96,3.04,41.72,76.87,99.12,98.37,67.22,4188,3638,60,368
240770,MONTANHAS,24,0.557,0.447,0.553,0.7,249.75,0.53,44.68,64.9,30.23,8.38,94.65,5.35,56.39,92.37,99.51,97.81,52.26,11413,8870,197,1161
240780,MONTE ALEGRE,24,0.609,0.507,0.578,0.77,292.15,0.52,38.34,55.16,28.92,9.29,98.6,1.4,44.45,92.77,99.72,95.68,59.07,20685,9002,371,1976
240790,MONTE DAS GAMELEIRAS,24,0.598,0.509,0.56,0.752,261.41,0.48,37.98,52.1,30.5,9.78,98.17,1.83,38.07,74.31,98.14,95.08,57.08,2261,1283,22,185
240800,MOSSORÓ,24,0.72,0.663,0.694,0.811,600.28,0.52,12.81,21.37,13.8,9.97,97.68,2.32,25.05,92.76,99.57,97.94,66.64,259815,237241,3905,20198
240810,NATAL,24,0.763,0.694,0.768,0.835,950.34,0.61,10.5,19.91,8.33,9.85,96.34,3.66,21.16,98.91,99.84,98.82,66.52,803739,803739,10749,57700
240820,NÍSIA FLORESTA,24,0.622,0.518,0.601,0.773,337.75,0.53,34.43,51.05,22.36,9.56,97.6,2.4,43.82,85.22,99.28,95.56,60.93,23784,9380,452,2308
240830,NOVA CRUZ,24,0.629,0.537,0.589,0.788,313.34,0.52,35.8,51.59,31.48,9.07,98.23,1.77,46.18,81.96,99.75,95.29,61.27,35490,24380,639,3402
240840,OLHO-D'ÁGUA DO BORGES,24,0.585,0.482,0.577,0.719,290.17,0.48,32.31,48.84,35.11,9.77,98.51,1.49,50.28,80.53,98.7,96.58,61.02,4295,3240,61,343
240850,OURO BRANCO,24,0.645,0.558,0.61,0.789,355.71,0.43,22.67,39.74,21.05,8.67,96.96,3.04,39.85,83.3,98.42,99.72,62.88,4699,3258,69,355
240860,PARANÁ,24,0.589,0.496,0.532,0.776,219.34,0.49,43.95,62.35,33.51,9.27,98.84,1.16,54.48,88.95,99.69,94.35,56.53,3952,821,49,321
240870,PARAÚ,24,0.603,0.522,0.582,0.721,298.75,0.46,29.79,43.32,27.94,9.71,98.46,1.54,39.85,85.0,96.81,95.61,60.89,3859,3335,65,334
240880,PARAZINHO,24,0.549,0.424,0.543,0.719,234.75,0.52,47.58,64.24,32.92,8.94,98.67,1.33,55.61,86.5,96.99,97.14,54.3,4845,3137,96,552
240890,PARELHAS,24,0.676,0.617,0.625,0.802,390.54,0.45,17.84,29.81,17.19,10.3,98.34,1.66,32.36,90.72,98.94,98.67,70.51,20354,17084,275,1607
240895,RIO DO FOGO,24,0.569,0.457,0.546,0.738,239.1,0.52,46.86,63.27,26.84,9.99,98.8,1.2,45.79,95.91,98.27,97.65,64.65,10059,3748,212,1098
240910,PASSA E FICA,24,0.606,0.516,0.565,0.763,269.09,0.51,41.09,53.11,32.4,9.24,96.99,3.01,45.83,87.26,98.64,99.03,63.5,11100,6755,161,957
240920,PASSAGEM,24,0.589,0.501,0.547,0.747,241.15,0.41,32.8,45.28,28.25,9.62,98.32,1.68,49.03,75.92,99.6,100.0,65.63,2895,1191,47,228
240930,PATU,24,0.618,0.513,0.599,0.768,331.98,0.52,32.52,47.39,27.88,9.65,96.82,3.18,43.2,62.71,97.83,98.3,60.05,11964,10159,193,1031
240933,SANTA MARIA,24,0.59,0.477,0.554,0.779,251.9,0.45,36.95,50.54,28.85,9.49,97.68,2.32,49.33,72.64,99.45,97.12,55.05,4762,3051,88,471
240940,PAU DOS FERROS,24,0.678,0.584,0.666,0.803,504.82,0.54,19.54,29.12,18.06,10.15,95.46,4.54,33.46,96.88,99.8,96.0,68.92,27745,25551,421,2251
240950,PEDRA GRANDE,24,0.559,0.43,0.526,0.773,210.52,0.48,47.63,62.68,24.7,8.61,97.17,2.83,57.01,67.0,98.79,99.52,46.38,3521,1161,68,355
240960,PEDRA PRETA,24,0.558,0.435,0.53,0.752,216.3,0.56,52.53,67.69,23.09,9.35,98.45,1.55,61.4,41.54,99.7,100.0,47.09,2590,990,45,223
240970,PEDRO AVELINO,24,0.583,0.435,0.577,0.788,289.53,0.52,35.73,51.73,28.15,8.94,98.78,1.22,50.95,71.22,98.11,95.14,52.06,7171,4120,109,634
240980,PEDRO VELHO,24,0.568,0.442,0.562,0.738,263.8,0.51,40.74,57.72,31.53,9.5,98.8,1.2,52.08,96.7,99.31,98.2,55.62,14114,7248,262,1346
240990,PENDÊNCIAS,24,0.631,0.526,0.633,0.753,412.01,0.55,25.5,37.45,22.97,9.06,97.73,2.27,42.46,91.99,99.83,99.4,63.56,13432,10574,238,1135
241000,PILÕES,24,0.614,0.527,0.566,0.777,270.87,0.47,35.11,48.9,29.59,9.26,97.89,2.11,42.57,88.65,99.44,100.0,66.04,3453,2533,49,263
241010,POÇO BRANCO,24,0.587,0.471,0.562,0.766,263.9,0.56,44.06,60.97,29.64,9.1,94.99,5.01,50.04,91.49,99.35,96.95,57.99,13949,7417,278,1482
241020,PORTALEGRE,24,0.621,0.547,0.581,0.754,296.9,0.52,36.04,50.89,23.8,9.69,98.47,1.53,41.31,62.07,99.0,98.7,64.9,7320,3843,133,581
241025,PORTO DO MANGUE,24,0.59,0.504,0.558,0.732,257.49,0.55,47.11,61.0,27.66,9.53,97.21,2.79,50.43,58.43,94.88,99.83,58.88,5217,3027,99,524
241030,PRESIDENTE JUSCELINO,24,0.563,0.453,0.552,0.713,247.77,0.56,44.94,62.57,32.07,8.81,95.45,4.55,57.56,85.23,99.46,100.0,53.71,8768,5313,169,970
241040,PUREZA,24,0.567,0.456,0.516,0.774,198.93,0.53,54.16,69.93,28.22,8.75,99.05,0.95,45.84,57.74,97.9,82.35,49.66,8424,2996,162,905
241050,RAFAEL FERNANDES,24,0.608,0.518,0.588,0.737,311.04,0.45,29.99,45.88,24.43,9.91,96.36,3.64,39.81,51.0,99.24,98.04,60.99,4692,2709,72,413
241060,RAFAEL GODEIRO,24,0.654,0.607,0.583,0.789,300.88,0.49,34.67,53.91,25.81,10.88,100.0,0.0,32.2,72.75,99.8,90.7,67.14,3063,1933,54,277
241070,RIACHO DA CRUZ,24,0.584,0.487,0.545,0.751,237.37,0.47,39.06,51.52,25.85,8.52,98.73,1.27,45.08,87.82,100.0,99.25,54.31,3165,2674,67,314
241080,RIACHO DE SANTANA,24,0.591,0.489,0.545,0.776,237.37,0.5,42.55,59.71,27.45,9.23,99.64,0.36,51.08,78.94,99.85,99.25,55.75,4156,1710,69,365
241090,RIACHUELO,24,0.592,0.481,0.561,0.767,262.85,0.54,44.06,61.37,30.28,8.43,96.79,3.21,45.75,80.72,99.62,96.13,48.47,7067,4342,141,757
241100,RODOLFO FERNANDES,24,0.604,0.519,0.561,0.758,263.32,0.46,38.54,57.7,30.44,9.58,99.02,0.98,43.4,88.43,98.7,99.87,64.51,4418,3734,76,391
241105,TIBAU,24,0.635,0.53,0.627,0.769,396.51,0.55,25.79,36.34,22.61,9.61,97.82,2.18,40.14,88.82,98.78,93.15,66.21,3687,2835,58,313
241110,RUY BARBOSA,24,0.605,0.517,0.548,0.78,241.96,0.51,45.02,61.25,30.96,9.54,98.71,1.29,38.54,57.59,97.99,98.93,59.57,3595,1736,52,345
241120,SANTA CRUZ,24,0.635,0.564,0.597,0.761,327.61,0.52,34.56,51.69,24.23,9.73,95.7,4.3,38.0,86.96,98.55,98.52,66.93,35797,30499,541,3055
241140,SANTANA DO MATOS,24,0.591,0.482,0.559,0.767,258.64,0.55,43.45,59.49,28.98,8.92,97.62,2.38,47.85,65.75,99.01,92.95,55.88,13809,6895,184,1029
241142,SANTANA DO SERIDÓ,24,0.642,0.58,0.595,0.767,325.16,0.41,24.2,43.88,19.54,8.92,99.1,0.9,38.98,82.57,100.0,100.0,58.04,2526,1653,37,192
241150,SANTO ANTÔNIO,24,0.62,0.512,0.595,0.782,323.81,0.57,38.2,56.12,30.4,9.29,97.89,2.11,49.16,80.55,98.78,99.61,56.22,22216,14280,343,1991
241160,SÃO BENTO DO NORTE,24,0.555,0.415,0.541,0.76,231.17,0.54,49.87,68.13,32.41,7.89,98.64,1.36,56.06,78.09,99.5,98.45,45.83,2975,1038,53,292
241170,SÃO BENTO DO TRAIRÍ,24,0.595,0.525,0.526,0.763,210.78,0.49,47.25,61.85,28.19,9.17,92.9,7.1,42.48,71.08,99.28,97.17,64.18,3905,1884,73,388
241180,SÃO FERNANDO,24,0.608,0.508,0.591,0.75,316.21,0.44,24.88,41.28,27.2,9.45,96.84,3.16,48.22,82.95,100.0,99.35,60.08,3401,2297,41,246
241190,SÃO FRANCISCO DO OESTE,24,0.628,0.547,0.581,0.779,298.15,0.41,25.45,37.51,26.86,9.25,96.6,3.4,38.89,92.24,100.0,99.79,63.47,3874,2948,55,307
241200,SÃO GONÇALO DO AMARANTE,24,0.661,0.564,0.619,0.829,377.16,0.44,18.83,28.5,14.74,9.18,95.8,4.2,34.54,97.0,99.63,92.35,61.54,87668,74099,1412,7888
241210,SÃO JOÃO DO SABUGI,24,0.655,0.581,0.62,0.779,379.2,0.47,24.26,34.15,20.42,9.73,96.91,3.09,30.4,84.23,99.83,99.51,63.96,5922,4756,72,411
241220,SÃO JOSÉ DE MIPIBU,24,0.611,0.508,0.599,0.748,331.85,0.55,37.28,54.16,24.52,9.01,96.34,3.66,54.37,77.09,98.93,96.28,60.59,39776,18232,786,3957
241230,SÃO JOSÉ DO CAMPESTRE,24,0.615,0.522,0.564,0.789,267.55,0.5,39.43,59.28,29.13,9.45,96.95,3.05,49.39,84.14,99.52,97.5,58.12,12356,10272,203,1152
241240,SÃO JOSÉ DO SERIDÓ,24,0.694,0.647,0.634,0.815,414.22,0.43,16.28,27.95,16.23,10.01,97.03,2.97,26.29,92.65,99.35,100.0,72.27,4231,3302,62,297
241250,SÃO MIGUEL,24,0.606,0.518,0.574,0.747,285.2,0.53,38.55,54.31,30.17,10.27,96.59,3.41,44.27,89.68,99.64,95.42,68.78,22157,14500,407,2002
241255,SÃO MIGUEL DO GOSTOSO,24,0.591,0.468,0.558,0.79,257.1,0.51,42.01,53.4,29.63,8.79,98.73,1.27,44.56,88.21,99.84,96.08,52.41,8670,4131,141,829
241260,SÃO PAULO DO POTENGI,24,0.622,0.555,0.584,0.744,303.74,0.48,32.43,48.51,25.22,9.19,97.86,2.14,44.52,84.56,99.96,98.59,57.64,15843,11468,286,1401
241270,SÃO PEDRO,24,0.589,0.449,0.574,0.794,285.21,0.52,39.67,59.95,30.39,8.96,97.65,2.35,58.06,66.34,99.12,96.31,53.35,6235,3494,108,567
241280,SÃO RAFAEL,24,0.611,0.493,0.588,0.787,309.77,0.52,33.38,51.52,31.55,10.07,98.18,1.82,51.97,82.95,95.72,99.04,65.3,8111,5538,125,633
241290,SÃO TOMÉ,24,0.585,0.461,0.565,0.77,268.71,0.49,36.86,53.66,30.91,8.94,97.16,2.84,49.09,63.4,97.32,98.89,56.08,10827,5941,173,934
241300,SÃO VICENTE,24,0.642,0.556,0.606,0.787,346.89,0.52,29.46,44.18,23.22,9.24,92.45,7.55,37.97,93.93,99.27,99.78,69.06,6028,3765,75,427
241310,SENADOR ELÓI DE SOUZA,24,0.583,0.504,0.523,0.752,207.76,0.5,48.58,64.61,31.07,9.53,97.68,2.32,50.69,83.74,98.3,98.71,59.2,5637,2423,106,563
241320,SENADOR GEORGINO AVELINO,24,0.57,0.455,0.543,0.748,234.85,0.43,39.67,58.96,27.45,7.72,97.15,2.85,57.1,92.61,99.28,91.55,48.22,3924,3881,83,391
241330,SERRA DE SÃO BENTO,24,0.582,0.482,0.551,0.741,247.06,0.53,43.8,60.39,37.01,9.0,97.43,2.57,47.73,61.87,99.72,98.4,52.34,5743,3262,89,511
241335,SERRA DO MEL,24,0.614,0.521,0.574,0.773,284.48,0.5,33.57,43.06,25.15,9.19,97.78,2.22,40.12,83.29,98.3,94.54,59.68,10287,2698,184,1025
241340,SERRA NEGRA DO NORTE,24,0.597,0.468,0.578,0.787,292.16,0.42,27.78,43.71,25.16,8.47,95.5,4.5,47.07,74.11,99.75,100.0,61.83,7770,4997,100,627
241350,SERRINHA,24,0.592,0.502,0.547,0.757,240.51,0.52,44.27,62.3,31.62,10.2,98.95,1.05,51.73,56.45,98.85,99.12,64.87,6581,2121,128,674
241355,SERRINHA DOS PINTOS,24,0.598,0.492,0.555,0.782,252.46,0.5,38.39,53.94,26.27,9.42,96.12,3.88,48.53,93.51,99.75,93.38,58.18,4540,2404,68,346
241360,SEVERIANO MELO,24,0.604,0.522,0.579,0.728,293.49,0.52,40.01,59.61,28.24,9.41,97.14,2.86,48.27,69.51,98.94,94.37,57.25,5752,2118,72,401
241370,SÍTIO NOVO,24,0.572,0.491,0.528,0.722,214.04,0.46,44.04,61.07,31.22,9.74,99.43,0.57,49.21,72.25,99.61,99.43,62.12,5020,2390,71,430
241380,TABOLEIRO GRANDE,24,0.612,0.507,0.57,0.792,277.54,0.48,37.62,51.08,23.23,10.36,95.81,4.19,50.75,59.57,98.25,95.82,71.59,2317,1887,41,216
241390,TAIPU,24,0.569,0.435,0.544,0.778,235.78,0.45,41.08,57.31,34.33,8.41,95.53,4.47,51.05,76.98,99.08,100.0,50.94,11836,4084,217,1173
241400,TANGARÁ,24,0.608,0.516,0.566,0.77,270.47,0.52,40.15,54.31,26.77,9.32,98.09,1.91,44.65,88.89,99.5,96.41,63.81,14175,9734,259,1336
241410,TENENTE ANANIAS,24,0.592,0.468,0.57,0.779,276.94,0.46,30.98,43.2,26.35,8.43,95.06,4.94,55.87,73.71,99.08,94.71,59.66,9883,6825,132,805
241415,TENENTE LAURENTINO CRUZ,24,0.623,0.586,0.559,0.737,259.72,0.47,38.97,51.25,21.96,10.62,98.12,1.88,36.43,93.64,99.22,98.6,72.09,5406,1152,112,527
241420,TIBAU DO SUL,24,0.645,0.504,0.672,0.794,523.75,0.6,25.13,38.56,21.48,7.7,95.76,4.24,41.53,89.66,98.84,97.17,50.04,11385,6861,228,1069
241430,TIMBAÚBA DOS BATISTAS,24,0.64,0.591,0.614,0.723,365.42,0.36,11.76,18.1,23.23,10.18,99.38,0.62,33.32,88.59,99.87,99.3,64.22,2295,1728,31,148
241440,TOUROS,24,0.572,0.466,0.562,0.716,264.4,0.52,43.37,57.86,29.63,8.77,99.15,0.85,50.43,81.76,98.43,99.61,55.1,31089,7922,600,3200
241445,TRIUNFO POTIGUAR,24,0.602,0.516,0.579,0.73,294.09,0.48,35.84,50.31,29.83,9.89,97.75,2.25,49.08,80.81,96.69,98.32,59.49,3368,2197,69,317
241450,UMARIZAL,24,0.618,0.506,0.59,0.792,313.6,0.51,33.29,51.55,25.54,9.84,97.34,2.66,45.67,90.33,99.02,91.29,63.8,10659,9069,163,874
241460,UPANEMA,24,0.596,0.516,0.542,0.758,233.97,0.54,45.63,60.63,28.69,8.6,97.96,2.04,50.03,72.46,98.58,98.62,62.69,12992,6298,233,1167
241470,VÁRZEA,24,0.626,0.552,0.577,0.771,289.33,0.48,33.25,53.91,31.24,10.16,97.77,2.23,44.76,87.84,99.81,99.46,61.32,5236,4321,72,438
241475,VENHA-VER,24,0.555,0.473,0.501,0.722,180.53,0.5,48.98,64.36,32.42,8.93,98.8,1.2,55.16,94.84,98.74,89.82,53.09,3821,1199,47,360
241480,VERA CRUZ,24,0.587,0.494,0.558,0.735,258.12,0.42,31.47,48.51,31.68,9.16,97.83,2.17,52.54,85.21,99.53,98.5,60.62,10719,4695,193,1042
241490,VIÇOSA,24,0.592,0.502,0.552,0.747,247.9,0.47,36.19,47.76,22.42,8.99,99.05,0.95,38.71,91.27,99.55,99.55,49.07,1618,1541,16,132
241500,VILA FLOR,24,0.576,0.471,0.561,0.722,262.96,0.46,30.15,36.46,23.99,8.45,99.04,0.96,39.7,97.96,97.24,95.94,42.14,2872,2784,47,309
250010,ÁGUA BRANCA,25,0.572,0.484,0.542,0.712,233.65,0.54,46.27,59.27,26.36,7.87,97.59,2.41,51.54,62.95,99.44,98.53,48.92,9449,4061,185,973
250020,AGUIAR,25,0.597,0.447,0.632,0.753,407.32,0.65,38.4,56.85,37.65,9.36,98.84,1.16,56.34,61.9,99.4,96.19,57.94,5530,2701,87,489
250030,ALAGOA GRANDE,25,0.582,0.43,0.576,0.797,287.94,0.53,39.36,58.8,34.7,7.78,97.36,2.64,58.79,81.83,98.76,91.89,41.14,28479,17531,477,2635
250040,ALAGOA NOVA,25,0.576,0.451,0.567,0.749,272.81,0.54,43.82,63.23,28.54,8.97,97.85,2.15,61.7,62.44,99.66,99.12,54.7,19681,9794,386,1911
250050,ALAGOINHA,25,0.595,0.462,0.574,0.795,284.64,0.52,42.05,58.5,35.29,9.01,98.71,1.29,55.69,79.22,98.44,97.09,56.36,13576,9034,242,1292
250053,ALCANTIL,25,0.578,0.458,0.55,0.765,245.01,0.48,41.92,61.21,30.6,7.82,95.64,4.36,52.66,2.94,99.3,98.76,53.24,5239,2064,78,445
250057,ALGODÃO DE JANDAÍRA,25,0.548,0.413,0.532,0.749,218.7,0.47,44.78,64.27,32.68,9.03,98.64,1.36,64.65,22.59,99.0,95.72,48.75,2366,1231,43,228
250060,ALHANDRA,25,0.582,0.465,0.544,0.778,236.14,0.45,39.52,53.94,26.27,8.67,96.31,3.69,52.9,89.62,99.0,90.73,57.88,18007,11153,328,1788
250070,SÃO JOÃO DO RIO DO PEIXE,25,0.608,0.49,0.586,0.782,306.87,0.53,38.29,56.43,27.83,9.45,98.71,1.29,50.37,73.6,98.83,97.69,59.81,18201,6885,255,1390
250073,AMPARO,25,0.606,0.551,0.537,0.752,225.5,0.5,47.32,65.15,21.49,9.7,97.97,2.03,38.96,58.65,99.68,98.33,65.23,2088,1062,40,178
250077,APARECIDA,25,0.578,0.456,0.567,0.747,271.98,0.51,38.01,57.82,29.29,9.09,96.21,3.79,54.5,81.74,99.25,96.68,60.19,7676,3638,119,629
250080,ARAÇAGI,25,0.549,0.412,0.54,0.745,230.52,0.53,47.59,64.24,38.6,8.13,94.98,5.02,61.25,61.37,99.14,97.9,47.38,17224,6804,253,1464
250090,ARARA,25,0.548,0.407,0.569,0.712,276.67,0.54,42.53,63.68,38.52,8.66,97.23,2.77,56.36,76.4,98.45,92.86,52.49,12653,8924,193,1050
250100,ARARUNA,25,0.567,0.439,0.549,0.758,244.02,0.52,44.45,60.45,39.54,9.56,97.47,2.53,61.46,64.38,98.96,93.68,63.05,18879,9328,335,1977
250110,AREIA,25,0.594,0.467,0.593,0.756,319.92,0.55,36.99,54.41,29.96,9.1,97.52,2.48,58.23,79.97,98.29,97.05,58.93,23829,14598,412,2103
250115,AREIA DE BARAÚNAS,25,0.562,0.462,0.566,0.68,270.54,0.46,37.49,53.55,32.56,9.79,98.89,1.11,48.17,56.76,99.82,92.66,53.06,1927,1017,25,174
250120,AREIAL,25,0.608,0.503,0.573,0.779,282.18,0.49,37.1,55.88,26.65,9.73,98.13,1.87,51.62,61.97,99.92,97.01,61.67,6470,4600,115,577
250130,AROEIRAS,25,0.548,0.411,0.537,0.745,226.05,0.58,51.12,72.46,35.56,8.23,97.91,2.09,66.45,39.92,99.0,88.88,45.03,19082,9531,347,1917
250135,ASSUNÇÃO,25,0.609,0.51,0.601,0.738,336.67,0.54,34.81,49.26,26.26,9.41,99.02,0.98,51.35,0.77,100.0,98.4,57.11,3522,2846,77,329
250140,BAÍA DA TRAIÇÃO,25,0.581,0.495,0.541,0.731,231.78,0.58,51.72,66.92,25.2,8.8,98.69,1.31,48.05,91.84,99.07,90.35,49.08,8012,3092,171,862
250150,BANANEIRAS,25,0.568,0.43,0.555,0.766,253.3,0.59,48.12,63.95,35.39,8.74,94.61,5.39,58.92,63.09,99.7,95.92,53.42,21851,8668,410,2206
250153,BARAÚNA,25,0.558,0.459,0.526,0.718,211.36,0.51,45.85,56.98,28.29,9.12,96.92,3.08,51.64,0.15,100.0,99.37,58.17,4220,3187,74,380
250157,BARRA DE SANTANA,25,0.567,0.465,0.526,0.747,211.08,0.5,49.7,70.77,30.94,9.05,97.62,2.38,49.26,16.73,98.01,90.44,63.84,8206,731,124,682
250160,BARRA DE SANTA ROSA,25,0.562,0.434,0.542,0.753,233.51,0.52,47.35,66.09,37.21,8.39,96.92,3.08,62.02,57.58,99.02,98.36,48.61,14157,7956,205,1276
250170,BARRA DE SÃO MIGUEL,25,0.572,0.44,0.584,0.728,302.44,0.45,31.77,54.16,23.61,8.77,97.46,2.54,59.85,69.87,99.32,100.0,54.29,5611,2364,89,487
250180,BAYEUX,25,0.649,0.566,0.619,0.779,376.74,0.46,20.28,32.88,15.49,9.02,96.43,3.57,37.32,98.46,99.65,95.81,55.85,99716,98793,1613,8712
250190,BELÉM,25,0.592,0.492,0.557,0.759,256.2,0.49,39.82,57.48,34.08,9.0,94.69,5.31,54.21,85.4,98.71,97.42,56.85,17093,14112,261,1478
250200,BELÉM DO BREJO DO CRUZ,25,0.578,0.451,0.55,0.779,245.71,0.46,38.54,51.58,38.15,8.97,96.41,3.59,50.05,74.42,97.74,97.21,60.24,7143,5260,114,644
250205,BERNARDINO BATISTA,25,0.558,0.462,0.526,0.716,211.04,0.55,51.3,67.76,30.83,9.66,98.65,1.35,49.58,47.43,98.87,97.33,56.08,3075,858,59,316
250210,BOA VENTURA,25,0.599,0.48,0.566,0.79,271.06,0.46,34.05,53.0,29.33,9.13,97.62,2.38,53.29,74.6,98.31,92.65,57.42,5751,3522,98,465
250215,BOA VISTA,25,0.649,0.582,0.59,0.796,314.11,0.42,24.29,36.5,16.01,10.49,98.46,1.54,37.14,61.5,98.23,99.22,69.26,6227,3208,101,518
250220,BOM JESUS,25,0.597,0.477,0.584,0.762,303.29,0.5,33.6,50.67,25.16,9.73,98.96,1.04,47.38,74.82,99.56,96.0,56.85,2400,988,50,227
250230,BOM SUCESSO,25,0.592,0.494,0.558,0.752,257.9,0.45,37.31,55.33,30.94,10.07,96.46,3.54,40.85,90.68,99.06,88.95,74.25,5035,2030,73,401
250240,BONITO DE SANTA FÉ,25,0.574,0.427,0.564,0.786,267.09,0.52,40.59,59.12,29.26,7.48,96.37,3.63,58.68,76.22,99.05,96.39,45.38,10804,7399,203,1022
250250,BOQUEIRÃO,25,0.607,0.496,0.592,0.763,319.11,0.46,30.31,48.72,24.08,9.14,96.01,3.99,49.89,73.46,99.17,96.53,57.12,16888,12006,265,1425
250260,IGARACY,25,0.61,0.496,0.575,0.794,286.68,0.52,38.65,53.79,32.19,9.23,97.86,2.14,53.92,77.28,99.73,97.06,51.78,6156,4121,92,558
250270,BORBOREMA,25,0.558,0.426,0.544,0.75,236.01,0.5,45.57,63.58,32.56,8.39,98.11,1.89,56.31,84.3,99.59,89.48,47.99,5111,3732,111,546
250280,BREJO DO CRUZ,25,0.597,0.463,0.575,0.798,287.2,0.47,33.44,47.84,31.58,8.95,97.16,2.84,52.61,75.92,98.55,96.09,62.12,13123,9898,215,1078
250290,BREJO DOS SANTOS,25,0.619,0.541,0.564,0.776,267.6,0.46,33.43,50.99,28.37,10.02,96.69,3.31,48.46,87.29,99.72,97.46,70.79,6198,4634,99,518
250300,CAAPORÃ,25,0.602,0.509,0.565,0.757,268.46,0.47,34.74,45.59,23.86,8.97,98.08,1.92,48.9,86.11,98.52,86.46,58.47,20362,17548,388,2143
250310,CABACEIRAS,25,0.611,0.523,0.574,0.759,283.93,0.46,34.32,53.2,18.04,9.63,99.68,0.32,43.04,74.6,98.31,96.66,62.08,5035,2217,86,417
250320,CABEDELO,25,0.748,0.651,0.782,0.822,1036.21,0.7,15.61,24.66,10.67,9.85,97.27,2.73,31.39,97.74,99.71,96.49,66.12,57944,57936,900,4736
250330,CACHOEIRA DOS ÍNDIOS,25,0.587,0.453,0.583,0.766,301.77,0.5,35.41,57.19,27.27,9.04,95.86,4.14,63.14,72.55,99.25,95.73,61.31,9546,3403,158,809
250340,CACIMBA DE AREIA,25,0.596,0.497,0.553,0.771,249.79,0.49,34.74,45.48,26.83,8.82,93.38,6.62,45.6,58.39,99.11,98.96,71.63,3557,1674,63,307
250350,CACIMBA DE DENTRO,25,0.564,0.419,0.551,0.777,246.21,0.53,43.92,61.88,38.84,9.02,97.2,2.8,62.2,72.19,99.05,96.35,59.04,16748,9158,292,1618
250355,CACIMBAS,25,0.523,0.425,0.501,0.672,181.17,0.53,54.82,70.68,36.11,8.68,96.42,3.58,64.94,55.09,98.24,95.03,51.26,6814,1641,152,827
250360,CAIÇARA,25,0.592,0.488,0.58,0.733,294.68,0.51,36.18,52.5,34.16,9.08,97.72,2.28,54.64,72.24,99.22,98.64,54.07,7220,5190,115,627
250370,CAJAZEIRAS,25,0.679,0.574,0.668,0.815,511.56,0.56,21.8,36.0,19.45,9.92,97.22,2.78,41.01,86.38,99.34,96.15,62.56,58446,47501,841,4529
250375,CAJAZEIRINHAS,25,0.55,0.413,0.521,0.773,205.12,0.5,46.83,63.31,34.81,8.32,96.89,3.11,62.29,53.28,98.19,100.0,51.23,3033,1000,45,277
250380,CALDAS BRANDÃO,25,0.568,0.451,0.562,0.723,264.06,0.47,33.13,48.41,35.88,8.87,96.41,3.59,60.25,78.92,98.3,93.98,49.21,5637,3224,97,481
250390,CAMALAÚ,25,0.567,0.431,0.549,0.77,242.92,0.46,39.77,58.64,29.73,8.0,96.87,3.13,52.63,57.78,99.52,97.22,53.61,5749,2887,106,548
250400,CAMPINA GRANDE,25,0.72,0.654,0.702,0.812,630.03,0.58,16.34,28.22,11.68,9.69,97.59,2.41,29.73,97.87,99.86,97.86,63.25,385213,367209,5727,30853
250403,CAPIM,25,0.533,0.4,0.52,0.728,203.67,0.48,45.4,58.96,39.85,8.32,95.65,4.35,66.12,89.87,99.44,78.95,46.64,5601,4106,102,596
250407,CARAÚBAS,25,0.585,0.485,0.58,0.71,296.38,0.45,32.0,49.07,19.09,8.73,98.35,1.65,59.59,65.74,99.27,100.0,60.5,3899,1517,56,364
250410,CARRAPATEIRA,25,0.603,0.543,0.529,0.765,214.54,0.47,43.95,55.38,28.08,9.14,98.33,1.67,34.08,71.53,99.81,100.0,56.43,2378,1713,36,188
250415,CASSERENGUE,25,0.514,0.379,0.492,0.73,171.37,0.57,60.98,77.48,41.06,8.79,98.15,1.85,67.95,48.9,97.47,97.85,50.23,7058,3458,121,686
250420,CATINGUEIRA,25,0.574,0.455,0.553,0.753,249.16,0.52,44.24,68.62,35.77,9.15,97.05,2.95,60.43,74.29,99.61,95.15,58.28,4812,2884,99,474
250430,CATOLÉ DO ROCHA,25,0.64,0.539,0.617,0.787,371.92,0.5,25.92,38.4,23.14,9.38,97.96,2.04,45.31,85.15,99.74,97.29,61.95,28759,21323,429,2319
250435,CATURITÉ,25,0.623,0.502,0.617,0.782,371.05,0.56,32.76,46.85,22.44,9.39,99.52,0.48,38.03,44.85,99.52,96.36,55.93,4543,1024,69,427
250440,CONCEIÇÃO,25,0.592,0.476,0.577,0.754,290.63,0.56,41.03,59.5,32.72,8.4,95.67,4.33,50.84,78.05,98.58,91.99,52.08,18363,11433,304,1603
250450,CONDADO,25,0.594,0.476,0.573,0.769,282.25,0.48,36.04,54.8,29.61,9.08,97.08,2.92,56.61,81.54,97.6,96.63,53.68,6584,4562,99,527
250460,CONDE,25,0.618,0.5,0.591,0.797,316.81,0.52,33.02,46.63,23.19,8.69,95.6,4.4,52.36,66.65,98.98,74.89,59.0,21400,14487,403,2094
250470,CONGO,25,0.581,0.477,0.562,0.731,263.84,0.49,39.52,56.4,28.54,7.97,98.53,1.47,48.0,69.15,99.79,97.36,48.02,4687,2942,74,455
250480,COREMAS,25,0.592,0.452,0.578,0.794,291.3,0.51,39.64,60.03,33.41,8.94,94.64,5.36,62.32,85.04,99.82,95.94,54.93,15149,11419,225,1351
250485,COXIXOLA,25,0.641,0.567,0.586,0.794,306.15,0.48,33.86,52.35,21.21,9.41,98.04,1.96,44.65,93.2,99.87,95.96,53.31,1771,782,19,114
250490,CRUZ DO ESPÍRITO SANTO,25,0.552,0.408,0.531,0.778,217.47,0.43,41.99,56.77,33.05,8.03,96.14,3.86,59.23,73.17,98.16,95.4,48.56,16257,7440,332,1693
250500,CUBATI,25,0.566,0.448,0.545,0.742,237.71,0.48,43.48,63.1,27.75,9.5,98.29,1.71,56.05,70.7,99.47,92.15,55.49,6866,4769,134,669
250510,CUITÉ,25,0.591,0.47,0.574,0.766,284.57,0.51,39.34,57.91,31.72,9.15,98.27,1.73,52.22,67.23,99.33,100.0,52.76,19978,13462,271,1611
250520,CUITEGI,25,0.57,0.45,0.563,0.732,265.78,0.49,39.28,56.54,34.36,8.14,96.49,3.51,61.18,90.57,97.71,94.68,49.87,6889,5608,125,671
250523,CUITÉ DE MAMANGUAPE,25,0.524,0.398,0.529,0.683,214.92,0.48,45.65,63.75,41.21,7.52,98.38,1.62,66.93,64.26,97.47,77.69,35.07,6202,2069,101,576
250527,CURRAL DE CIMA,25,0.529,0.392,0.528,0.715,214.4,0.52,50.03,71.42,40.5,8.23,97.37,2.63,70.18,34.4,95.83,100.0,44.59,5209,473,84,503
250530,CURRAL VELHO,25,0.606,0.491,0.613,0.739,362.28,0.59,37.35,51.1,34.92,9.05,99.15,0.85,58.97,77.31,98.53,87.6,52.94,2505,1410,46,233
250535,DAMIÃO,25,0.521,0.391,0.503,0.72,182.89,0.49,55.88,71.44,39.66,9.35,97.4,2.6,63.41,29.65,97.79,97.53,54.5,4900,2278,82,463
250540,DESTERRO,25,0.58,0.49,0.551,0.724,247.16,0.54,45.85,63.43,25.49,8.96,97.54,2.46,53.1,63.11,99.16,85.08,62.15,7991,4889,150,784
250550,VISTA SERRANA,25,0.566,0.424,0.554,0.773,251.49,0.47,36.01,57.72,25.55,8.88,92.82,7.18,56.95,56.66,99.6,97.68,67.58,3512,1586,53,311
250560,DIAMANTE,25,0.593,0.496,0.562,0.748,264.08,0.55,44.37,59.25,30.3,8.74,95.4,4.6,47.16,73.24,98.25,87.58,60.38,6616,3818,113,573
250570,DONA INÊS,25,0.545,0.447,0.524,0.69,208.12,0.54,54.57,72.52,39.32,9.53,98.03,1.97,54.49,45.3,98.52,99.3,67.84,10517,4655,164,1040
250580,DUAS ESTRADAS,25,0.603,0.488,0.565,0.795,269.85,0.51,41.23,60.74,30.58,8.76,97.04,2.96,52.68,77.28,98.59,98.67,54.53,3638,2839,52,330
250590,EMAS,25,0.595,0.492,0.554,0.773,251.41,0.46,40.16,60.28,30.43,10.44,99.55,0.45,46.69,78.75,99.85,99.89,64.84,3317,2132,61,326
250600,ESPERANÇA,25,0.623,0.526,0.598,0.767,330.66,0.54,35.6,52.15,26.04,9.52,97.33,2.67,51.23,70.98,99.84,99.76,68.68,31095,21631,504,2767
250610,FAGUNDES,25,0.56,0.432,0.543,0.749,235.02,0.52,45.51,64.89,32.24,8.69,97.63,2.37,65.8,55.88,98.96,97.05,51.3,11405,5465,197,1036
250620,FREI MARTINHO,25,0.641,0.542,0.631,0.77,405.38,0.57,29.34,48.87,29.96,10.01,100.0,0.0,47.6,80.94,99.43,100.0,70.89,2933,1807,43,204
250625,GADO BRAVO,25,0.513,0.373,0.491,0.737,170.29,0.56,58.49,77.71,32.83,8.36,96.86,3.14,59.92,18.84,98.87,87.48,46.62,8376,908,124,785
250630,GUARABIRA,25,0.673,0.586,0.641,0.812,430.83,0.53,24.23,38.1,20.25,9.23,95.68,4.32,37.24,96.08,99.35,98.05,63.33,55326,48960,810,4552
250640,GURINHÉM,25,0.556,0.435,0.544,0.728,235.88,0.45,40.47,57.74,37.77,8.36,97.23,2.77,57.09,60.0,98.82,99.49,52.82,13872,5795,180,1273
250650,GURJÃO,25,0.625,0.581,0.576,0.729,288.53,0.45,32.13,44.82,21.02,10.12,98.37,1.63,35.81,71.02,98.28,100.0,64.47,3159,2128,39,246
250660,IBIARA,25,0.586,0.479,0.548,0.768,242.08,0.53,43.87,68.04,37.98,9.26,96.1,3.9,54.42,74.06,98.76,92.07,59.52,6031,3686,81,486
250670,IMACULADA,25,0.557,0.461,0.524,0.715,208.83,0.52,47.71,63.49,30.75,8.98,97.87,2.13,54.1,59.39,99.1,91.55,60.14,11352,5063,285,1314
250680,INGÁ,25,0.592,0.471,0.573,0.768,282.85,0.49,34.75,50.61,36.42,9.27,97.68,2.32,53.6,70.11,99.25,98.49,57.8,18180,11599,313,1683
250690,ITABAIANA,25,0.613,0.536,0.592,0.727,319.34,0.5,34.43,50.82,27.46,9.15,96.7,3.3,45.59,76.26,99.33,92.8,62.85,24481,19731,391,1995
250700,ITAPORANGA,25,0.615,0.517,0.607,0.742,349.02,0.5,30.81,50.21,22.84,9.37,96.96,3.04,52.15,81.46,99.96,95.91,60.4,23192,17629,383,2067
250710,ITAPOROROCA,25,0.564,0.437,0.543,0.757,235.44,0.48,42.48,60.57,33.62,9.04,97.12,2.88,58.41,76.25,99.27,98.76,52.61,16997,10856,263,1524
250720,ITATUBA,25,0.562,0.436,0.549,0.742,244.16,0.49,43.44,62.28,38.07,8.36,95.53,4.47,62.43,57.25,99.08,95.81,51.18,10201,5955,177,948
250730,JACARAÚ,25,0.558,0.435,0.554,0.72,250.76,0.54,45.62,64.17,32.93,8.88,97.75,2.25,63.11,84.0,99.08,91.06,54.18,13942,8032,246,1336
250740,JERICÓ,25,0.603,0.476,0.577,0.798,290.17,0.51,33.33,46.94,28.8,9.88,98.11,1.89,56.04,82.39,99.87,89.57,64.29,7538,4729,102,658
250750,JOÃO PESSOA,25,0.763,0.693,0.77,0.832,964.82,0.62,11.59,20.15,8.11,9.87,96.93,3.07,23.68,99.51,99.96,99.24,66.88,723515,720785,10371,53678
250760,JUAREZ TÁVORA,25,0.579,0.465,0.544,0.768,236.56,0.48,42.08,63.81,35.85,9.04,97.73,2.27,60.14,83.22,98.66,97.74,57.79,7459,5852,123,698
250770,JUAZEIRINHO,25,0.567,0.435,0.557,0.753,255.68,0.51,40.72,58.54,26.01,8.62,97.77,2.23,58.17,57.58,99.46,94.26,50.03,16776,9124,329,1731
250780,JUNCO DO SERIDÓ,25,0.617,0.576,0.571,0.715,280.15,0.47,33.64,47.67,21.71,9.44,96.27,3.73,46.48,76.31,98.53,100.0,64.23,6643,4369,100,565
250790,JURIPIRANGA,25,0.548,0.448,0.544,0.677,235.6,0.53,46.18,64.76,34.34,8.67,97.44,2.56,62.5,76.41,99.42,98.39,57.62,10237,9586,191,993
250800,JURU,25,0.57,0.443,0.552,0.758,247.78,0.51,41.84,56.02,33.41,8.2,97.16,2.84,56.13,67.92,99.41,97.0,49.86,9826,4359,168,876
250810,LAGOA,25,0.563,0.448,0.533,0.747,219.92,0.45,42.27,65.67,33.84,9.06,93.82,6.18,55.3,66.08,98.23,94.37,64.1,4681,2304,76,403
250820,LAGOA DE DENTRO,25,0.57,0.444,0.539,0.772,228.8,0.52,46.93,66.91,31.9,8.38,97.61,2.39,59.15,58.46,98.7,97.53,47.67,7370,3975,122,642
250830,LAGOA SECA,25,0.627,0.516,0.621,0.769,380.73,0.54,31.8,47.65,21.26,8.53,97.41,2.59,48.7,53.52,99.74,97.82,50.43,25900,10570,416,2343
250840,LASTRO,25,0.533,0.38,0.532,0.747,219.67,0.44,38.53,53.97,31.09,9.74,97.97,2.03,60.77,53.38,97.58,95.25,56.33,2841,1335,37,238
250850,LIVRAMENTO,25,0.566,0.473,0.523,0.732,207.73,0.5,48.84,66.3,23.13,8.7,97.34,2.66,54.8,44.69,99.16,98.37,58.59,7164,3752,120,658
250855,LOGRADOURO,25,0.583,0.47,0.544,0.776,236.33,0.42,38.52,53.71,34.11,9.29,98.57,1.43,54.85,66.58,99.17,100.0,56.67,3942,1723,59,330
250860,LUCENA,25,0.583,0.469,0.577,0.734,289.29,0.55,42.91,58.2,25.32,8.08,94.44,5.56,56.45,88.52,98.97,90.4,52.32,11730,10152,238,1211
250870,MÃE D'ÁGUA,25,0.542,0.429,0.52,0.712,202.88,0.5,46.84,68.06,30.2,9.09,96.42,3.58,52.89,78.08,98.96,98.95,55.57,4019,1569,74,370
250880,MALTA,25,0.642,0.533,0.62,0.8,378.53,0.58,32.54,48.93,27.97,9.66,96.76,3.24,43.62,88.84,98.17,93.64,65.97,5613,4905,91,519
250890,MAMANGUAPE,25,0.585,0.453,0.585,0.756,305.46,0.52,37.04,52.19,27.9,8.53,96.47,3.53,55.37,81.02,99.61,93.95,52.46,42303,34234,716,3924
250900,MANAÍRA,25,0.543,0.426,0.537,0.698,225.93,0.53,47.91,66.35,35.01,8.25,95.76,4.24,57.98,69.27,98.49,86.41,51.66,10759,6027,214,1004
250905,MARCAÇÃO,25,0.529,0.408,0.525,0.691,209.46,0.51,47.34,61.86,33.33,7.91,97.84,2.16,56.92,96.72,99.45,73.17,46.11,7609,2849,165,831
250910,MARI,25,0.548,0.429,0.553,0.692,250.22,0.46,38.18,54.79,35.54,9.0,98.68,1.32,56.52,90.83,99.31,99.33,51.58,21176,17455,353,1860
250915,MARIZÓPOLIS,25,0.608,0.512,0.582,0.753,299.15,0.51,34.8,49.87,27.07,9.59,97.31,2.69,39.58,92.65,99.17,86.2,58.84,6173,5357,100,537
250920,MASSARANDUBA,25,0.567,0.441,0.552,0.747,247.98,0.46,36.48,52.35,30.75,8.97,98.49,1.51,63.09,52.65,99.55,97.87,58.43,12902,4484,204,1252
250930,MATARACA,25,0.536,0.427,0.533,0.675,219.95,0.48,45.29,60.66,27.14,8.53,98.01,1.99,58.8,95.5,98.7,97.15,45.78,7407,6548,131,752
250933,MATINHAS,25,0.541,0.4,0.531,0.747,217.6,0.44,43.67,62.37,31.61,8.34,96.84,3.16,67.12,35.04,99.38,100.0,49.51,4321,682,67,404
250937,MATO GROSSO,25,0.565,0.419,0.566,0.76,271.56,0.45,35.09,47.32,41.52,7.92,94.42,5.58,54.63,79.42,98.99,97.83,52.12,2702,1201,34,229
250939,MATURÉIA,25,0.572,0.474,0.54,0.73,230.63,0.51,45.01,63.04,28.13,9.51,98.38,1.62,61.33,66.01,99.81,98.83,57.11,5939,3857,113,607
250940,MOGEIRO,25,0.574,0.481,0.538,0.732,227.05,0.5,44.98,61.39,32.28,8.7,98.63,1.37,55.73,33.45,99.48,96.03,45.99,12491,5583,213,1218
250950,MONTADAS,25,0.59,0.505,0.545,0.748,238.17,0.47,39.35,52.75,25.28,9.04,97.01,2.99,56.67,62.15,99.41,99.82,60.59,4990,3156,83,481
250960,MONTE HOREBE,25,0.587,0.463,0.579,0.755,292.96,0.54,40.78,61.42,29.46,8.01,98.46,1.54,59.65,66.18,99.09,99.32,48.02,4508,2501,75,414
250970,MONTEIRO,25,0.628,0.558,0.625,0.709,392.05,0.57,31.19,46.12,27.38,9.7,97.45,2.55,48.54,72.46,99.55,100.0,69.83,30852,20261,503,2535
250980,MULUNGU,25,0.565,0.423,0.548,0.778,242.9,0.49,43.94,66.2,35.24,7.73,98.17,1.83,60.58,68.06,98.95,93.7,45.44,9469,4536,164,892
250990,NATUBA,25,0.541,0.432,0.516,0.71,198.68,0.54,54.86,74.12,38.93,9.18,99.28,0.72,60.83,48.02,99.11,73.66,55.14,10566,3634,167,991
251000,NAZAREZINHO,25,0.562,0.449,0.528,0.747,213.53,0.52,48.25,71.26,31.5,8.92,96.51,3.49,57.37,50.47,99.29,95.04,58.08,7280,3184,119,658
251010,NOVA FLORESTA,25,0.601,0.498,0.576,0.758,287.45,0.51,40.01,55.67,28.62,9.57,96.74,3.26,47.07,86.1,99.5,99.17,64.62,10533,7892,193,961
251020,NOVA OLINDA,25,0.573,0.453,0.557,0.744,255.69,0.52,41.01,59.04,31.75,7.99,97.42,2.58,51.6,78.52,98.49,99.82,45.38,6070,3227,100,589
251030,NOVA PALMEIRA,25,0.595,0.488,0.567,0.762,272.29,0.45,39.25,57.78,24.66,9.38,99.13,0.87,43.72,59.16,99.95,99.01,55.38,4361,2552,54,385
251040,OLHO D'ÁGUA,25,0.572,0.452,0.533,0.776,220.96,0.55,48.89,66.75,33.58,9.39,97.99,2.01,54.54,63.19,99.59,88.24,60.82,6931,3868,114,644
251050,OLIVEDOS,25,0.603,0.54,0.531,0.766,217.32,0.49,48.31,70.18,19.37,8.32,98.81,1.19,36.44,53.54,99.9,99.67,44.63,3627,1902,55,307
251060,OURO VELHO,25,0.614,0.518,0.585,0.764,305.23,0.47,33.36,48.18,22.91,6.98,92.21,7.79,33.9,73.43,99.45,94.94,46.24,2928,2047,44,221
251065,PARARI,25,0.584,0.467,0.583,0.733,300.27,0.49,34.6,57.03,20.85,9.27,99.25,0.75,53.19,60.7,99.8,95.02,53.35,1256,699,21,102
251070,PASSAGEM,25,0.62,0.534,0.566,0.79,270.29,0.51,38.25,48.82,29.23,10.74,97.63,2.37,39.02,58.78,98.64,80.44,70.14,2233,1109,40,192
251080,PATOS,25,0.701,0.628,0.667,0.821,508.52,0.56,18.86,30.37,18.42,10.14,97.75,2.25,33.55,95.65,99.57,97.54,72.66,100674,97278,1637,8574
251090,PAULISTA,25,0.587,0.461,0.587,0.747,308.48,0.49,33.87,52.43,32.2,9.25,96.0,4.0,53.06,57.19,99.64,98.4,65.44,11788,5720,189,945
251100,PEDRA BRANCA,25,0.599,0.532,0.532,0.761,219.29,0.5,45.9,62.35,25.55,9.34,97.93,2.07,46.93,80.24,99.09,98.66,62.84,3721,2365,77,351
251110,PEDRA LAVRADA,25,0.574,0.458,0.564,0.733,267.79,0.49,38.47,54.5,27.76,9.31,98.8,1.2,54.25,45.91,99.45,98.85,57.99,7475,3075,122,657
251120,PEDRAS DE FOGO,25,0.59,0.468,0.568,0.771,273.39,0.53,41.27,55.45,30.27,9.32,96.82,3.18,47.89,82.67,99.89,99.7,58.93,27032,16358,481,2469
251130,PIANCÓ,25,0.621,0.55,0.593,0.736,321.21,0.53,35.0,49.29,29.26,9.39,97.35,2.65,43.81,76.67,99.05,92.38,61.63,15465,11278,253,1264
251140,PICUÍ,25,0.608,0.506,0.596,0.745,326.53,0.53,33.95,50.24,24.66,8.98,97.71,2.29,47.12,70.7,99.61,99.49,59.96,18222,12120,312,1690
251150,PILAR,25,0.579,0.461,0.544,0.775,236.08,0.49,41.05,56.55,31.64,9.36,97.22,2.78,54.83,69.71,98.16,94.73,59.02,11191,7673,158,997
251160,PILÕES,25,0.56,0.409,0.559,0.767,259.0,0.59,46.12,62.17,36.17,7.94,97.55,2.45,58.35,69.76,99.66,95.48,45.71,6978,3332,132,681
251170,PILÕEZINHOS,25,0.564,0.421,0.532,0.802,218.98,0.43,40.66,57.79,33.23,7.79,95.97,4.03,63.7,75.37,99.88,99.61,44.73,5155,2747,80,486
251180,PIRPIRITUBA,25,0.595,0.499,0.566,0.745,270.98,0.52,39.96,56.55,29.9,8.54,96.66,3.34,46.71,82.41,99.53,97.87,53.94,10326,7894,187,903
251190,PITIMBU,25,0.57,0.456,0.538,0.753,227.76,0.51,47.7,63.18,27.59,8.99,97.28,2.72,52.44,74.79,98.87,76.3,55.77,17024,10384,377,1882
251200,POCINHOS,25,0.591,0.477,0.556,0.779,253.75,0.46,38.75,58.53,25.15,9.1,98.24,1.76,56.49,59.59,99.7,96.86,60.23,17032,9618,335,1597
251203,POÇO DANTAS,25,0.525,0.408,0.506,0.702,186.82,0.49,50.83,66.68,36.46,9.02,98.34,1.66,56.01,79.92,99.62,100.0,50.58,3751,977,71,351
251207,POÇO DE JOSÉ DE MOURA,25,0.612,0.497,0.578,0.797,291.18,0.45,32.12,51.83,27.03,9.26,98.52,1.48,39.88,69.08,99.71,100.0,53.05,3978,1425,49,335
251210,POMBAL,25,0.634,0.515,0.629,0.787,401.6,0.54,26.6,40.32,26.08,9.03,95.39,4.61,52.93,82.43,99.37,96.4,62.98,32110,25753,469,2453
251220,PRATA,25,0.608,0.514,0.566,0.772,271.47,0.44,33.64,46.58,23.49,10.04,98.97,1.03,35.2,76.55,98.9,95.94,61.67,3854,2444,47,318
251230,PRINCESA ISABEL,25,0.606,0.514,0.6,0.72,334.74,0.47,25.97,40.56,25.33,9.55,95.74,4.26,49.57,77.96,99.42,97.49,65.69,21283,14528,340,1889
251240,PUXINANÃ,25,0.617,0.542,0.574,0.754,283.93,0.45,33.32,49.93,21.59,10.24,98.41,1.59,41.9,61.74,99.58,94.44,70.4,12923,4217,229,1172
251250,QUEIMADAS,25,0.608,0.489,0.578,0.796,292.5,0.46,31.78,46.61,22.56,8.95,96.63,3.37,47.94,73.21,99.8,96.51,57.49,41049,22236,716,3837
251260,QUIXABÁ,25,0.622,0.579,0.564,0.737,267.39,0.46,34.31,53.4,26.24,10.48,99.01,0.99,39.95,47.67,99.63,99.14,74.72,1699,633,33,146
251270,REMÍGIO,25,0.607,0.474,0.592,0.797,319.14,0.55,38.78,55.66,30.7,9.31,97.1,2.9,57.05,78.76,98.87,98.05,63.42,17581,12953,335,1643
251272,PEDRO RÉGIS,25,0.542,0.399,0.529,0.754,215.39,0.51,48.88,67.26,42.86,8.95,99.18,0.82,67.67,64.97,99.2,68.45,49.48,5765,2148,86,541
251274,RIACHÃO,25,0.574,0.481,0.515,0.763,197.04,0.49,47.37,64.66,31.48,9.66,98.85,1.15,56.81,70.43,100.0,85.9,67.1,3266,2026,49,307
251275,RIACHÃO DO BACAMARTE,25,0.553,0.417,0.561,0.721,262.31,0.49,40.26,56.44,35.81,9.06,96.94,3.06,60.31,58.48,99.14,93.04,54.38,4264,2663,80,422
251276,RIACHÃO DO POÇO,25,0.555,0.426,0.537,0.748,225.44,0.49,43.06,61.01,33.63,9.14,97.41,2.59,59.89,39.74,99.14,74.11,56.41,4164,1287,84,431
251278,RIACHO DE SANTO ANTÔNIO,25,0.594,0.502,0.569,0.735,275.73,0.43,33.46,50.48,24.64,8.72,98.16,1.84,46.15,61.52,98.32,100.0,56.55,1722,1186,23,158
251280,RIACHO DOS CAVALOS,25,0.568,0.447,0.546,0.752,239.15,0.44,37.61,51.56,32.64,7.89,97.15,2.85,50.49,61.03,99.59,92.86,50.09,8314,4025,145,724
251290,RIO TINTO,25,0.585,0.48,0.562,0.742,264.5,0.5,40.28,57.37,26.56,8.68,97.56,2.44,52.82,60.38,98.43,91.7,50.2,22976,13057,359,1956
251300,SALGADINHO,25,0.563,0.454,0.531,0.739,217.39,0.46,42.28,62.06,33.02,9.16,97.51,2.49,51.15,34.59,98.61,75.24,58.53,3508,1203,65,330
251310,SALGADO DE SÃO FÉLIX,25,0.568,0.448,0.531,0.77,217.45,0.5,45.74,65.61,36.87,8.25,97.3,2.7,60.9,63.82,98.87,96.02,49.73,11976,5250,181,1051
251315,SANTA CECÍLIA,25,0.525,0.402,0.515,0.699,197.49,0.48,50.59,68.65,35.61,8.49,98.48,1.52,61.4,1.22,99.36,90.69,47.78,6658,1868,110,663
251320,SANTA CRUZ,25,0.618,0.523,0.578,0.779,291.16,0.46,30.87,49.7,28.18,10.42,96.46,3.54,38.98,86.85,99.6,97.57,68.47,6471,2988,64,427
251330,SANTA HELENA,25,0.609,0.504,0.57,0.786,277.52,0.5,36.89,59.0,26.11,10.11,98.46,1.54,44.58,76.2,99.17,98.5,66.36,5369,2702,75,443
251335,SANTA INÊS,25,0.572,0.492,0.54,0.706,229.72,0.55,48.87,67.43,32.15,9.12,96.19,3.81,49.03,62.69,94.3,88.39,57.49,3539,1430,57,338
251340,SANTA LUZIA,25,0.682,0.635,0.62,0.804,379.3,0.51,28.12,44.89,20.02,9.78,97.83,2.17,36.91,92.99,99.36,97.43,68.01,14719,13479,222,1242
251350,SANTANA DE MANGUEIRA,25,0.535,0.414,0.488,0.756,166.28,0.54,58.22,73.5,36.29,7.85,94.49,5.51,66.38,71.35,99.41,95.97,47.0,5331,2231,118,501
251360,SANTANA DOS GARROTES,25,0.594,0.479,0.568,0.772,274.26,0.48,36.73,55.03,35.17,9.4,96.23,3.77,45.74,75.24,99.46,64.43,63.61,7266,3736,92,545
251365,SANTARÉM,25,0.622,0.568,0.553,0.765,249.67,0.44,34.96,50.54,35.85,10.45,98.59,1.41,35.52,81.2,99.46,100.0,68.98,2615,840,41,225
251370,SANTA RITA,25,0.627,0.534,0.597,0.774,328.16,0.46,26.14,40.33,20.61,8.95,96.31,3.69,43.35,88.41,99.5,93.47,57.54,120310,103717,2053,10813
251380,SANTA TERESINHA,25,0.627,0.513,0.586,0.82,306.95,0.59,37.24,56.39,27.14,10.14,98.81,1.19,56.64,69.78,99.89,99.58,66.02,4581,2208,80,417
251385,SANTO ANDRÉ,25,0.6,0.476,0.568,0.797,273.72,0.47,32.13,48.34,27.15,9.35,99.12,0.88,40.44,2.14,99.76,100.0,55.13,2638,865,31,189
251390,SÃO BENTO,25,0.58,0.424,0.597,0.769,328.99,0.47,28.67,40.63,33.59,8.32,95.26,4.74,62.1,84.69,99.88,97.54,55.97,30879,25040,483,2660
251392,SÃO BENTINHO,25,0.606,0.491,0.575,0.787,286.99,0.46,36.03,57.93,32.8,9.52,97.91,2.09,43.85,76.23,99.81,98.14,61.24,4138,2845,72,357
251394,SÃO DOMINGOS DO CARIRI,25,0.589,0.438,0.603,0.773,341.56,0.47,28.06,47.92,23.81,8.52,97.16,2.84,53.39,62.2,99.27,99.22,53.28,2420,1034,33,200
251396,SÃO DOMINGOS,25,0.548,0.394,0.555,0.754,253.36,0.46,34.76,47.78,38.55,8.93,94.03,5.97,63.06,49.58,99.21,90.79,66.97,2855,994,44,231
251398,SÃO FRANCISCO,25,0.58,0.481,0.56,0.726,261.15,0.45,34.4,54.08,31.46,10.02,96.87,3.13,52.83,88.65,100.0,98.31,72.4,3364,1363,35,254
251400,SÃO JOÃO DO CARIRI,25,0.622,0.488,0.618,0.797,373.55,0.53,28.35,46.72,18.73,9.17,98.39,1.61,40.16,68.69,99.5,99.69,50.71,4344,2347,56,353
251410,SÃO JOÃO DO TIGRE,25,0.552,0.424,0.523,0.758,207.42,0.51,48.97,67.87,35.78,7.27,96.09,3.91,67.83,27.47,98.79,93.54,42.41,4396,1529,82,428
251420,SÃO JOSÉ DA LAGOA TAPADA,25,0.53,0.389,0.53,0.722,216.66,0.49,43.46,63.1,42.35,8.14,93.53,6.47,64.39,65.24,98.67,80.73,52.41,7564,3315,137,626
251430,SÃO JOSÉ DE CAIANA,25,0.565,0.434,0.545,0.762,238.28,0.44,39.0,56.47,32.19,7.87,97.25,2.75,61.05,46.44,97.2,91.74,41.42,6010,2729,128,631
251440,SÃO JOSÉ DE ESPINHARAS,25,0.577,0.448,0.543,0.79,234.08,0.45,42.46,62.27,32.0,9.17,96.36,3.64,49.48,49.23,97.55,99.51,64.58,4760,1617,74,401
251445,SÃO JOSÉ DOS RAMOS,25,0.541,0.406,0.527,0.738,212.12,0.51,46.85,62.19,38.36,8.61,98.11,1.89,61.76,45.1,99.32,97.52,50.18,5508,2373,81,531
251450,SÃO JOSÉ DE PIRANHAS,25,0.591,0.461,0.594,0.755,321.53,0.5,32.25,50.33,25.03,9.19,97.47,2.53,59.25,74.09,99.15,96.01,57.32,19096,10795,314,1705
251455,SÃO JOSÉ DE PRINCESA,25,0.565,0.443,0.533,0.765,221.16,0.45,37.83,53.83,31.1,8.23,96.34,3.66,54.15,49.36,99.2,84.17,48.29,4219,695,75,386
251460,SÃO JOSÉ DO BONFIM,25,0.578,0.493,0.549,0.713,244.14,0.48,40.09,57.15,26.58,9.34,96.49,3.51,45.98,62.32,99.51,99.2,66.43,3233,1361,65,293
251465,SÃO JOSÉ DO BREJO DO CRUZ,25,0.581,0.473,0.535,0.776,223.11,0.46,45.47,65.52,27.92,8.32,97.82,2.18,46.35,8.29,99.18,99.12,47.83,1684,958,29,159
251470,SÃO JOSÉ DO SABUGI,25,0.617,0.514,0.584,0.781,302.36,0.43,28.25,47.64,27.22,10.2,98.68,1.32,38.77,79.01,97.98,99.9,71.28,4010,2579,69,322
251480,SÃO JOSÉ DOS CORDEIROS,25,0.556,0.407,0.542,0.778,233.71,0.49,43.76,61.93,22.64,9.24,98.5,1.5,59.78,49.4,99.57,96.59,52.21,3985,1643,66,358
251490,SÃO MAMEDE,25,0.641,0.558,0.617,0.765,371.01,0.52,29.02,46.39,24.75,9.4,99.0,1.0,36.85,86.87,98.96,99.44,58.28,7748,5929,127,620
251500,SÃO MIGUEL DE TAIPU,25,0.548,0.443,0.516,0.721,198.63,0.49,49.99,66.51,40.92,8.86,97.4,2.6,60.15,60.24,99.23,87.37,57.01,6696,2977,135,655
251510,SÃO SEBASTIÃO DE LAGOA DE ROÇA,25,0.594,0.471,0.561,0.795,262.87,0.48,40.51,58.24,26.02,9.07,98.42,1.58,57.84,54.78,99.85,61.37,56.42,11041,4659,189,1035
251520,SÃO SEBASTIÃO DO UMBUZEIRO,25,0.581,0.459,0.561,0.763,263.04,0.46,39.48,58.36,25.13,9.81,96.49,3.51,54.58,71.07,98.26,99.38,57.81,3235,2097,58,278
251530,SAPÉ,25,0.569,0.461,0.563,0.711,266.29,0.5,36.79,52.5,30.8,8.62,95.91,4.09,54.08,81.53,98.93,95.9,52.17,50143,38141,846,4598
251540,SERIDÓ,25,0.555,0.453,0.528,0.714,214.38,0.47,45.71,60.33,22.86,8.69,97.2,2.8,53.5,47.1,98.56,88.02,53.71,10230,4597,170,1064
251550,SERRA BRANCA,25,0.628,0.537,0.598,0.77,330.05,0.48,29.43,46.86,19.85,9.91,98.24,1.76,37.46,78.65,99.63,97.59,64.93,12973,8418,200,1039
251560,SERRA DA RAIZ,25,0.626,0.544,0.57,0.792,278.22,0.5,34.68,47.8,31.81,9.44,99.69,0.31,44.86,82.7,98.67,91.94,51.19,3204,2135,55,280
251570,SERRA GRANDE,25,0.586,0.491,0.549,0.745,244.05,0.47,36.51,52.97,30.81,9.06,95.7,4.3,47.51,64.23,99.21,89.98,54.89,2975,1776,42,239
251580,SERRA REDONDA,25,0.57,0.424,0.565,0.772,268.53,0.48,38.17,59.08,31.9,8.72,97.07,2.93,58.87,55.68,99.18,99.3,51.26,7050,3608,99,616
251590,SERRARIA,25,0.547,0.392,0.536,0.779,224.2,0.5,47.72,66.49,41.2,7.87,96.34,3.66,64.49,68.9,98.4,90.98,47.0,6238,3467,126,618
251593,SERTÃOZINHO,25,0.621,0.561,0.554,0.769,252.11,0.46,38.87,60.0,28.43,10.83,97.74,2.26,47.84,64.67,99.28,99.65,67.85,4395,3215,91,414
251597,SOBRADO,25,0.573,0.477,0.525,0.753,210.08,0.49,44.39,60.86,33.3,9.43,97.94,2.06,56.13,68.78,98.63,100.0,60.29,7373,883,120,615
251600,SOLÂNEA,25,0.595,0.468,0.592,0.762,318.38,0.56,40.38,57.55,31.21,8.89,97.38,2.62,55.28,75.87,99.14,92.88,56.91,26693,19332,460,2481
251610,SOLEDADE,25,0.616,0.506,0.598,0.772,330.05,0.51,32.04,48.06,20.08,9.88,98.47,1.53,52.26,72.86,99.67,97.73,60.08,13739,10231,231,1255
251615,SOSSÊGO,25,0.573,0.46,0.531,0.769,218.2,0.5,46.95,64.5,31.34,10.05,100.0,0.0,54.08,1.2,99.57,98.27,63.32,3169,1582,53,309
251620,SOUSA,25,0.668,0.567,0.645,0.814,443.81,0.54,24.19,37.02,22.53,9.71,97.61,2.39,42.3,93.39,99.13,93.39,64.44,65803,51881,1013,5313
251630,SUMÉ,25,0.627,0.534,0.602,0.765,339.68,0.5,30.91,48.02,25.49,9.64,97.49,2.51,45.76,79.65,99.39,99.04,64.48,16060,12236,250,1299
251640,TACIMA,25,0.551,0.45,0.513,0.726,195.07,0.49,49.73,64.09,30.76,8.56,97.02,2.98,54.17,64.89,99.3,97.88,53.21,10262,4368,171,838
251650,TAPEROÁ,25,0.578,0.456,0.564,0.749,267.88,0.48,37.33,55.39,28.22,8.14,96.81,3.19,57.22,66.23,99.23,97.24,50.58,14936,8939,221,1359
251660,TAVARES,25,0.586,0.462,0.56,0.777,260.75,0.52,41.15,56.64,30.95,8.79,98.35,1.65,51.52,59.06,99.81,88.23,58.19,14103,6616,276,1367
251670,TEIXEIRA,25,0.605,0.527,0.566,0.741,271.44,0.55,45.28,62.52,23.97,8.87,97.32,2.68,46.35,69.57,99.41,90.27,57.81,14153,9631,258,1369
251675,TENÓRIO,25,0.581,0.49,0.565,0.707,269.63,0.43,28.42,39.14,29.09,8.16,95.72,4.28,42.52,1.83,98.91,97.02,49.84,2813,1673,44,272
251680,TRIUNFO,25,0.609,0.501,0.578,0.78,292.24,0.49,33.88,51.53,28.54,8.65,98.83,1.17,47.97,75.37,99.38,92.29,51.28,9220,4309,137,785
251690,UIRAÚNA,25,0.636,0.528,0.612,0.797,361.37,0.54,28.46,45.61,26.73,9.48,97.84,2.16,45.3,84.41,99.66,96.92,60.33,14584,10349,180,1102
251700,UMBUZEIRO,25,0.584,0.514,0.545,0.712,237.25,0.54,47.97,66.74,35.17,9.56,99.41,0.59,53.21,23.9,99.04,87.06,52.96,9298,3986,142,848
251710,VÁRZEA,25,0.707,0.714,0.619,0.8,377.4,0.4,21.01,40.29,13.3,10.34,99.4,0.6,28.63,79.15,98.41,100.0,74.28,2504,1835,45,213
251720,VIEIRÓPOLIS,25,0.571,0.455,0.537,0.762,226.49,0.45,39.28,59.59,37.93,9.56,98.63,1.37,52.24,69.56,99.73,100.0,62.15,5045,996,79,386
251740,ZABELÊ,25,0.623,0.587,0.567,0.725,272.94,0.43,32.71,47.37,22.99,10.77,97.4,2.6,39.25,80.03,99.32,99.75,79.99,2075,1472,43,191
260005,ABREU E LIMA,26,0.679,0.632,0.625,0.791,390.4,0.45,20.2,31.93,10.15,10.01,97.17,2.83,29.04,96.57,99.99,97.38,66.05,94429,86625,1431,7852
260010,AFOGADOS DA INGAZEIRA,26,0.657,0.565,0.623,0.807,386.56,0.56,31.66,45.36,23.12,9.67,97.28,2.72,42.31,84.92,99.78,96.4,70.82,35088,27402,607,3153
260020,AFRÂNIO,26,0.588,0.493,0.542,0.761,233.59,0.53,46.77,61.76,25.78,10.09,98.73,1.27,52.34,43.04,98.27,87.73,63.45,17586,5861,315,1788
260030,AGRESTINA,26,0.592,0.47,0.581,0.76,297.02,0.48,33.9,50.64,32.35,8.78,96.36,3.64,59.46,82.68,99.65,98.15,58.95,22679,16957,369,2172
260040,ÁGUA PRETA,26,0.553,0.432,0.514,0.761,195.47,0.49,48.36,60.86,30.66,8.8,93.97,6.03,52.4,77.8,99.17,90.48,55.27,33095,18750,629,3499
260050,ÁGUAS BELAS,26,0.526,0.385,0.546,0.691,239.3,0.58,50.88,67.25,40.23,7.51,96.08,3.92,62.65,65.38,99.23,87.4,43.29,40235,24564,851,4463
260060,ALAGOINHA,26,0.599,0.472,0.569,0.801,275.5,0.49,37.1,57.52,26.62,8.29,96.32,3.68,58.52,38.3,99.3,97.59,49.47,13759,7769,202,1200
260070,ALIANÇA,26,0.604,0.488,0.565,0.799,269.86,0.49,35.28,48.25,27.22,8.48,96.97,3.03,52.23,88.99,99.77,84.1,54.17,37415,20247,636,3449
260080,ALTINHO,26,0.598,0.482,0.559,0.792,259.21,0.51,42.07,61.75,34.63,9.98,96.91,3.09,59.6,66.1,99.37,97.01,62.75,22353,12776,365,1936
260090,AMARAJI,26,0.58,0.454,0.575,0.748,286.59,0.5,37.0,56.16,30.92,8.9,96.59,3.41,61.33,86.88,99.26,92.31,59.18,21939,16045,423,2160
260100,ANGELIM,26,0.572,0.448,0.555,0.751,253.26,0.58,48.55,68.18,33.4,8.57,96.36,3.64,59.74,74.85,99.45,93.46,54.51,10202,6087,192,1076
260105,ARAÇOIABA,26,0.592,0.498,0.544,0.765,236.1,0.45,36.6,49.72,24.04,9.16,96.97,3.03,44.57,80.12,99.73,70.45,57.45,18156,15268,331,1801
260110,ARARIPINA,26,0.602,0.467,0.595,0.785,324.01,0.56,37.84,53.22,25.33,8.39,95.2,4.8,55.07,57.12,97.69,94.46,54.66,77302,46908,1502,8322
260120,ARCOVERDE,26,0.667,0.567,0.654,0.799,469.53,0.58,28.8,43.98,17.57,9.28,97.34,2.66,40.99,88.64,99.19,95.93,63.73,68793,62668,1159,6528
260130,BARRA DE GUABIRABA,26,0.577,0.474,0.558,0.726,257.4,0.51,41.45,57.5,34.84,8.87,93.64,6.36,58.14,95.85,98.95,99.85,62.81,12776,11390,228,1354
260140,BARREIROS,26,0.586,0.491,0.561,0.73,263.2,0.54,42.13,52.78,23.56,8.09,94.58,5.42,44.35,82.06,99.54,87.38,54.35,40732,33982,773,4116
260150,BELÉM DE MARIA,26,0.578,0.479,0.537,0.749,226.82,0.47,47.98,65.21,32.49,10.33,98.52,1.48,51.97,66.88,99.96,96.24,66.79,11353,7991,200,1296
260160,BELÉM DO SÃO FRANCISCO,26,0.642,0.553,0.611,0.784,357.77,0.63,40.02,56.02,21.71,9.36,97.31,2.69,40.3,65.45,97.67,86.91,53.27,20253,12582,404,2139
260170,BELO JARDIM,26,0.629,0.514,0.617,0.783,372.93,0.51,27.81,42.4,24.82,8.73,97.08,2.92,44.55,88.91,99.34,98.38,55.53,72432,58233,1179,6487
260180,BETÂNIA,26,0.559,0.441,0.533,0.742,220.19,0.55,49.63,67.26,32.98,8.78,93.76,6.24,59.85,69.88,98.89,94.9,63.34,12003,3712,235,1177
260190,BEZERROS,26,0.606,0.487,0.608,0.752,351.75,0.52,30.07,47.99,28.12,8.86,95.89,4.11,56.97,83.81,99.28,94.66,60.28,58668,49740,914,4746
260200,BODOCÓ,26,0.565,0.445,0.543,0.745,234.36,0.55,49.61,68.86,29.91,8.97,95.73,4.27,57.29,47.85,96.47,88.46,50.36,35158,12824,696,3742
260210,BOM CONSELHO,26,0.563,0.433,0.585,0.704,305.57,0.62,48.42,66.86,34.05,8.47,96.22,3.78,61.74,68.85,99.44,98.36,50.11,45503,29779,786,4681
260220,BOM JARDIM,26,0.602,0.515,0.552,0.767,248.98,0.48,39.36,57.57,30.14,9.55,97.04,2.96,44.29,68.61,99.57,86.35,62.24,37826,15195,602,3394
260230,BONITO,26,0.561,0.42,0.559,0.754,258.52,0.55,44.81,63.39,31.6,8.19,96.69,3.31,63.08,88.36,99.3,99.73,47.19,37566,26208,701,3741
260240,BREJÃO,26,0.547,0.417,0.54,0.725,230.85,0.49,44.83,60.38,31.86,8.28,96.3,3.7,55.23,81.76,99.4,98.77,48.44,8844,3564,129,820
260250,BREJINHO,26,0.574,0.493,0.563,0.681,266.21,0.49,37.49,53.35,25.37,9.6,98.25,1.75,59.61,50.4,98.59,97.33,64.86,7307,3386,131,656
260260,BREJO DA MADRE DE DEUS,26,0.562,0.417,0.581,0.734,296.7,0.47,31.16,43.62,32.31,7.98,95.65,4.35,60.08,54.89,99.42,95.16,56.24,45180,35124,855,4439
260270,BUENOS AIRES,26,0.593,0.481,0.556,0.778,254.03,0.45,36.4,52.07,28.11,8.92,97.4,2.6,54.08,83.66,99.43,83.9,62.74,12537,7917,220,1166
260280,BUÍQUE,26,0.527,0.395,0.497,0.746,176.76,0.57,62.2,80.03,40.18,7.95,94.69,5.31,66.03,49.71,97.47,95.4,52.21,52105,21195,1141,6135
260290,CABO DE SANTO AGOSTINHO,26,0.686,0.609,0.654,0.812,467.07,0.53,19.71,30.65,13.0,9.33,96.46,3.54,31.42,94.52,99.93,96.81,64.6,185025,167783,2981,15886
260300,CABROBÓ,26,0.623,0.539,0.581,0.773,298.14,0.58,43.43,59.63,23.71,9.38,97.59,2.41,43.91,79.12,98.03,93.87,64.18,30873,19798,597,3217
260310,CACHOEIRINHA,26,0.579,0.439,0.587,0.753,308.18,0.48,33.67,51.65,32.13,8.62,95.33,4.67,58.12,68.18,99.38,97.03,61.06,18819,15205,306,1713
260320,CAETÉS,26,0.522,0.392,0.497,0.732,176.77,0.6,59.51,76.21,38.63,8.29,92.6,7.4,65.77,26.91,99.46,95.44,50.76,26577,7520,493,2691
260330,CALÇADO,26,0.566,0.468,0.529,0.731,215.47,0.53,51.63,69.65,32.38,9.83,97.12,2.88,52.88,46.17,99.46,99.29,65.78,11125,3810,193,1094
260340,CALUMBI,26,0.571,0.46,0.567,0.715,272.66,0.54,40.42,57.36,32.6,9.9,95.29,4.71,62.61,81.56,99.58,78.48,69.51,5648,2180,125,546
260345,CAMARAGIBE,26,0.692,0.628,0.656,0.805,473.78,0.51,16.91,27.18,10.79,9.82,97.44,2.56,26.92,94.34,99.85,94.87,65.27,144466,144466,2146,11612
260350,CAMOCIM DE SÃO FÉLIX,26,0.588,0.472,0.585,0.738,305.53,0.53,38.93,56.46,31.95,8.68,96.98,3.02,52.6,88.55,99.42,98.69,54.65,17104,14327,303,1617
260360,CAMUTANGA,26,0.606,0.514,0.57,0.76,278.04,0.48,34.99,50.94,26.87,9.29,97.86,2.14,45.06,89.44,98.66,82.7,64.81,8156,6534,129,704
260370,CANHOTINHO,26,0.541,0.403,0.543,0.725,234.75,0.52,49.04,65.85,36.31,7.84,91.83,8.17,64.9,78.26,98.35,96.47,50.6,24521,14106,426,2379
260380,CAPOEIRAS,26,0.549,0.419,0.529,0.746,215.71,0.5,45.24,62.66,31.88,9.56,96.47,3.53,61.51,38.78,99.6,94.68,61.18,19593,6263,358,1862
260390,CARNAÍBA,26,0.583,0.505,0.54,0.727,229.87,0.53,45.99,63.73,27.07,9.41,96.06,3.94,51.98,60.89,99.37,98.65,70.25,18574,7624,310,1708
260392,CARNAUBEIRA DA PENHA,26,0.573,0.508,0.491,0.755,170.02,0.56,62.04,75.67,27.46,8.65,98.07,1.93,41.3,42.1,97.35,90.05,48.07,11782,1982,254,1428
260400,CARPINA,26,0.68,0.619,0.63,0.806,403.76,0.5,23.54,36.23,16.09,9.59,95.52,4.48,33.07,90.06,99.68,87.51,69.22,74858,72056,1194,6342
260410,CARUARU,26,0.677,0.569,0.681,0.799,553.99,0.53,16.31,28.61,15.58,8.89,94.91,5.09,43.18,89.22,99.68,98.15,63.49,314912,279589,5026,26691
260415,CASINHAS,26,0.567,0.489,0.518,0.721,200.83,0.45,44.08,61.63,31.43,9.08,97.49,2.51,51.44,23.16,99.14,93.81,62.6,13766,1704,235,1335
260420,CATENDE,26,0.609,0.515,0.578,0.76,292.74,0.54,40.34,56.34,26.79,8.87,95.23,4.77,45.8,84.24,99.67,88.16,55.0,37820,28861,662,3808
260430,CEDRO,26,0.615,0.573,0.565,0.717,269.64,0.56,44.63,61.66,22.32,9.81,95.49,4.51,37.67,65.57,99.44,95.87,70.06,10778,6291,197,1059
260440,CHÃ DE ALEGRIA,26,0.604,0.529,0.546,0.762,239.04,0.44,36.63,51.35,24.69,9.18,97.15,2.85,51.87,70.63,99.1,95.75,60.02,12404,9565,227,1193
260450,CHÃ GRANDE,26,0.599,0.443,0.603,0.803,341.34,0.55,36.09,51.71,30.8,8.92,96.75,3.25,56.37,76.02,99.85,86.3,58.03,20137,13692,323,1835
260460,CONDADO,26,0.602,0.527,0.581,0.713,297.68,0.53,36.09,52.59,27.23,9.06,97.29,2.71,40.75,79.37,99.63,97.77,56.21,24282,22637,439,2311
260470,CORRENTES,26,0.536,0.385,0.551,0.726,247.2,0.52,45.52,63.65,32.51,8.33,93.08,6.92,67.63,77.69,99.49,99.45,50.95,17419,10329,318,1660
260480,CORTÊS,26,0.568,0.478,0.541,0.707,232.22,0.47,42.14,59.27,28.89,9.29,97.18,2.82,59.75,82.16,99.95,94.69,60.61,12452,7901,252,1326
260490,CUMARU,26,0.572,0.47,0.553,0.72,249.32,0.5,40.11,57.86,32.07,9.19,98.47,1.53,53.78,32.13,99.74,90.44,56.82,17183,8039,261,1417
260500,CUPIRA,26,0.592,0.453,0.601,0.763,336.81,0.49,29.9,47.48,30.69,9.02,97.3,2.7,58.18,86.27,99.33,99.32,58.43,23390,20787,394,2159
260510,CUSTÓDIA,26,0.594,0.489,0.607,0.706,350.0,0.53,30.61,42.79,27.21,8.92,97.08,2.92,53.79,61.54,99.4,79.53,58.41,33855,21716,555,2956
260515,DORMENTES,26,0.589,0.495,0.558,0.741,257.72,0.47,37.74,52.4,26.22,8.59,97.0,3.0,49.9,49.98,96.95,69.09,54.87,16917,6004,283,1661
260520,ESCADA,26,0.632,0.543,0.594,0.781,322.46,0.46,25.31,39.08,21.7,8.84,94.15,5.85,41.0,88.12,99.86,85.33,59.45,63517,53964,1146,5941
260530,EXU,26,0.576,0.454,0.543,0.775,234.83,0.57,52.25,67.63,25.22,8.66,95.17,4.83,48.46,51.59,97.96,90.8,58.62,31636,16303,587,3199
260540,FEIRA NOVA,26,0.6,0.46,0.581,0.807,296.5,0.48,33.53,49.52,29.32,9.44,97.62,2.38,54.98,72.18,99.68,96.93,65.74,20571,16313,401,1952
260545,FERNANDO DE NORONHA,26,0.788,0.748,0.781,0.839,1034.14,0.46,2.2,2.78,5.01,10.76,100.0,0.0,11.08,99.32,100.0,100.0,70.22,2630,2630,38,179
260550,FERREIROS,26,0.622,0.519,0.589,0.787,311.83,0.5,30.13,42.66,28.44,9.44,97.9,2.1,47.15,84.48,99.56,99.29,64.74,11430,9162,193,1009
260560,FLORES,26,0.556,0.423,0.544,0.745,236.31,0.5,42.68,63.08,32.94,8.82,96.38,3.62,57.42,57.55,98.98,97.63,55.71,22169,9364,388,2070
260570,FLORESTA,26,0.626,0.538,0.588,0.775,310.39,0.52,35.02,48.41,18.4,9.02,95.62,4.38,36.03,66.8,97.74,92.59,61.6,29285,19973,555,2935
260580,FREI MIGUELINHO,26,0.576,0.438,0.575,0.758,286.08,0.46,33.96,53.3,31.52,8.48,95.42,4.58,59.46,33.96,99.79,97.95,58.06,14293,3389,185,1171
260590,GAMELEIRA,26,0.602,0.532,0.541,0.759,231.5,0.46,41.67,57.0,26.69,9.24,96.96,3.04,44.47,70.38,99.44,88.59,58.98,27912,19504,626,3124
260600,GARANHUNS,26,0.664,0.556,0.662,0.795,492.44,0.59,26.72,40.14,17.57,9.26,96.85,3.15,42.56,90.06,99.66,98.44,59.96,129408,115356,2201,11661
260610,GLÓRIA DO GOITÁ,26,0.604,0.506,0.57,0.765,278.33,0.52,40.22,54.49,29.98,9.12,98.29,1.71,52.91,58.05,99.56,98.36,57.5,29019,15434,534,2735
260620,GOIANA,26,0.651,0.576,0.614,0.779,364.77,0.54,30.42,45.51,18.56,9.86,96.66,3.34,35.5,85.85,99.77,94.52,66.0,75644,58025,1253,6731
260630,GRANITO,26,0.595,0.502,0.543,0.773,234.9,0.54,48.35,68.43,27.12,8.73,98.46,1.54,47.82,58.19,96.37,87.35,55.28,6855,3178,140,758
260640,GRAVATÁ,26,0.634,0.51,0.63,0.794,402.96,0.53,25.1,39.97,22.27,8.69,97.19,2.81,48.1,87.3,99.58,91.72,56.73,76458,68385,1217,6609
260650,IATI,26,0.528,0.369,0.518,0.768,200.95,0.55,52.28,67.21,39.37,7.86,90.51,9.49,67.87,52.34,97.86,97.39,51.13,18360,7718,408,2054
260660,IBIMIRIM,26,0.552,0.446,0.533,0.706,220.98,0.51,47.87,61.99,31.97,8.53,93.66,6.34,56.32,63.28,99.03,94.47,56.22,26954,14895,541,2843
260670,IBIRAJUBA,26,0.58,0.476,0.545,0.753,238.23,0.47,41.7,60.61,35.41,9.87,96.66,3.34,51.5,48.69,98.96,99.35,68.52,7534,3140,133,726
260680,IGARASSU,26,0.665,0.606,0.622,0.781,384.1,0.48,20.9,32.46,14.2,9.92,97.85,2.15,33.88,91.5,99.76,89.36,67.19,102021,93931,1665,9027
260690,IGUARACI,26,0.598,0.48,0.58,0.77,295.88,0.54,43.66,63.13,28.45,8.1,98.66,1.34,46.04,62.99,98.59,94.94,50.64,11779,6110,200,1004
260700,INAJÁ,26,0.523,0.4,0.503,0.711,182.73,0.6,63.21,77.84,35.98,6.93,84.17,15.83,56.27,52.01,98.05,78.13,49.81,19081,7958,461,2357
260710,INGAZEIRA,26,0.608,0.51,0.575,0.766,286.41,0.53,39.35,56.76,26.87,8.98,98.21,1.79,38.87,60.39,98.81,82.04,61.6,4496,2456,75,406
260720,IPOJUCA,26,0.619,0.499,0.613,0.774,362.68,0.5,27.22,38.57,20.64,8.65,97.31,2.69,45.5,81.18,99.4,97.9,55.12,80637,59719,1581,8072
260730,IPUBI,26,0.55,0.433,0.541,0.712,231.47,0.53,47.4,61.73,30.23,8.56,95.15,4.85,60.69,45.3,96.32,90.36,57.86,28120,17278,572,3222
260740,ITACURUBA,26,0.595,0.523,0.567,0.712,271.71,0.46,31.69,43.87,21.56,9.42,97.57,2.43,38.92,85.38,93.94,96.84,61.31,4369,3708,86,456
260750,ITAÍBA,26,0.51,0.364,0.531,0.688,218.32,0.51,49.22,64.17,39.73,7.84,93.3,6.7,67.59,58.45,98.31,96.34,46.25,26256,9688,488,2830
260760,ILHA DE ITAMARACÁ,26,0.653,0.548,0.627,0.809,394.85,0.6,35.54,51.06,15.34,9.24,97.61,2.39,36.92,86.45,98.42,71.72,61.69,21884,16993,307,1683
260765,ITAMBÉ,26,0.575,0.463,0.566,0.727,271.0,0.5,38.89,55.14,30.5,8.81,94.64,5.36,56.39,92.11,99.48,96.31,62.36,35398,29424,672,3330
260770,ITAPETIM,26,0.592,0.494,0.598,0.704,331.14,0.55,36.76,55.3,25.63,9.13,97.5,2.5,51.52,66.24,99.6,94.98,62.45,13881,8426,236,1125
260775,ITAPISSUMA,26,0.633,0.564,0.589,0.764,312.47,0.54,33.57,44.72,18.53,10.23,97.56,2.44,38.93,89.87,100.0,96.92,70.78,23769,18320,452,2312
260780,ITAQUITINGA,26,0.586,0.509,0.554,0.715,251.09,0.45,35.61,52.14,27.72,9.67,97.31,2.69,46.92,77.26,99.32,94.23,65.2,15692,12064,319,1545
260790,JABOATÃO DOS GUARARAPES,26,0.717,0.642,0.692,0.83,593.9,0.58,17.61,28.45,9.13,9.25,96.77,3.23,28.62,92.31,99.94,94.79,62.47,644620,630595,9826,52769
260795,JAQUEIRA,26,0.575,0.454,0.557,0.751,256.76,0.59,48.84,61.39,32.67,8.91,95.43,4.57,52.97,62.56,99.26,83.65,56.5,11501,7082,242,1267
260800,JATAÚBA,26,0.53,0.381,0.549,0.712,244.26,0.49,41.76,56.62,34.29,8.14,97.55,2.45,67.18,31.09,98.08,83.5,50.51,15819,9184,280,1680
260805,JATOBÁ,26,0.645,0.573,0.604,0.775,342.33,0.57,38.48,52.64,22.63,9.47,97.66,2.34,39.21,77.92,99.67,94.94,60.97,13963,6082,240,1352
260810,JOÃO ALFREDO,26,0.576,0.466,0.569,0.72,276.15,0.49,37.34,57.49,35.7,9.09,97.06,2.94,56.2,63.52,99.54,86.14,63.49,30743,15020,494,2788
260820,JOAQUIM NABUCO,26,0.554,0.449,0.561,0.676,263.01,0.48,36.26,50.64,29.65,8.9,95.48,4.52,56.39,77.55,99.79,86.66,54.1,15773,11504,296,1688
260825,JUCATI,26,0.55,0.451,0.541,0.681,232.08,0.5,44.61,59.23,32.67,9.57,97.99,2.01,59.23,47.07,98.93,95.78,59.67,10604,2828,208,1038
260830,JUPI,26,0.575,0.487,0.56,0.698,260.42,0.5,41.93,58.91,32.19,9.33,96.24,3.76,54.07,44.73,99.64,99.14,64.25,13705,8356,229,1308
260840,JUREMA,26,0.509,0.372,0.522,0.681,206.22,0.51,48.57,67.48,37.95,8.89,95.98,4.02,68.43,77.25,99.14,96.83,52.85,14541,8753,271,1591
260845,LAGOA DO CARRO,26,0.609,0.505,0.566,0.789,271.36,0.45,32.8,46.95,23.66,9.67,97.78,2.22,46.2,65.59,99.21,93.08,67.9,16007,11632,280,1434
260850,LAGOA DE ITAENGA,26,0.602,0.509,0.555,0.774,252.8,0.45,37.41,55.15,26.86,9.84,98.88,1.12,52.41,73.88,99.64,95.77,56.41,20659,17118,337,1965
260860,LAGOA DO OURO,26,0.525,0.369,0.536,0.733,224.13,0.51,48.01,63.5,40.14,7.15,96.51,3.49,68.09,91.88,99.51,95.3,38.99,12132,6029,243,1261
260870,LAGOA DOS GATOS,26,0.551,0.416,0.555,0.725,253.4,0.5,41.7,60.15,39.05,8.8,96.49,3.51,62.64,62.46,99.97,92.37,57.8,15615,8641,296,1578
260875,LAGOA GRANDE,26,0.597,0.52,0.581,0.705,296.99,0.52,32.76,44.89,24.43,9.12,96.29,3.71,44.04,76.41,98.29,96.82,59.63,22760,10416,484,2546
260880,LAJEDO,26,0.611,0.503,0.599,0.758,333.52,0.5,33.28,51.57,26.23,9.77,97.92,2.08,50.79,81.59,99.45,97.61,64.84,36628,26395,628,3402
260890,LIMOEIRO,26,0.663,0.583,0.628,0.797,398.37,0.51,24.77,41.32,20.0,9.9,97.98,2.02,38.08,72.74,99.59,95.53,68.65,55439,44560,852,4562
260900,MACAPARANA,26,0.609,0.508,0.571,0.778,278.93,0.51,38.14,59.54,31.59,9.28,97.94,2.06,50.17,91.93,99.33,93.58,61.68,23925,14833,372,2183
260910,MACHADOS,26,0.578,0.466,0.541,0.767,231.75,0.48,42.83,61.85,29.35,8.49,82.89,17.11,52.39,79.83,99.57,86.84,69.99,13596,8454,256,1346
260915,MANARI,26,0.487,0.354,0.477,0.682,155.49,0.54,60.91,73.25,39.85,7.8,93.42,6.58,68.73,30.95,97.95,84.14,50.56,18083,3818,438,2370
260920,MARAIAL,26,0.534,0.403,0.541,0.698,232.31,0.54,49.51,64.52,35.09,8.72,94.07,5.93,64.61,73.85,98.21,90.95,52.97,12230,8559,241,1413
260930,MIRANDIBA,26,0.591,0.525,0.512,0.769,193.86,0.58,58.12,72.43,23.67,8.97,95.79,4.21,42.86,67.01,96.88,92.36,58.63,14308,7141,270,1487
260940,MORENO,26,0.652,0.564,0.61,0.805,356.7,0.53,30.11,46.95,16.83,9.2,95.82,4.18,41.31,91.35,99.82,87.65,61.27,56696,50197,974,5034
260950,NAZARÉ DA MATA,26,0.662,0.604,0.608,0.789,351.46,0.49,26.63,40.44,19.2,9.58,96.08,3.92,40.61,86.3,99.54,95.75,68.7,30796,27182,446,2469
260960,OLINDA,26,0.735,0.675,0.704,0.836,640.13,0.55,15.18,26.18,7.03,9.63,96.89,3.11,23.74,97.33,99.93,96.63,66.37,377779,370332,5281,28359
260970,OROBÓ,26,0.61,0.528,0.545,0.787,237.64,0.52,42.83,57.05,29.41,9.95,97.21,2.79,40.7,53.87,99.63,97.29,67.03,22878,8233,306,2103
260980,OROCÓ,26,0.61,0.553,0.536,0.766,224.41,0.51,49.17,65.61,23.97,10.18,98.01,1.99,44.91,84.23,98.93,98.19,71.36,13180,4617,273,1388
260990,OURICURI,26,0.572,0.419,0.578,0.773,291.75,0.6,43.46,58.37,28.77,7.86,92.37,7.63,57.43,60.18,97.56,78.1,49.33,64358,32596,1364,7098
261000,PALMARES,26,0.622,0.55,0.588,0.744,311.09,0.49,32.14,45.54,21.46,8.79,96.32,3.68,42.31,88.52,99.74,98.49,57.07,59526,46886,1070,5885
261010,PALMEIRINA,26,0.549,0.438,0.554,0.681,251.44,0.51,47.29,67.82,33.07,8.17,94.0,6.0,63.25,73.76,99.15,97.01,53.62,8189,5178,173,847
261020,PANELAS,26,0.569,0.433,0.546,0.778,238.61,0.56,49.52,69.17,38.0,9.45,98.55,1.45,63.63,62.99,99.07,99.68,56.14,25645,13964,446,2620
261030,PARANATAMA,26,0.537,0.418,0.528,0.703,213.74,0.55,49.1,62.83,37.07,8.16,97.93,2.07,59.14,42.28,99.74,91.67,44.63,11001,2241,217,1122
261040,PARNAMIRIM,26,0.599,0.499,0.556,0.776,255.27,0.59,49.35,67.18,24.8,9.5,96.96,3.04,45.96,57.59,94.91,91.04,73.42,20224,8377,369,2011
261050,PASSIRA,26,0.592,0.487,0.559,0.763,259.04,0.5,40.63,57.26,32.15,9.44,95.89,4.11,52.11,63.84,99.85,97.46,65.22,28628,13945,452,2444
261060,PAUDALHO,26,0.639,0.545,0.612,0.782,360.06,0.56,30.92,45.7,21.18,9.37,96.69,3.31,45.66,81.26,99.58,68.03,62.15,51357,36332,878,4826
261070,PAULISTA,26,0.732,0.703,0.673,0.83,528.04,0.49,14.83,25.34,6.13,9.83,97.87,2.13,19.87,97.84,99.97,90.74,67.42,300466,300466,4193,22985
261080,PEDRA,26,0.567,0.445,0.55,0.743,244.48,0.53,46.49,65.04,32.98,7.87,92.0,8.0,64.98,60.29,98.37,91.17,53.33,20944,11998,402,2142
261090,PESQUEIRA,26,0.61,0.506,0.597,0.751,329.16,0.56,39.31,59.02,25.33,8.97,97.41,2.59,47.47,71.46,99.06,95.44,61.62,62931,45126,1080,5789
261100,PETROLÂNDIA,26,0.623,0.531,0.604,0.755,344.04,0.55,34.12,50.24,18.15,8.61,96.0,4.0,43.95,90.13,98.68,96.54,57.62,32492,23621,626,3241
261110,PETROLINA,26,0.697,0.611,0.695,0.799,605.06,0.62,19.61,30.03,12.04,9.25,97.0,3.0,34.73,91.95,99.18,97.32,62.42,293962,219215,5235,27854
261120,POÇÃO,26,0.528,0.402,0.542,0.677,233.91,0.54,48.44,66.03,33.96,8.34,97.05,2.95,65.95,53.8,99.72,86.22,54.62,11242,6988,196,1124
261130,POMBOS,26,0.598,0.463,0.584,0.79,302.97,0.48,35.01,51.52,28.73,9.49,94.98,5.02,47.35,70.64,99.35,95.06,64.16,24046,16011,380,2135
261140,PRIMAVERA,26,0.58,0.444,0.572,0.767,281.27,0.44,32.41,46.58,28.18,8.15,96.73,3.27,55.73,68.62,99.51,93.68,51.25,13439,8579,273,1362
261150,QUIPAPÁ,26,0.552,0.427,0.53,0.743,215.92,0.48,46.59,62.65,36.45,8.97,97.26,2.74,58.19,78.48,99.07,93.44,60.24,24186,11813,497,2631
261153,QUIXABA,26,0.577,0.482,0.53,0.752,216.87,0.49,44.68,62.29,28.18,8.04,99.17,0.83,41.41,50.78,99.72,94.53,51.14,6739,2495,123,627
261160,RECIFE,26,0.772,0.698,0.798,0.825,1144.26,0.68,13.2,24.15,7.13,9.53,97.05,2.95,22.68,97.45,99.92,97.67,63.24,1537704,1537704,20061,109164
261170,RIACHO DAS ALMAS,26,0.57,0.418,0.586,0.757,306.61,0.51,34.47,49.6,34.47,8.58,93.39,6.61,62.84,49.94,99.37,98.95,67.79,19162,8762,300,1656
261180,RIBEIRÃO,26,0.602,0.516,0.595,0.711,324.47,0.5,31.16,44.72,23.29,8.72,92.86,7.14,43.78,88.59,99.62,93.32,58.87,44439,34003,808,4277
261190,RIO FORMOSO,26,0.613,0.506,0.562,0.809,264.16,0.44,34.33,49.89,22.49,8.71,89.47,10.53,48.48,80.54,99.94,89.3,59.11,22151,13373,389,2164
261200,SAIRÉ,26,0.585,0.44,0.581,0.784,297.91,0.45,28.7,45.42,33.57,9.06,97.64,2.36,61.25,74.78,99.33,96.4,60.54,11240,6305,188,1021
261210,SALGADINHO,26,0.534,0.405,0.516,0.73,198.91,0.52,49.62,62.94,43.21,6.71,87.58,12.42,57.78,44.47,96.19,94.46,48.85,9312,3062,140,793
261220,SALGUEIRO,26,0.669,0.58,0.645,0.799,441.79,0.59,30.1,41.77,16.25,9.56,96.68,3.32,35.33,87.62,99.12,95.83,65.03,56629,45713,1023,5370
261230,SALOÁ,26,0.559,0.421,0.559,0.744,259.1,0.55,44.12,61.43,35.05,8.65,97.43,2.57,61.93,54.78,99.12,99.52,53.91,15309,7668,279,1431
261240,SANHARÓ,26,0.603,0.514,0.564,0.758,267.58,0.51,41.54,59.0,25.83,9.4,93.22,6.78,49.07,81.07,99.73,99.2,66.28,21955,12500,402,2306
261245,SANTA CRUZ,26,0.549,0.438,0.522,0.722,206.07,0.57,53.84,69.82,32.51,9.18,97.56,2.44,54.25,41.67,93.37,86.99,55.33,13594,4447,280,1486
261247,SANTA CRUZ DA BAIXA VERDE,26,0.612,0.523,0.557,0.786,256.26,0.51,41.67,61.3,26.02,10.47,97.83,2.17,43.19,65.79,99.17,95.95,70.85,11768,5277,180,1040
261250,SANTA CRUZ DO CAPIBARIBE,26,0.648,0.506,0.667,0.806,507.05,0.45,10.26,16.33,16.01,8.34,95.66,4.34,48.69,79.67,99.92,97.87,57.7,87582,85594,1460,7818
261255,SANTA FILOMENA,26,0.533,0.406,0.496,0.752,175.48,0.55,55.58,72.42,31.93,8.35,97.01,2.99,58.23,36.57,93.15,99.32,50.45,13371,2226,256,1402
261260,SANTA MARIA DA BOA VISTA,26,0.59,0.472,0.564,0.773,267.86,0.55,43.26,58.32,21.2,8.26,97.44,2.56,47.17,76.59,97.71,91.78,49.94,39435,14876,862,4487
261270,SANTA MARIA DO CAMBUCÁ,26,0.548,0.393,0.571,0.735,279.1,0.46,33.69,49.49,35.38,8.63,96.43,3.57,64.41,33.56,99.75,94.6,54.57,13021,3275,233,1289
261280,SANTA TEREZINHA,26,0.593,0.524,0.54,0.737,229.83,0.51,46.61,66.15,24.7,8.86,97.81,2.19,52.22,69.63,98.64,89.53,56.72,10991,6876,216,1057
261290,SÃO BENEDITO DO SUL,26,0.53,0.406,0.499,0.736,178.27,0.52,56.46,71.25,33.36,7.62,83.7,16.3,53.83,65.47,99.93,97.18,55.97,13941,7158,235,1314
261300,SÃO BENTO DO UNA,26,0.593,0.446,0.593,0.789,319.47,0.6,41.95,59.15,29.57,8.53,93.03,6.97,57.3,58.05,99.5,97.87,57.86,53242,27899,1059,5686
261310,SÃO CAITANO,26,0.591,0.469,0.583,0.756,300.16,0.5,35.59,52.44,29.38,9.78,97.2,2.8,54.81,66.51,99.09,95.46,65.48,35274,27079,592,3309
261320,SÃO JOÃO,26,0.57,0.426,0.565,0.768,269.44,0.56,45.26,59.98,32.83,8.34,96.25,3.75,61.37,62.37,99.64,95.65,47.34,21312,9656,378,2181
261330,SÃO JOAQUIM DO MONTE,26,0.537,0.381,0.549,0.741,244.22,0.53,45.67,65.96,35.12,7.85,94.17,5.83,66.83,81.56,99.06,99.73,52.81,20488,14122,379,1978
261340,SÃO JOSÉ DA COROA GRANDE,26,0.608,0.522,0.585,0.736,304.5,0.58,43.59,59.59,23.63,9.69,95.8,4.2,44.87,88.52,99.77,89.8,59.08,18180,13436,366,1968
261350,SÃO JOSÉ DO BELMONTE,26,0.61,0.52,0.569,0.769,275.14,0.54,41.65,58.89,28.22,9.01,96.18,3.82,48.66,68.29,98.05,94.25,63.27,32617,16168,597,3140
261360,SÃO JOSÉ DO EGITO,26,0.635,0.554,0.602,0.769,338.9,0.53,34.97,51.51,22.1,9.63,98.94,1.06,42.77,76.42,99.49,97.96,69.44,31829,20960,543,2723
261370,SÃO LOURENÇO DA MATA,26,0.653,0.571,0.614,0.793,364.43,0.5,26.07,40.06,15.96,9.34,97.1,2.9,35.7,88.46,99.78,85.76,59.94,102895,96777,1718,8750
261380,SÃO VICENTE FERRER,26,0.549,0.414,0.558,0.715,257.47,0.56,48.74,69.09,30.69,8.85,95.22,4.78,59.08,68.83,99.59,85.76,55.88,17000,11201,274,1670
261390,SERRA TALHADA,26,0.661,0.571,0.632,0.8,407.34,0.56,30.39,45.83,21.03,9.59,96.7,3.3,42.57,83.64,99.61,89.79,63.12,79232,61275,1315,6920
261400,SERRITA,26,0.595,0.512,0.542,0.76,233.56,0.56,49.47,66.76,26.25,10.22,98.06,1.94,40.93,47.0,98.65,93.22,63.68,18331,6356,343,1937
261410,SERTÂNIA,26,0.613,0.51,0.601,0.752,337.53,0.6,39.73,54.61,27.18,8.62,94.55,5.45,46.49,64.92,99.65,96.12,61.67,33787,18557,576,3141
261420,SIRINHAÉM,26,0.597,0.492,0.568,0.763,273.75,0.44,34.24,45.77,25.43,8.78,94.1,5.9,47.79,79.36,99.49,91.98,57.08,40296,21484,772,4021
261430,MOREILÂNDIA,26,0.6,0.54,0.522,0.768,206.11,0.54,53.67,72.61,25.13,10.15,96.82,3.18,41.55,65.13,99.37,87.67,65.5,11132,6838,210,1072
261440,SOLIDÃO,26,0.585,0.485,0.547,0.755,240.64,0.56,48.01,63.97,25.96,9.18,96.9,3.1,49.45,42.52,98.92,90.2,62.98,5744,1831,98,516
261450,SURUBIM,26,0.635,0.548,0.617,0.756,372.11,0.52,27.55,40.83,24.87,8.85,97.85,2.15,41.45,82.11,99.95,94.73,60.08,58515,44036,915,5061
261460,TABIRA,26,0.605,0.504,0.57,0.77,278.14,0.51,37.88,54.1,23.09,8.67,97.23,2.77,46.45,75.87,99.2,94.34,59.71,26427,19769,502,2539
261470,TACAIMBÓ,26,0.554,0.423,0.536,0.748,225.21,0.5,44.15,59.05,36.79,8.17,94.41,5.59,56.98,51.97,99.08,99.05,56.71,12725,7085,219,1233
261480,TACARATU,26,0.573,0.507,0.521,0.711,205.06,0.49,45.82,61.33,25.11,9.19,96.34,3.66,40.02,43.09,98.3,95.61,62.23,22068,9192,400,2268
261485,TAMANDARÉ,26,0.593,0.479,0.583,0.745,301.15,0.55,37.67,50.5,22.95,8.22,95.54,4.46,49.47,82.97,99.8,92.15,49.72,20715,15170,420,2143
261500,TAQUARITINGA DO NORTE,26,0.641,0.52,0.636,0.796,419.74,0.42,16.74,28.9,22.95,8.75,96.25,3.75,48.62,44.39,99.84,97.14,66.1,24903,17961,440,2283
261510,TEREZINHA,26,0.545,0.425,0.536,0.711,225.28,0.53,50.18,68.62,37.15,8.43,95.77,4.23,59.76,54.4,99.35,98.65,52.83,6737,2860,101,620
261520,TERRA NOVA,26,0.599,0.533,0.545,0.741,237.89,0.49,43.32,59.47,20.94,10.14,98.21,1.79,41.57,77.65,99.35,91.83,72.02,9278,5014,174,879
261530,TIMBAÚBA,26,0.618,0.519,0.592,0.769,318.8,0.5,31.94,48.85,21.39,9.0,97.7,2.3,47.69,83.87,99.37,97.32,53.64,53825,46367,891,4706
261540,TORITAMA,26,0.618,0.452,0.655,0.797,470.44,0.43,9.84,15.61,20.6,7.91,91.53,8.47,55.27,80.18,100.0,97.69,62.88,35554,34125,638,3359
261550,TRACUNHAÉM,26,0.605,0.504,0.567,0.776,272.81,0.46,34.14,52.6,25.21,8.78,97.03,2.97,54.42,79.14,99.46,87.01,60.16,13055,10969,241,1138
261560,TRINDADE,26,0.595,0.455,0.602,0.768,338.39,0.57,37.28,49.19,25.56,7.84,97.94,2.06,56.26,85.71,99.47,83.76,49.1,26116,22464,516,2880
261570,TRIUNFO,26,0.67,0.591,0.624,0.817,389.44,0.56,32.22,49.57,16.95,10.06,98.34,1.66,29.69,65.93,99.62,97.97,70.25,15006,7944,212,1192
261580,TUPANATINGA,26,0.519,0.379,0.494,0.747,172.52,0.61,62.13,76.93,38.41,8.46,96.03,3.97,70.96,45.89,98.36,85.68,52.83,24425,8534,568,2935
261590,TUPARETAMA,26,0.634,0.557,0.612,0.749,360.29,0.47,25.44,42.55,21.43,9.21,98.54,1.46,40.87,81.29,99.77,97.53,64.41,7925,6351,117,595
261600,VENTUROSA,26,0.592,0.484,0.57,0.751,276.94,0.52,43.28,62.36,27.6,8.26,97.55,2.45,52.77,60.95,99.39,95.67,54.17,16052,10343,309,1568
261610,VERDEJANTE,26,0.605,0.52,0.56,0.76,260.66,0.54,44.76,58.74,26.35,10.06,95.03,4.97,44.49,75.41,97.35,84.9,68.27,9142,2692,147,895
261618,VERTENTE DO LÉRIO,26,0.563,0.461,0.532,0.726,219.88,0.45,42.05,60.04,33.24,9.11,96.69,3.31,52.49,2.38,99.53,93.78,57.34,7873,1813,135,720
261620,VERTENTES,26,0.582,0.45,0.602,0.728,337.92,0.46,27.5,42.53,24.44,8.21,94.13,5.87,54.29,62.58,99.49,93.21,59.42,18222,12941,319,1614
261630,VICÊNCIA,26,0.605,0.534,0.551,0.754,246.44,0.48,38.9,54.77,23.5,9.17,95.61,4.39,40.7,89.32,99.26,93.88,55.68,30732,13805,480,2834
261640,VITÓRIA DE SANTO ANTÃO,26,0.64,0.543,0.629,0.768,401.16,0.54,25.19,38.4,21.77,9.41,96.92,3.08,42.12,83.68,99.77,96.16,63.24,129974,113429,2013,10928
261650,XEXÉU,26,0.552,0.436,0.549,0.703,243.39,0.49,42.44,56.9,33.29,8.7,94.97,5.03,56.36,87.81,99.58,83.65,53.84,14093,9170,261,1497
270010,ÁGUA BRANCA,27,0.549,0.432,0.527,0.728,213.0,0.56,52.87,68.18,30.92,8.66,96.99,3.01,56.96,61.78,97.12,97.94,54.55,19377,5101,383,2111
270020,ANADIA,27,0.568,0.444,0.546,0.756,239.53,0.53,47.59,63.72,36.16,8.64,94.41,5.59,61.59,61.62,99.76,99.15,53.2,17424,8949,307,1743
270030,ARAPIRACA,27,0.649,0.549,0.638,0.78,423.28,0.55,26.65,39.26,22.45,9.61,95.92,4.08,41.86,94.68,99.56,97.38,65.21,214006,181481,3556,19779
270040,ATALAIA,27,0.561,0.431,0.545,0.752,237.33,0.5,42.73,54.68,33.57,8.29,92.5,7.5,57.99,82.49,99.06,95.31,55.97,44322,22457,980,5122
270050,BARRA DE SANTO ANTÔNIO,27,0.557,0.428,0.552,0.732,247.81,0.52,44.24,56.78,27.94,8.25,93.27,6.73,56.59,91.16,99.47,93.66,52.83,14230,13242,276,1599
270060,BARRA DE SÃO MIGUEL,27,0.615,0.475,0.638,0.767,422.78,0.55,23.89,33.57,23.71,8.46,96.16,3.84,53.35,90.49,99.1,100.0,50.81,7574,6521,132,735
270070,BATALHA,27,0.594,0.496,0.563,0.752,265.62,0.49,39.85,56.33,30.84,8.54,95.9,4.1,54.18,70.93,98.93,88.09,58.26,17076,12042,338,1827
270080,BELÉM,27,0.593,0.464,0.587,0.764,309.5,0.56,37.05,52.59,33.33,9.35,97.49,2.51,53.7,62.16,98.89,92.54,57.25,4551,1872,63,423
270090,BELO MONTE,27,0.517,0.376,0.507,0.725,187.77,0.65,60.98,74.14,38.11,8.22,96.3,3.7,71.6,40.13,97.68,99.16,46.64,7030,1171,139,811
270100,BOCA DA MATA,27,0.604,0.518,0.56,0.758,260.2,0.51,42.95,58.86,27.32,9.95,95.31,4.69,47.83,87.43,99.89,97.13,70.85,25776,17450,551,2722
270110,BRANQUINHA,27,0.513,0.362,0.534,0.699,221.93,0.42,40.52,53.55,41.58,8.04,90.03,9.97,67.9,81.68,98.08,97.83,57.58,10583,6673,234,1226
270120,CACIMBINHAS,27,0.531,0.384,0.559,0.697,259.72,0.6,48.26,63.07,40.61,9.13,96.48,3.52,68.31,21.47,98.3,87.36,53.23,10195,5402,176,1037
270130,CAJUEIRO,27,0.562,0.473,0.542,0.691,232.85,0.49,40.86,56.06,33.86,8.78,96.19,3.81,60.02,90.12,99.15,87.48,59.84,20409,16484,487,2413
270135,CAMPESTRE,27,0.559,0.435,0.55,0.729,245.43,0.47,39.34,56.57,32.41,8.59,95.52,4.48,63.04,85.25,99.54,87.92,52.6,6598,5540,152,797
270140,CAMPO ALEGRE,27,0.57,0.47,0.531,0.742,217.72,0.47,43.67,55.3,27.41,7.74,91.09,8.91,50.97,66.83,99.66,99.02,49.93,50816,22161,1036,5713
270150,CAMPO GRANDE,27,0.524,0.387,0.502,0.739,181.54,0.58,57.5,72.67,39.27,8.57,96.28,3.72,70.08,84.83,97.72,98.87,45.58,9032,4185,160,946
270160,CANAPI,27,0.506,0.357,0.504,0.719,183.83,0.6,60.69,76.18,40.35,8.44,97.52,2.48,72.82,28.02,96.97,93.07,57.84,17250,5538,384,2128
270170,CAPELA,27,0.573,0.456,0.554,0.743,251.36,0.49,43.45,60.1,31.98,8.7,93.03,6.97,53.26,84.92,98.95,98.65,57.81,17077,12650,376,1966
270180,CARNEIROS,27,0.526,0.398,0.517,0.709,199.58,0.54,54.21,68.87,29.96,7.85,96.24,3.76,63.38,60.09,97.94,96.43,41.79,8290,4702,191,1035
270190,CHÃ PRETA,27,0.575,0.481,0.537,0.737,226.6,0.5,49.05,65.17,35.51,9.62,97.6,2.4,55.83,91.37,97.51,95.0,63.03,7146,4488,162,843
270200,COITÉ DO NÓIA,27,0.533,0.398,0.52,0.73,203.15,0.52,49.16,64.96,38.95,9.33,96.46,3.54,70.52,43.61,99.75,91.55,57.41,10926,3737,203,1143
270210,COLÔNIA LEOPOLDINA,27,0.517,0.363,0.548,0.693,242.28,0.53,45.62,62.29,34.59,7.11,92.55,7.45,69.31,74.62,97.18,99.06,39.39,20019,15319,389,2302
270220,COQUEIRO SECO,27,0.586,0.457,0.582,0.757,299.47,0.49,31.06,43.29,28.23,9.76,95.68,4.32,56.69,89.53,99.46,94.13,62.29,5526,4973,111,558
270230,CORURIPE,27,0.626,0.541,0.591,0.769,315.85,0.52,33.79,47.49,23.9,10.04,97.62,2.38,43.07,91.44,97.9,91.07,71.23,52130,46043,1027,5499
270235,CRAÍBAS,27,0.525,0.408,0.517,0.687,199.54,0.53,51.16,65.99,39.67,8.82,96.46,3.54,65.56,63.6,98.63,99.87,55.27,22641,7328,403,2425
270240,DELMIRO GOUVEIA,27,0.612,0.494,0.599,0.774,332.13,0.52,33.1,46.17,23.35,8.67,96.05,3.95,48.71,90.47,99.13,96.91,55.12,48096,34854,916,4674
270250,DOIS RIACHOS,27,0.532,0.385,0.513,0.762,194.81,0.55,57.39,74.34,39.13,8.41,93.85,6.15,67.37,34.56,99.28,96.42,50.83,10880,5085,215,1166
270255,ESTRELA DE ALAGOAS,27,0.534,0.41,0.515,0.72,196.92,0.51,52.35,69.91,40.47,9.42,96.71,3.29,65.19,33.69,98.58,96.2,62.65,17251,4029,284,1628
270260,FEIRA GRANDE,27,0.533,0.402,0.512,0.736,193.07,0.53,55.98,70.86,38.76,8.94,94.77,5.23,63.56,77.36,98.88,98.47,59.33,21321,3421,381,2202
270270,FELIZ DESERTO,27,0.565,0.462,0.55,0.708,245.49,0.49,41.07,52.76,33.5,9.08,96.52,3.48,55.28,32.7,96.14,91.71,59.11,4345,3481,93,413
270280,FLEXEIRAS,27,0.527,0.4,0.528,0.693,213.44,0.47,42.93,55.95,32.2,8.75,95.79,4.21,62.43,66.76,98.07,99.57,53.72,12325,8017,242,1446
270290,GIRAU DO PONCIANO,27,0.536,0.405,0.498,0.762,177.55,0.58,59.05,71.81,35.97,9.09,94.31,5.69,66.83,50.24,98.76,98.28,54.15,36600,11298,757,4108
270300,IBATEGUARA,27,0.518,0.393,0.517,0.684,199.68,0.53,54.97,70.38,38.75,8.19,96.63,3.37,69.8,82.28,98.75,99.65,53.38,15149,9335,289,1773
270310,IGACI,27,0.564,0.424,0.547,0.774,241.17,0.57,47.63,67.55,38.08,9.64,94.34,5.66,63.17,48.49,98.06,97.32,63.83,25188,6184,435,2453
270320,IGREJA NOVA,27,0.568,0.428,0.556,0.771,254.34,0.65,51.79,65.56,36.97,7.72,97.85,2.15,62.18,80.07,99.72,100.0,44.21,23292,4775,410,2273
270330,INHAPI,27,0.484,0.316,0.501,0.718,180.64,0.67,65.08,78.29,40.36,7.47,82.79,17.21,70.84,42.16,92.54,97.28,54.86,17898,6699,357,2256
270340,JACARÉ DOS HOMENS,27,0.583,0.481,0.543,0.759,235.11,0.49,46.94,63.61,28.12,8.75,97.68,2.32,55.89,81.42,98.99,98.51,54.38,5413,3032,132,597
270350,JACUÍPE,27,0.548,0.41,0.532,0.755,219.52,0.46,44.58,57.06,30.82,8.8,96.79,3.21,59.31,68.66,97.97,99.12,50.14,6997,4355,134,829
270360,JAPARATINGA,27,0.57,0.451,0.56,0.735,260.92,0.52,41.76,54.29,29.67,8.95,96.6,3.4,59.7,79.03,97.3,85.38,57.03,7754,3308,161,910
270370,JARAMATAIA,27,0.552,0.451,0.532,0.701,219.1,0.48,50.05,65.45,39.17,8.63,97.09,2.91,56.48,64.73,98.55,97.27,54.19,5558,2913,97,552
270375,JEQUIÁ DA PRAIA,27,0.556,0.43,0.517,0.772,199.39,0.47,51.14,65.94,28.14,9.05,97.43,2.57,65.31,86.93,98.44,95.08,54.51,12029,2879,231,1348
270380,JOAQUIM GOMES,27,0.531,0.386,0.509,0.764,190.23,0.5,50.96,66.79,39.68,8.37,93.9,6.1,67.34,73.62,95.75,92.08,55.02,22575,14477,543,2777
270390,JUNDIÁ,27,0.562,0.434,0.573,0.715,282.87,0.54,38.28,53.56,33.73,8.7,96.2,3.8,51.06,77.94,98.92,96.39,51.75,4202,2827,76,432
270400,JUNQUEIRO,27,0.575,0.454,0.586,0.714,306.96,0.57,40.18,53.52,32.26,9.16,97.81,2.19,54.15,91.27,99.07,96.84,56.04,23836,7803,494,2448
270410,LAGOA DA CANOA,27,0.552,0.443,0.541,0.703,231.56,0.51,47.44,62.36,38.38,9.37,95.19,4.81,56.21,75.33,98.56,95.59,60.86,18250,9165,352,1972
270420,LIMOEIRO DE ANADIA,27,0.58,0.457,0.575,0.742,285.98,0.64,47.66,63.72,35.1,8.44,94.88,5.12,62.12,71.72,98.89,100.0,50.76,26992,2246,488,2769
270430,MACEIÓ,27,0.721,0.635,0.739,0.799,792.54,0.63,15.57,27.1,11.86,9.43,95.03,4.97,31.96,80.17,99.9,97.74,64.02,932748,932129,14963,78261
270440,MAJOR ISIDORO,27,0.566,0.424,0.566,0.755,270.04,0.54,45.15,62.98,35.91,8.92,95.94,4.06,61.71,43.93,99.08,98.84,53.51,18897,9306,341,1968
270450,MARAGOGI,27,0.574,0.443,0.556,0.766,253.86,0.54,44.64,60.45,29.35,8.24,95.59,4.41,58.89,75.44,98.47,89.56,49.37,28749,18625,574,3380
270460,MARAVILHA,27,0.569,0.46,0.539,0.742,229.39,0.58,50.79,66.2,30.08,9.1,97.45,2.55,51.2,46.19,98.08,95.64,57.05,10284,5137,181,1063
270470,MARECHAL DEODORO,27,0.642,0.52,0.641,0.793,431.43,0.6,32.01,46.05,21.9,9.14,94.57,5.43,48.43,97.25,98.79,94.74,59.51,45977,43392,874,4673
270480,MARIBONDO,27,0.597,0.487,0.581,0.751,297.05,0.49,34.99,50.35,29.69,9.65,97.55,2.45,55.44,64.59,98.84,99.74,65.7,13619,9978,243,1324
270490,MAR VERMELHO,27,0.577,0.465,0.54,0.766,229.81,0.47,44.07,60.39,29.99,9.44,97.9,2.1,60.55,74.28,98.48,97.0,52.31,3652,1638,58,379
270500,MATA GRANDE,27,0.504,0.369,0.506,0.685,186.87,0.57,58.03,74.86,38.79,8.38,94.53,5.47,69.07,43.05,96.24,98.55,52.25,24698,5674,522,2964
270510,MATRIZ DE CAMARAGIBE,27,0.584,0.473,0.541,0.777,231.82,0.46,39.73,53.76,31.47,9.53,97.3,2.7,55.47,84.98,99.49,92.81,62.6,23785,22096,439,2715
270520,MESSIAS,27,0.568,0.46,0.557,0.714,256.45,0.49,40.96,57.13,29.9,8.76,96.39,3.61,61.09,90.4,99.26,93.36,52.96,15682,14263,327,1794
270530,MINADOR DO NEGRÃO,27,0.563,0.43,0.541,0.767,231.37,0.54,46.98,66.07,43.89,8.95,97.89,2.11,70.55,32.95,99.72,95.44,56.61,5275,2252,83,486
270540,MONTEIRÓPOLIS,27,0.539,0.443,0.497,0.71,176.62,0.49,56.76,73.29,37.49,9.46,97.59,2.41,62.13,61.08,99.7,99.42,62.99,6935,2515,151,846
270550,MURICI,27,0.527,0.395,0.542,0.685,233.16,0.48,42.57,58.5,30.65,8.16,93.73,6.27,61.41,76.92,93.0,90.09,53.91,26710,22108,575,3055
270560,NOVO LINO,27,0.521,0.375,0.546,0.69,239.75,0.55,47.9,63.99,36.14,8.11,93.64,6.36,67.12,73.43,97.98,67.04,47.39,12060,7328,215,1309
270570,OLHO D'ÁGUA DAS FLORES,27,0.565,0.422,0.568,0.752,274.46,0.55,42.29,57.94,29.22,8.66,94.68,5.32,61.08,84.24,99.04,99.59,54.08,20364,13989,350,2214
270580,OLHO D'ÁGUA DO CASADO,27,0.525,0.35,0.527,0.785,211.97,0.54,52.74,68.53,35.08,7.93,96.13,3.87,68.9,69.65,94.6,96.27,46.92,8491,4027,194,1026
270590,OLHO D'ÁGUA GRANDE,27,0.503,0.399,0.473,0.673,151.62,0.59,66.88,80.48,41.97,9.34,97.87,2.13,65.85,50.65,97.34,89.39,52.5,4957,1203,82,581
270600,OLIVENÇA,27,0.493,0.345,0.513,0.677,195.19,0.56,56.57,71.97,36.66,9.08,95.82,4.18,71.98,45.1,99.43,98.45,55.22,11047,3137,244,1220
270610,OURO BRANCO,27,0.547,0.434,0.538,0.7,227.56,0.55,48.54,64.53,30.53,8.27,95.64,4.36,52.95,37.82,99.14,87.28,51.94,10912,6880,222,1158
270620,PALESTINA,27,0.558,0.467,0.505,0.735,185.39,0.59,61.71,79.34,34.56,9.77,98.57,1.43,51.1,82.31,99.26,95.62,61.44,5112,3237,104,628
270630,PALMEIRA DOS ÍNDIOS,27,0.638,0.523,0.625,0.794,391.37,0.56,30.72,45.07,24.41,9.72,95.15,4.85,48.14,80.3,99.33,91.63,65.8,70368,51610,1152,6341
270640,PÃO DE AÇÚCAR,27,0.593,0.491,0.536,0.793,224.33,0.57,51.74,66.91,30.72,10.37,96.26,3.74,45.9,76.86,98.49,99.91,65.61,23811,10769,402,2342
270642,PARICONHA,27,0.548,0.416,0.526,0.754,211.13,0.5,45.24,61.41,31.96,9.48,97.86,2.14,61.5,61.52,95.91,93.85,62.47,10264,2796,221,1180
270644,PARIPUEIRA,27,0.605,0.486,0.595,0.767,324.93,0.53,32.54,46.85,24.19,8.82,96.2,3.8,50.37,92.47,98.11,91.29,56.57,11347,10049,243,1234
270650,PASSO DE CAMARAGIBE,27,0.533,0.421,0.513,0.703,194.73,0.48,51.5,65.62,32.23,8.55,97.33,2.67,62.09,75.59,99.08,97.3,54.1,14763,7228,312,1770
270660,PAULO JACINTO,27,0.589,0.507,0.551,0.732,247.2,0.52,45.09,60.58,32.0,9.9,97.67,2.33,51.03,84.47,99.55,99.42,69.32,7426,4908,145,777
270670,PENEDO,27,0.63,0.536,0.602,0.774,339.15,0.55,36.82,50.44,22.83,9.45,94.61,5.39,43.53,95.06,98.6,99.27,63.33,60378,45020,1068,5824
270680,PIAÇABUÇU,27,0.572,0.479,0.538,0.727,227.65,0.52,49.21,64.55,31.77,9.2,96.79,3.21,49.56,84.15,97.95,99.03,57.01,17203,10436,322,1792
270690,PILAR,27,0.61,0.509,0.578,0.771,292.06,0.51,35.27,47.66,24.48,8.3,96.8,3.2,45.9,90.01,99.46,98.88,56.28,33305,31801,624,3464
270700,PINDOBA,27,0.574,0.465,0.579,0.703,292.88,0.58,44.63,63.98,35.29,10.18,97.94,2.06,66.82,85.15,96.04,98.08,67.01,2866,1637,67,319
270710,PIRANHAS,27,0.589,0.462,0.563,0.786,265.96,0.6,48.72,63.45,30.49,8.65,92.76,7.24,59.43,71.91,95.59,98.18,58.55,23045,13189,489,2792
270720,POÇO DAS TRINCHEIRAS,27,0.526,0.419,0.484,0.719,162.21,0.64,67.57,80.32,33.63,9.29,96.99,3.01,58.56,23.79,97.66,98.71,53.72,13872,2043,294,1688
270730,PORTO CALVO,27,0.586,0.498,0.558,0.723,257.64,0.47,37.71,50.07,28.44,8.5,95.37,4.63,52.08,86.25,98.45,96.8,54.02,25708,20197,564,2999
270740,PORTO DE PEDRAS,27,0.541,0.379,0.542,0.769,233.72,0.53,51.44,67.54,32.26,8.02,97.19,2.81,65.63,72.2,97.19,66.93,44.93,8429,4798,147,933
270750,PORTO REAL DO COLÉGIO,27,0.551,0.431,0.513,0.758,195.26,0.61,60.38,73.97,34.46,8.49,94.05,5.95,56.97,71.29,99.65,100.0,54.59,19334,6606,324,1927
270760,QUEBRANGULO,27,0.559,0.421,0.536,0.775,224.78,0.53,49.56,68.53,32.23,8.99,96.53,3.47,60.04,76.59,95.21,99.28,54.42,11480,6474,204,1127
270770,RIO LARGO,27,0.643,0.547,0.616,0.788,369.11,0.48,24.26,36.51,18.28,9.45,96.56,3.44,40.06,77.58,99.38,88.92,63.48,68481,55947,1258,6676
270780,ROTEIRO,27,0.505,0.365,0.524,0.672,208.84,0.47,43.61,55.01,38.03,8.35,96.36,3.64,70.16,87.83,99.08,75.11,52.22,6656,5830,167,872
270790,SANTA LUZIA DO NORTE,27,0.597,0.477,0.58,0.77,295.95,0.48,32.72,45.22,23.13,10.08,97.45,2.55,50.29,71.34,98.92,95.39,64.41,6891,6172,123,727
270800,SANTANA DO IPANEMA,27,0.591,0.463,0.579,0.77,293.85,0.61,47.02,62.43,28.94,8.75,95.67,4.33,58.45,71.05,98.4,95.79,53.28,44932,27185,913,4950
270810,SANTANA DO MUNDAÚ,27,0.519,0.362,0.513,0.752,194.87,0.49,48.88,64.95,38.72,7.83,86.74,13.26,67.21,78.5,98.23,91.2,55.47,10961,5658,212,1167
270820,SÃO BRÁS,27,0.572,0.48,0.533,0.732,220.92,0.61,58.31,73.12,34.7,10.12,93.87,6.13,57.42,89.74,98.61,93.64,67.3,6718,3183,133,698
270830,SÃO JOSÉ DA LAJE,27,0.573,0.434,0.574,0.755,284.02,0.48,36.67,52.19,31.13,8.8,92.82,7.18,62.04,87.25,98.64,84.55,56.32,22686,15391,423,2572
270840,SÃO JOSÉ DA TAPERA,27,0.527,0.409,0.508,0.703,188.84,0.58,58.39,72.76,37.04,8.63,96.55,3.45,63.32,48.62,98.06,96.59,51.73,30088,11637,639,3767
270850,SÃO LUÍS DO QUITUNDE,27,0.536,0.4,0.55,0.701,244.85,0.5,43.33,56.48,33.85,7.97,90.38,9.62,60.03,52.47,98.16,85.84,51.2,32412,20588,702,3963
270860,SÃO MIGUEL DOS CAMPOS,27,0.623,0.514,0.612,0.77,360.82,0.51,28.11,39.86,21.28,9.02,96.57,3.43,43.19,96.16,99.54,99.31,58.96,54577,52566,1064,5642
270870,SÃO MIGUEL DOS MILAGRES,27,0.591,0.504,0.545,0.752,237.78,0.48,44.22,58.37,28.59,9.39,96.96,3.04,56.73,91.15,98.76,68.18,61.99,7163,2261,142,725
270880,SÃO SEBASTIÃO,27,0.549,0.432,0.537,0.714,225.84,0.54,48.58,62.53,37.41,8.96,95.43,4.57,64.68,78.03,99.63,96.62,57.33,32010,12309,638,3559
270890,SATUBA,27,0.66,0.585,0.619,0.794,377.42,0.52,26.51,36.93,18.53,9.14,91.04,8.96,37.55,88.46,99.57,97.89,63.25,14603,12792,245,1441
270895,SENADOR RUI PALMEIRA,27,0.518,0.398,0.481,0.728,159.61,0.55,59.76,74.46,36.65,9.02,97.62,2.38,64.32,25.57,98.81,99.06,49.48,13047,3944,302,1576
270900,TANQUE D'ARCA,27,0.555,0.43,0.531,0.748,217.85,0.5,46.93,62.09,38.52,9.29,97.49,2.51,53.16,68.01,98.38,99.71,63.16,6122,2140,100,625
270910,TAQUARANA,27,0.541,0.421,0.529,0.71,215.16,0.51,49.78,65.98,37.95,9.74,97.67,2.33,65.83,74.19,99.17,95.94,64.29,19020,7314,335,1869
270915,TEOTÔNIO VILELA,27,0.564,0.466,0.549,0.7,244.39,0.51,42.79,55.85,28.87,10.24,96.9,3.1,52.01,83.78,99.22,98.38,66.61,41152,34785,868,4816
270920,TRAIPU,27,0.532,0.395,0.499,0.765,178.79,0.64,63.39,80.24,42.69,7.87,95.16,4.84,67.37,37.18,94.9,82.18,48.77,25702,8027,602,3034
270930,UNIÃO DOS PALMARES,27,0.593,0.462,0.59,0.764,313.92,0.53,36.82,50.9,31.62,8.83,96.18,3.82,58.74,90.57,99.15,97.46,56.27,62358,47651,1196,6610
270940,VIÇOSA,27,0.586,0.478,0.554,0.758,251.25,0.59,50.85,68.68,33.47,9.69,94.34,5.66,56.68,83.52,98.73,97.4,64.3,25407,18313,451,2617
280010,AMPARO DE SÃO FRANCISCO,28,0.611,0.55,0.569,0.728,275.32,0.51,37.22,50.27,23.84,9.64,97.38,2.62,32.98,80.65,99.29,99.07,58.94,2275,1840,44,204
280020,AQUIDABÃ,28,0.578,0.452,0.573,0.747,282.19,0.54,41.87,60.6,29.5,8.63,98.62,1.38,56.55,88.82,98.83,99.72,48.75,20056,11457,340,1869
280030,ARACAJU,28,0.77,0.708,0.784,0.823,1052.03,0.62,11.11,20.87,6.61,9.76,97.42,2.58,22.48,99.23,99.89,98.75,62.92,571149,571149,7824,41905
280040,ARAUÁ,28,0.595,0.49,0.55,0.783,245.7,0.5,43.43,62.28,27.51,9.8,98.34,1.66,51.47,80.11,97.64,97.32,62.51,10878,4487,198,1031
280050,AREIA BRANCA,28,0.579,0.434,0.579,0.773,294.32,0.48,33.59,45.84,24.64,8.52,98.0,2.0,50.99,85.15,98.3,96.16,48.24,16857,8191,298,1628
280060,BARRA DOS COQUEIROS,28,0.649,0.545,0.647,0.776,448.81,0.54,25.68,36.58,13.3,8.32,91.68,8.32,36.09,96.04,97.75,98.37,56.96,24976,20886,413,2271
280067,BOQUIM,28,0.604,0.492,0.581,0.771,296.54,0.5,39.2,57.46,24.19,8.74,97.62,2.38,50.35,86.91,99.65,99.55,52.78,25533,15994,430,2312
280070,BREJO GRANDE,28,0.54,0.435,0.515,0.701,197.69,0.51,55.65,69.68,31.48,8.7,98.49,1.51,54.63,74.63,93.75,85.13,51.08,7742,4022,156,839
280100,CAMPO DO BRITO,28,0.621,0.484,0.625,0.793,391.94,0.54,28.8,43.68,28.17,9.02,98.17,1.83,51.34,88.93,99.35,99.18,55.41,16749,8330,247,1478
280110,CANHOBA,28,0.569,0.462,0.553,0.722,249.3,0.52,47.32,62.88,32.18,8.74,98.12,1.88,57.23,86.88,97.39,96.42,51.38,3956,1499,65,419
280120,CANINDÉ DE SÃO FRANCISCO,28,0.567,0.435,0.566,0.741,270.17,0.55,46.27,55.73,29.96,8.81,96.76,3.24,59.59,79.23,97.35,96.46,53.61,24686,14063,538,3056
280130,CAPELA,28,0.615,0.51,0.596,0.766,326.55,0.53,35.85,49.91,24.8,9.15,96.31,3.69,47.43,90.37,99.18,88.18,53.48,30761,19742,566,3223
280140,CARIRA,28,0.588,0.442,0.581,0.791,297.74,0.49,35.46,52.11,34.82,8.41,98.18,1.82,58.56,69.26,98.41,99.05,49.45,20007,11167,365,1918
280150,CARMÓPOLIS,28,0.643,0.546,0.623,0.783,385.16,0.55,30.71,43.37,14.46,9.12,97.27,2.73,33.93,99.04,99.53,99.83,53.89,13503,10716,246,1396
280160,CEDRO DE SÃO JOÃO,28,0.623,0.543,0.608,0.731,352.53,0.53,32.16,50.75,21.18,9.08,99.06,0.94,37.93,96.57,99.84,99.24,59.65,5633,5035,105,485
280170,CRISTINÁPOLIS,28,0.553,0.414,0.54,0.755,229.99,0.5,43.75,55.83,30.45,8.88,97.5,2.5,60.25,87.97,99.04,86.02,51.03,16519,8336,337,1856
280190,CUMBE,28,0.604,0.512,0.576,0.748,288.67,0.49,36.82,52.59,26.52,9.75,98.97,1.03,40.66,94.86,99.59,100.0,60.4,3813,2271,70,346
280200,DIVINA PASTORA,28,0.61,0.527,0.571,0.753,278.62,0.4,28.74,41.32,23.15,9.22,98.23,1.77,42.97,84.19,98.7,97.31,57.55,4326,2099,72,462
280210,ESTÂNCIA,28,0.647,0.552,0.627,0.782,395.41,0.52,27.5,40.91,17.89,9.16,98.6,1.4,42.03,92.23,99.45,93.75,54.75,64409,54760,1081,5997
280220,FEIRA NOVA,28,0.584,0.473,0.546,0.773,238.42,0.47,42.51,56.17,30.24,9.35,96.75,3.25,50.49,89.31,99.39,97.16,58.89,5324,3587,102,547
280230,FREI PAULO,28,0.589,0.428,0.623,0.768,386.65,0.48,22.1,34.05,26.55,7.1,96.91,3.09,55.87,84.73,99.6,98.08,40.73,13874,8213,220,1253
280240,GARARU,28,0.564,0.422,0.544,0.783,236.06,0.61,54.22,71.85,30.77,8.55,95.62,4.38,62.29,73.65,98.99,97.56,50.67,11405,2832,213,1155
280250,GENERAL MAYNARD,28,0.645,0.567,0.609,0.776,354.58,0.54,30.98,45.52,15.23,9.75,97.68,2.32,28.62,89.68,99.06,98.21,58.21,2929,1843,46,263
280260,GRACHO CARDOSO,28,0.577,0.468,0.562,0.729,264.86,0.56,45.18,62.66,29.95,8.15,96.0,4.0,56.21,91.36,99.56,99.63,50.93,5645,2703,86,504
280270,ILHA DAS FLORES,28,0.562,0.469,0.514,0.735,195.64,0.56,58.57,74.79,25.71,8.5,97.87,2.13,54.95,85.64,96.48,95.97,51.73,8348,5435,160,890
280280,INDIAROBA,28,0.58,0.475,0.533,0.772,220.89,0.53,50.58,65.28,26.72,8.97,98.33,1.67,50.83,80.32,97.17,98.85,54.1,15831,5585,334,1888
280290,ITABAIANA,28,0.642,0.513,0.645,0.801,443.39,0.52,21.91,32.44,21.79,8.98,96.45,3.55,47.57,91.16,99.92,98.9,58.46,86967,67709,1437,7677
280300,ITABAIANINHA,28,0.556,0.407,0.555,0.761,253.22,0.51,44.39,63.24,29.83,8.14,98.01,1.99,67.71,75.94,98.04,97.39,44.57,38910,19409,815,4183
280310,ITABI,28,0.602,0.512,0.569,0.748,276.77,0.47,36.88,58.75,30.87,9.91,96.17,3.83,51.54,92.34,98.22,97.69,59.21,4972,2752,64,428
280320,ITAPORANGA D'AJUDA,28,0.561,0.414,0.548,0.779,242.62,0.49,42.21,55.42,24.55,7.71,90.36,9.64,51.01,78.4,97.01,98.27,43.9,30419,11869,561,3041
280330,JAPARATUBA,28,0.621,0.544,0.581,0.757,296.93,0.5,34.75,47.7,20.58,8.91,97.99,2.01,34.39,81.96,98.79,98.82,49.8,16864,7903,286,1656
280340,JAPOATÃ,28,0.56,0.455,0.551,0.7,246.68,0.49,42.52,58.2,30.84,8.59,97.68,2.32,48.32,74.61,98.86,97.74,50.1,12938,4312,259,1337
280350,LAGARTO,28,0.625,0.515,0.613,0.775,362.8,0.5,28.14,44.09,25.32,9.24,97.96,2.04,50.27,81.83,99.03,96.85,54.92,94861,48867,1537,8742
280360,LARANJEIRAS,28,0.642,0.582,0.589,0.772,313.29,0.49,31.34,43.36,15.66,8.45,96.14,3.86,31.99,85.89,99.25,95.69,51.71,26902,21257,480,2622
280370,MACAMBIRA,28,0.583,0.474,0.573,0.728,282.4,0.43,33.44,51.99,31.5,9.24,95.64,4.36,51.88,68.66,99.16,98.0,64.31,6401,3063,106,562
280380,MALHADA DOS BOIS,28,0.599,0.531,0.56,0.722,261.05,0.46,36.58,48.18,23.66,9.74,97.59,2.41,34.35,96.66,99.32,97.77,56.03,3456,1600,70,339
280390,MALHADOR,28,0.587,0.442,0.587,0.781,308.04,0.45,31.69,48.4,24.73,8.49,97.59,2.41,54.46,88.61,98.4,99.57,49.29,12042,5626,192,1090
280400,MARUIM,28,0.618,0.511,0.59,0.781,314.55,0.48,31.62,46.26,17.66,9.01,98.31,1.69,40.0,83.69,98.79,99.22,52.85,16343,12041,300,1530
280410,MOITA BONITA,28,0.587,0.429,0.596,0.792,326.89,0.44,29.29,48.43,26.52,8.8,96.76,3.24,60.89,69.15,99.89,99.28,50.51,11001,4600,156,828
280420,MONTE ALEGRE DE SERGIPE,28,0.553,0.431,0.539,0.726,229.3,0.56,51.29,65.86,33.83,7.88,96.23,3.77,61.98,75.25,98.56,98.45,40.5,13627,8043,245,1420
280430,MURIBECA,28,0.626,0.554,0.575,0.771,286.8,0.49,34.21,49.0,24.69,9.48,99.01,0.99,46.98,93.41,98.6,91.78,55.9,7344,3288,140,686
280440,NEÓPOLIS,28,0.589,0.505,0.575,0.702,286.69,0.55,40.49,54.97,22.72,8.15,92.91,7.09,45.71,75.13,98.56,99.66,50.77,18506,10517,323,1751
280445,NOSSA SENHORA APARECIDA,28,0.577,0.43,0.577,0.774,289.16,0.56,45.52,64.91,37.75,8.34,96.75,3.25,56.41,91.2,98.48,98.79,46.74,8508,3455,113,717
280450,NOSSA SENHORA DA GLÓRIA,28,0.587,0.456,0.591,0.75,316.84,0.52,34.64,48.59,26.69,8.21,98.05,1.95,55.93,90.53,99.08,99.62,48.31,32497,21617,557,3091
280460,NOSSA SENHORA DAS DORES,28,0.6,0.497,0.579,0.749,294.53,0.51,37.9,53.3,28.39,9.38,98.15,1.85,51.61,89.21,99.26,94.51,60.09,24580,16027,436,2340
280470,NOSSA SENHORA DE LOURDES,28,0.598,0.532,0.56,0.719,261.29,0.49,39.99,55.97,28.91,9.3,98.07,1.93,40.81,91.41,98.31,99.35,54.6,6238,3291,99,587
280480,NOSSA SENHORA DO SOCORRO,28,0.664,0.581,0.62,0.811,379.98,0.47,21.41,31.47,10.69,9.28,96.42,3.58,34.46,97.54,99.81,94.6,59.12,160827,155823,2826,15581
280490,PACATUBA,28,0.555,0.454,0.514,0.731,195.47,0.58,57.79,72.98,29.42,8.48,97.4,2.6,52.99,63.53,97.74,100.0,50.07,13137,2688,257,1432
280500,PEDRA MOLE,28,0.593,0.499,0.599,0.698,332.75,0.54,32.91,45.11,27.72,9.29,96.47,3.53,39.99,85.06,98.82,93.59,50.41,2974,1197,37,213
280510,PEDRINHAS,28,0.592,0.486,0.568,0.75,273.91,0.52,39.87,53.87,26.65,8.74,97.46,2.54,45.0,85.21,99.5,96.08,52.53,8833,6471,176,895
280520,PINHÃO,28,0.583,0.48,0.58,0.711,295.24,0.42,23.92,34.29,30.16,8.81,96.97,3.03,52.65,65.39,97.66,98.14,58.34,5973,3319,100,550
280530,PIRAMBU,28,0.603,0.515,0.558,0.764,257.65,0.53,43.42,55.39,20.03,8.49,96.77,3.23,43.39,89.54,98.44,99.67,50.22,8369,4906,160,789
280540,POÇO REDONDO,28,0.529,0.376,0.519,0.76,202.24,0.59,58.45,70.4,35.58,7.49,96.82,3.18,61.9,73.96,97.95,95.39,43.11,30880,8538,717,3555
280550,POÇO VERDE,28,0.561,0.417,0.563,0.751,266.56,0.51,40.04,60.89,29.85,8.98,98.85,1.15,65.74,75.96,99.18,98.33,56.45,21983,12312,341,2070
280560,PORTO DA FOLHA,28,0.568,0.462,0.537,0.739,226.66,0.56,53.99,71.67,31.51,8.11,97.11,2.89,54.78,78.72,97.92,99.47,41.58,27146,9955,442,2608
280570,PROPRIÁ,28,0.661,0.593,0.629,0.776,400.35,0.54,31.99,49.18,18.68,8.98,99.65,0.35,33.23,93.54,99.67,97.15,55.87,28451,24390,452,2591
280580,RIACHÃO DO DANTAS,28,0.539,0.381,0.527,0.781,212.37,0.48,50.24,67.97,29.23,8.29,94.38,5.62,65.44,61.81,99.67,98.99,47.48,19386,4872,345,2021
280590,RIACHUELO,28,0.617,0.52,0.591,0.766,317.28,0.5,33.94,46.34,17.01,8.05,98.49,1.51,31.64,81.97,99.65,97.26,43.8,9355,7855,167,974
280600,RIBEIRÓPOLIS,28,0.613,0.49,0.61,0.769,357.17,0.45,24.36,39.04,28.5,8.98,98.45,1.55,54.46,82.49,99.49,98.78,53.43,17173,11928,245,1404
280610,ROSÁRIO DO CATETE,28,0.631,0.571,0.603,0.731,341.06,0.5,31.42,45.06,14.14,9.24,97.42,2.58,39.68,83.67,98.52,100.0,57.11,9221,6509,174,928
280620,SALGADO,28,0.609,0.486,0.588,0.789,311.33,0.51,36.46,53.85,27.47,8.83,97.9,2.1,53.92,80.59,98.75,96.46,48.07,19365,6694,327,1909
280630,SANTA LUZIA DO ITANHY,28,0.545,0.414,0.513,0.764,194.24,0.53,54.89,66.0,33.03,8.54,97.32,2.68,60.67,72.67,98.73,96.7,45.23,12969,2915,266,1521
280640,SANTANA DO SÃO FRANCISCO,28,0.59,0.526,0.544,0.716,236.25,0.48,43.24,56.47,21.02,9.62,99.58,0.42,36.73,83.32,97.73,98.17,54.72,7038,4523,131,669
280650,SANTA ROSA DE LIMA,28,0.592,0.514,0.527,0.766,213.07,0.45,42.37,59.7,27.17,7.95,98.79,1.21,39.12,88.03,97.25,100.0,51.19,3749,2137,84,386
280660,SANTO AMARO DAS BROTAS,28,0.637,0.543,0.613,0.778,362.46,0.57,36.16,50.53,18.89,8.45,97.55,2.45,42.78,89.04,97.19,98.92,50.34,11410,8211,202,1024
280670,SÃO CRISTÓVÃO,28,0.662,0.581,0.624,0.8,388.36,0.47,22.97,36.39,12.8,9.13,97.69,2.31,34.72,93.21,99.3,89.02,53.7,78864,66665,1340,7149
280680,SÃO DOMINGOS,28,0.588,0.471,0.572,0.756,281.44,0.41,28.01,39.75,33.36,9.06,97.03,2.97,48.76,97.39,99.43,95.94,54.24,10271,5147,186,962
280690,SÃO FRANCISCO,28,0.587,0.49,0.564,0.732,267.3,0.48,39.0,53.48,26.72,8.37,98.07,1.93,55.19,88.7,99.43,100.0,50.69,3393,2379,52,345
280700,SÃO MIGUEL DO ALEIXO,28,0.567,0.424,0.571,0.753,279.25,0.49,36.47,55.43,33.54,8.9,98.12,1.88,59.49,66.57,99.04,95.2,48.62,3698,1747,62,361
280710,SIMÃO DIAS,28,0.604,0.492,0.579,0.775,293.99,0.49,35.11,52.46,26.78,8.95,98.83,1.17,47.81,58.28,98.62,97.96,58.05,38702,20426,649,3613
280720,SIRIRI,28,0.609,0.541,0.565,0.74,268.51,0.47,38.16,53.88,20.69,9.51,98.92,1.08,39.12,82.21,98.1,99.73,55.1,8004,3181,142,785
280730,TELHA,28,0.604,0.542,0.564,0.722,268.17,0.48,37.53,52.19,27.33,9.43,99.53,0.47,35.8,91.76,99.44,99.05,62.57,2957,1127,52,254
280740,TOBIAS BARRETO,28,0.557,0.404,0.609,0.702,353.87,0.55,34.71,51.66,28.34,8.07,94.26,5.74,62.66,79.29,98.62,96.6,46.7,48040,32228,778,4479
280750,TOMAR DO GERU,28,0.551,0.432,0.52,0.746,203.09,0.47,51.11,68.07,32.08,8.38,97.55,2.45,58.96,71.71,97.64,97.31,47.34,12855,4812,262,1332
280760,UMBAÚBA,28,0.579,0.476,0.567,0.719,272.53,0.46,35.98,49.02,24.73,9.15,98.21,1.79,52.34,90.72,99.38,99.37,55.27,22434,13923,429,2325
290010,ABAÍRA,29,0.603,0.51,0.577,0.746,290.53,0.46,31.74,50.12,19.45,9.6,97.26,2.74,46.37,91.69,97.69,95.21,62.93,8316,3736,128,543
290020,ABARÉ,29,0.575,0.46,0.533,0.776,220.16,0.55,47.77,62.03,26.85,7.33,96.53,3.47,47.02,77.56,90.83,97.43,42.92,17064,9029,387,1860
290030,ACAJUTIBA,29,0.582,0.487,0.56,0.723,260.46,0.57,48.78,66.73,22.31,8.28,98.02,1.98,52.55,95.37,97.0,63.99,45.55,14653,12774,297,1492
290035,ADUSTINA,29,0.546,0.432,0.526,0.718,211.37,0.54,49.98,67.54,35.53,8.56,98.12,1.88,67.43,54.14,93.87,96.47,50.5,15702,5572,265,1579
290040,ÁGUA FRIA,29,0.55,0.422,0.529,0.747,215.12,0.53,50.3,64.96,27.26,7.56,97.03,2.97,53.64,52.85,97.35,90.91,41.42,15731,5777,251,1483
290050,ÉRICO CARDOSO,29,0.584,0.471,0.558,0.758,258.28,0.49,36.75,60.88,30.27,8.68,98.83,1.17,57.82,77.18,91.37,94.42,47.21,10859,2016,168,863
290060,AIQUARA,29,0.583,0.471,0.573,0.733,283.24,0.44,27.11,41.19,23.76,8.55,98.41,1.59,45.81,75.28,96.29,100.0,51.25,4602,2680,80,401
290070,ALAGOINHAS,29,0.683,0.592,0.681,0.79,553.17,0.55,19.42,31.25,10.11,8.71,97.44,2.56,29.75,95.11,99.46,96.83,55.41,141949,124042,2025,11207
290080,ALCOBAÇA,29,0.608,0.476,0.611,0.771,357.99,0.53,32.69,45.23,23.59,8.1,96.51,3.49,50.66,81.55,96.67,94.44,53.11,21271,11085,415,2165
290090,ALMADINA,29,0.563,0.421,0.563,0.751,265.39,0.46,38.08,57.14,31.82,8.85,95.34,4.66,57.16,90.57,94.93,98.86,52.29,6357,5080,91,529
290100,AMARGOSA,29,0.625,0.492,0.616,0.807,369.84,0.56,33.42,50.08,20.85,8.69,96.83,3.17,50.06,86.97,96.45,95.1,53.82,34351,24891,590,3120
290110,AMÉLIA RODRIGUES,29,0.666,0.6,0.609,0.81,354.66,0.49,28.19,42.4,13.22,9.84,99.16,0.84,29.64,87.75,99.52,93.23,60.42,25190,19957,441,2230
290115,AMÉRICA DOURADA,29,0.561,0.464,0.506,0.751,186.1,0.5,52.57,68.26,27.53,8.41,96.62,3.38,51.62,84.28,97.14,88.6,56.58,15961,10832,307,1669
290120,ANAGÉ,29,0.54,0.371,0.549,0.771,243.52,0.48,39.06,55.77,33.89,7.26,96.03,3.97,65.99,34.16,93.68,89.42,38.37,25516,4924,431,2269
290130,ANDARAÍ,29,0.555,0.415,0.54,0.764,230.36,0.59,53.89,68.9,26.56,7.42,97.74,2.26,56.58,70.0,89.96,90.08,42.56,13960,7773,272,1611
290135,ANDORINHA,29,0.588,0.474,0.586,0.731,305.81,0.55,39.45,58.12,25.71,8.89,97.97,2.03,56.5,64.53,93.73,95.27,51.96,14414,6208,271,1296
290140,ANGICAL,29,0.625,0.556,0.564,0.778,266.89,0.54,41.72,55.27,24.54,9.31,96.95,3.05,36.59,42.83,93.97,92.56,60.23,14073,6531,225,1261
290150,ANGUERA,29,0.589,0.471,0.565,0.766,269.0,0.48,38.32,56.39,22.7,9.25,98.23,1.77,45.4,61.68,97.59,93.96,54.74,10242,4326,145,790
290160,ANTAS,29,0.592,0.491,0.573,0.739,283.59,0.52,38.43,58.95,28.33,8.55,94.26,5.74,48.41,85.66,90.84,96.48,55.04,17072,6360,263,1253
290170,ANTÔNIO CARDOSO,29,0.561,0.422,0.544,0.768,236.86,0.46,37.58,54.56,29.07,8.06,95.76,4.24,51.75,61.7,98.16,90.91,42.23,11554,3225,201,1005
290180,ANTÔNIO GONÇALVES,29,0.598,0.498,0.58,0.741,295.7,0.51,35.74,49.23,19.72,8.32,98.43,1.57,46.76,82.1,98.23,92.53,52.11,11015,5783,207,1083
290190,APORÁ,29,0.548,0.425,0.516,0.751,199.04,0.56,55.3,74.7,27.81,7.66,97.59,2.41,58.73,89.64,95.36,81.74,42.69,17731,8505,320,1810
290195,APUAREMA,29,0.552,0.413,0.555,0.735,252.3,0.46,39.49,56.12,31.03,8.11,95.92,4.08,61.31,79.67,91.02,96.0,47.01,7459,5117,161,706
290200,ARACATU,29,0.581,0.439,0.591,0.754,316.6,0.45,28.51,45.01,29.35,8.87,97.68,2.32,61.25,39.4,78.72,97.83,50.86,13743,3938,208,1119
290205,ARAÇAS,29,0.57,0.462,0.54,0.744,230.75,0.53,45.82,61.42,23.15,7.92,98.1,1.9,46.14,90.8,95.22,97.9,40.4,11561,5807,234,1166
290210,ARACI,29,0.534,0.381,0.534,0.747,221.98,0.57,52.7,66.96,34.37,6.94,97.44,2.56,65.14,48.97,88.96,97.39,34.95,51651,19638,1036,6110
290220,ARAMARI,29,0.588,0.47,0.568,0.761,274.61,0.51,39.06,55.95,19.58,7.48,96.27,3.73,50.83,73.38,98.55,86.75,47.93,10036,5125,158,904
290225,ARATACA,29,0.559,0.413,0.557,0.758,256.14,0.47,38.64,55.88,31.58,7.71,95.57,4.43,58.22,79.53,91.89,95.44,43.1,10392,5588,228,1170
290230,ARATUÍPE,29,0.575,0.443,0.57,0.753,278.23,0.52,39.85,57.57,24.62,7.43,98.45,1.55,50.05,79.85,95.85,95.21,39.11,8599,5513,175,832
290240,AURELINO LEAL,29,0.568,0.434,0.555,0.759,253.19,0.45,36.6,50.42,26.72,7.6,95.53,4.47,52.6,82.9,94.99,90.36,41.81,13595,11426,216,1275
290250,BAIANÓPOLIS,29,0.589,0.492,0.543,0.763,235.05,0.57,49.22,69.03,30.64,8.99,98.69,1.31,50.31,89.27,98.71,81.35,55.13,13850,3482,227,1268
290260,BAIXA GRANDE,29,0.585,0.471,0.549,0.775,243.98,0.53,45.3,64.35,25.56,8.76,97.18,2.82,53.91,51.63,90.7,97.47,61.69,20060,8338,365,2015
290265,BANZAÊ,29,0.579,0.468,0.539,0.769,228.54,0.46,39.9,58.21,26.34,8.51,98.12,1.88,55.37,97.53,98.19,91.05,50.06,11814,4042,207,1145
290270,BARRA,29,0.557,0.457,0.503,0.75,183.03,0.59,59.44,72.12,23.54,8.33,97.0,3.0,54.01,72.34,86.43,97.14,46.2,49325,22446,1173,6011
290280,BARRA DA ESTIVA,29,0.575,0.469,0.566,0.717,270.66,0.53,41.63,58.39,18.03,7.83,96.84,3.16,59.32,80.19,95.56,96.7,45.95,21187,10404,396,2143
290290,BARRA DO CHOÇA,29,0.551,0.386,0.563,0.77,266.13,0.44,31.84,47.68,27.71,7.69,96.87,3.13,67.67,84.74,96.83,99.64,45.03,34788,22407,640,3381
290300,BARRA DO MENDES,29,0.63,0.553,0.578,0.784,292.41,0.57,42.11,58.34,14.72,9.94,97.48,2.52,36.26,82.91,96.99,93.57,70.2,13987,6256,258,1361
290310,BARRA DO ROCHA,29,0.577,0.465,0.585,0.705,304.56,0.52,34.9,54.85,26.79,8.47,95.64,4.36,53.19,79.98,95.49,98.6,51.3,6313,3806,117,566
290320,BARREIRAS,29,0.721,0.668,0.695,0.807,602.82,0.56,16.27,24.55,10.33,9.21,97.52,2.48,23.88,92.32,99.36,97.3,62.08,137427,123741,2392,12368
290323,BARRO ALTO,29,0.607,0.55,0.551,0.739,247.32,0.51,44.24,60.35,18.21,9.55,98.43,1.57,42.43,94.62,98.11,95.66,65.58,13612,6712,255,1379
290327,BARROCAS,29,0.61,0.503,0.574,0.786,284.41,0.46,32.83,46.0,19.7,8.84,98.66,1.34,42.85,75.69,99.19,94.22,56.31,14191,5695,243,1379
290330,BARRO PRETO,29,0.602,0.508,0.576,0.744,287.6,0.49,34.48,50.98,26.18,7.78,96.19,3.81,46.78,88.02,94.28,90.77,43.72,6453,5295,108,548
290340,BELMONTE,29,0.598,0.48,0.577,0.771,289.9,0.5,35.61,49.78,24.76,8.21,96.53,3.47,47.43,88.68,91.77,92.89,53.8,21798,11420,447,2288
290350,BELO CAMPO,29,0.575,0.444,0.562,0.76,263.52,0.49,39.69,58.9,26.12,8.49,95.18,4.82,56.95,64.56,94.8,95.25,50.7,16021,9029,293,1480
290360,BIRITINGA,29,0.538,0.402,0.525,0.738,209.37,0.55,52.84,69.28,26.14,7.42,98.03,1.97,63.82,87.91,95.64,95.42,38.65,14836,3517,251,1468
290370,BOA NOVA,29,0.567,0.453,0.535,0.753,223.48,0.51,47.41,63.68,31.7,9.58,97.16,2.84,57.4,71.58,84.87,99.01,66.26,15411,5804,281,1563
290380,BOA VISTA DO TUPIM,29,0.551,0.447,0.514,0.729,195.71,0.56,54.52,69.29,30.3,9.77,96.8,3.2,55.15,60.35,83.48,99.85,63.67,17991,6593,360,1791
290390,BOM JESUS DA LAPA,29,0.633,0.533,0.615,0.775,367.62,0.6,35.74,49.11,19.18,8.52,95.74,4.26,40.74,79.72,94.07,86.76,54.74,63480,43099,1217,6477
290395,BOM JESUS DA SERRA,29,0.546,0.407,0.535,0.749,223.19,0.52,46.0,64.74,27.15,7.64,98.35,1.65,59.83,35.18,94.4,85.89,40.87,10113,2768,198,981
290400,BONINAL,29,0.612,0.514,0.564,0.789,267.7,0.53,40.34,59.05,22.02,9.39,96.27,3.73,47.92,86.62,98.16,94.05,60.02,13695,4607,207,1271
290405,BONITO,29,0.561,0.467,0.552,0.685,249.0,0.5,43.9,56.36,20.32,8.7,97.62,2.38,49.51,91.13,96.22,99.55,58.14,14834,6232,338,1791
290410,BOQUIRA,29,0.603,0.497,0.564,0.782,266.71,0.53,39.88,58.11,25.81,8.86,98.84,1.16,51.02,61.36,90.58,91.78,53.9,22037,7364,377,2093
290420,BOTUPORÃ,29,0.575,0.464,0.543,0.754,235.16,0.52,44.86,64.2,26.32,9.42,98.06,1.94,51.8,52.17,93.49,98.64,59.08,11154,4076,177,1018
290430,BREJÕES,29,0.597,0.49,0.56,0.775,261.14,0.5,39.47,54.0,24.27,8.88,97.95,2.05,51.74,75.32,98.24,96.35,54.24,14282,4937,215,1239
290440,BREJOLÂNDIA,29,0.592,0.523,0.533,0.746,221.22,0.56,48.72,62.93,26.31,9.29,98.4,1.6,47.27,42.12,92.44,91.4,59.05,11077,1984,170,950
290450,BROTAS DE MACAÚBAS,29,0.57,0.445,0.552,0.754,247.49,0.56,45.57,68.56,21.22,8.45,97.55,2.45,56.25,35.51,93.78,91.68,45.8,10717,3118,185,1011
290460,BRUMADO,29,0.656,0.554,0.63,0.807,403.22,0.52,25.36,37.98,16.28,8.81,96.76,3.24,35.42,78.07,98.28,98.49,53.74,64602,45131,932,5083
290470,BUERAREMA,29,0.613,0.495,0.604,0.772,343.23,0.53,34.68,46.87,23.1,6.44,91.48,8.52,44.03,91.84,94.66,94.92,42.41,18605,15277,306,1639
290475,BURITIRAMA,29,0.565,0.471,0.504,0.761,184.53,0.57,56.15,69.26,26.05,8.92,97.29,2.71,52.52,57.59,92.66,96.2,50.1,19600,7905,438,2182
290480,CAATIBA,29,0.561,0.406,0.579,0.752,293.78,0.39,24.31,36.19,30.0,7.94,89.95,10.05,60.26,78.35,89.12,99.8,50.23,11420,5398,210,1070
290485,CABACEIRAS DO PARAGUAÇU,29,0.581,0.49,0.525,0.763,209.45,0.54,51.63,70.1,26.5,8.48,98.84,1.16,49.85,65.66,98.98,92.86,56.02,17327,4644,409,2000
290490,CACHOEIRA,29,0.647,0.577,0.615,0.762,368.11,0.56,33.83,51.11,16.01,8.51,97.82,2.18,35.45,82.66,99.29,93.51,52.5,32026,16387,522,2723
290500,CACULÉ,29,0.637,0.541,0.621,0.769,382.15,0.48,24.3,37.25,20.17,8.72,97.27,2.73,43.03,87.93,96.65,97.79,54.14,22236,13309,304,1846
290510,CAÉM,29,0.546,0.434,0.535,0.701,223.48,0.54,49.42,68.65,25.16,8.99,98.8,1.2,57.78,61.13,93.5,96.18,56.14,10368,3655,206,1041
290515,CAETANOS,29,0.542,0.409,0.536,0.725,224.38,0.5,43.74,56.52,27.04,7.71,96.83,3.17,57.24,6.88,87.54,88.41,47.97,13639,3291,230,1187
290520,CAETITÉ,29,0.625,0.484,0.631,0.801,405.31,0.59,32.54,48.0,20.42,7.96,98.3,1.7,50.78,69.54,94.69,96.77,43.95,47515,28447,653,3873
290530,CAFARNAUM,29,0.584,0.49,0.554,0.734,251.31,0.55,47.13,63.91,21.82,9.37,98.64,1.36,48.68,80.76,95.84,94.25,61.06,17209,10563,335,1705
290540,CAIRU,29,0.627,0.51,0.6,0.807,334.19,0.53,32.54,44.37,15.53,7.89,98.78,1.22,43.32,92.89,98.45,97.7,46.7,15374,8147,284,1441
290550,CALDEIRÃO GRANDE,29,0.573,0.473,0.526,0.758,211.26,0.55,52.34,68.85,29.26,8.25,97.77,2.23,50.45,76.85,92.67,97.98,48.86,12491,4558,254,1263
290560,CAMACAN,29,0.581,0.419,0.608,0.768,351.84,0.6,38.74,53.82,22.82,7.41,92.47,7.53,52.33,85.28,94.55,95.31,47.89,31472,24685,637,3205
290570,CAMAÇARI,29,0.694,0.616,0.681,0.798,553.18,0.53,16.39,25.68,7.78,9.24,96.68,3.32,28.19,96.45,99.81,96.3,61.48,242970,231973,3920,20925
290580,CAMAMU,29,0.565,0.452,0.562,0.71,264.63,0.54,46.39,61.48,26.65,8.17,96.03,3.97,48.6,84.08,83.82,92.98,50.8,35180,15618,747,3967
290590,CAMPO ALEGRE DE LOURDES,29,0.557,0.43,0.516,0.778,199.01,0.61,58.96,76.82,27.96,8.88,98.34,1.66,59.95,5.9,66.15,82.22,53.27,28090,8126,529,2900
290600,CAMPO FORMOSO,29,0.586,0.475,0.566,0.749,270.05,0.57,46.53,62.12,24.55,8.41,97.96,2.04,52.28,67.07,97.09,94.03,50.05,66616,24863,1305,7055
290610,CANÁPOLIS,29,0.565,0.463,0.531,0.732,217.86,0.49,47.06,66.7,30.9,8.08,96.91,3.09,49.69,84.46,93.27,88.79,49.26,9410,3225,171,907
290620,CANARANA,29,0.587,0.496,0.555,0.734,252.39,0.48,42.2,55.55,19.01,9.25,98.87,1.13,45.61,79.56,98.79,97.51,61.56,24067,11455,517,2547
290630,CANAVIEIRAS,29,0.59,0.434,0.596,0.796,325.61,0.51,30.85,45.05,19.62,7.22,94.86,5.14,56.08,87.8,93.2,95.04,46.03,32336,25903,588,3160
290640,CANDEAL,29,0.587,0.465,0.554,0.787,251.54,0.44,36.55,48.89,25.73,8.44,98.18,1.82,47.51,59.5,92.32,92.11,49.89,8895,3476,150,812
290650,CANDEIAS,29,0.691,0.616,0.652,0.823,462.57,0.48,17.44,24.8,9.08,9.11,97.56,2.44,25.3,95.99,99.63,90.9,61.51,83158,75994,1140,6948
290660,CANDIBA,29,0.591,0.481,0.578,0.743,290.99,0.44,29.91,46.77,25.63,9.13,98.28,1.72,49.85,75.29,96.04,99.26,61.02,13210,7725,213,1053
290670,CÂNDIDO SALES,29,0.601,0.482,0.565,0.798,268.57,0.5,39.5,54.21,26.08,7.95,96.21,3.79,52.46,68.2,98.45,95.19,50.17,27918,19286,501,2613
290680,CANSANÇÃO,29,0.557,0.438,0.53,0.745,216.24,0.57,53.28,68.04,28.93,8.72,98.64,1.36,56.01,60.6,95.51,69.65,49.59,32908,11021,610,3493
290682,CANUDOS,29,0.562,0.453,0.554,0.707,251.59,0.53,43.76,61.31,25.23,8.77,98.64,1.36,58.3,65.92,89.49,88.67,53.57,15732,8698,328,1633
290685,CAPELA DO ALTO ALEGRE,29,0.599,0.48,0.582,0.77,299.05,0.49,35.22,52.05,27.98,8.44,98.63,1.37,49.83,72.12,92.31,99.23,56.77,11527,5595,203,988
290687,CAPIM GROSSO,29,0.621,0.514,0.62,0.752,378.85,0.54,28.06,42.01,20.75,8.4,96.22,3.78,43.9,89.25,98.57,96.79,57.03,26577,21762,465,2439
290689,CARAÍBAS,29,0.555,0.405,0.57,0.739,277.97,0.49,36.8,55.3,32.86,7.82,97.31,2.69,59.12,34.37,92.71,96.36,40.72,10222,2513,156,870
290690,CARAVELAS,29,0.616,0.473,0.626,0.791,394.43,0.56,34.46,49.18,24.95,7.47,95.45,4.55,56.0,84.4,95.14,95.5,44.59,21414,11309,399,2233
290700,CARDEAL DA SILVA,29,0.552,0.437,0.523,0.735,207.42,0.52,54.04,68.22,23.01,7.59,98.11,1.89,55.0,77.18,96.23,99.01,37.75,8899,2901,177,1016
290710,CARINHANHA,29,0.576,0.477,0.525,0.763,209.51,0.51,47.47,60.99,25.91,8.79,98.82,1.18,45.03,70.13,87.25,93.68,51.28,28380,12585,556,3102
290720,CASA NOVA,29,0.57,0.435,0.577,0.736,289.24,0.54,37.38,49.14,24.86,8.15,95.48,4.52,53.36,61.77,86.42,95.53,50.75,64940,37543,1220,6676
290730,CASTRO ALVES,29,0.613,0.504,0.591,0.774,316.1,0.54,34.72,47.73,22.66,7.6,95.93,4.07,44.56,72.4,98.0,97.96,51.13,25408,15686,404,2239
290740,CATOLÂNDIA,29,0.582,0.452,0.554,0.786,251.21,0.51,42.42,57.81,25.58,10.13,98.33,1.67,51.49,67.59,96.32,89.36,65.89,2612,967,45,227
290750,CATU,29,0.677,0.578,0.66,0.814,486.05,0.55,22.17,32.92,11.12,8.95,97.26,2.74,30.74,93.48,98.47,93.19,56.42,51077,42755,746,4016
290755,CATURAMA,29,0.571,0.446,0.543,0.77,234.88,0.49,42.42,62.17,27.88,8.08,98.65,1.35,54.1,60.21,81.3,97.13,51.97,8843,2374,142,735
290760,CENTRAL,29,0.596,0.538,0.54,0.728,231.1,0.54,46.19,62.73,20.01,8.72,98.87,1.13,44.64,86.03,94.98,96.58,51.46,17013,8157,295,1725
290770,CHORROCHÓ,29,0.6,0.503,0.552,0.779,248.5,0.58,46.56,65.2,28.38,7.35,96.61,3.39,47.31,54.11,83.55,90.52,45.06,10734,2631,227,1197
290780,CÍCERO DANTAS,29,0.585,0.477,0.59,0.712,315.19,0.53,36.83,57.14,32.89,8.71,98.0,2.0,56.92,81.44,94.87,83.96,53.78,32300,17726,506,2673
290790,CIPÓ,29,0.601,0.496,0.589,0.744,312.03,0.55,38.16,54.98,23.83,8.94,97.59,2.41,48.87,83.3,98.27,93.4,53.38,15755,11287,292,1532
290800,COARACI,29,0.613,0.491,0.615,0.762,366.33,0.54,29.86,46.67,23.55,8.4,95.14,4.86,49.13,90.97,96.76,99.04,49.7,20964,19130,367,1840
290810,COCOS,29,0.596,0.471,0.558,0.805,258.27,0.56,44.13,61.71,24.88,7.69,97.02,2.98,56.31,61.48,88.26,90.76,44.69,18153,8572,348,1757
290820,CONCEIÇÃO DA FEIRA,29,0.634,0.548,0.606,0.766,348.39,0.56,32.84,47.65,16.03,8.16,98.83,1.17,32.25,88.34,99.12,98.67,51.18,20391,13137,341,1843
290830,CONCEIÇÃO DO ALMEIDA,29,0.606,0.479,0.578,0.805,290.98,0.56,41.69,57.26,20.44,8.26,95.64,4.36,43.7,63.31,99.36,96.06,50.31,17889,7926,284,1411
290840,CONCEIÇÃO DO COITÉ,29,0.611,0.517,0.587,0.752,309.61,0.48,32.42,47.53,19.84,8.49,97.89,2.11,43.57,76.08,98.16,96.82,49.08,62040,36278,1013,5824
290850,CONCEIÇÃO DO JACUÍPE,29,0.663,0.579,0.63,0.799,403.18,0.48,21.54,34.58,12.39,9.18,98.37,1.63,27.84,87.92,99.84,94.67,58.62,30123,23539,493,2665
290860,CONDE,29,0.56,0.451,0.551,0.705,246.81,0.63,56.43,71.92,24.09,7.8,96.84,3.16,56.62,75.73,94.33,87.1,42.53,23620,12129,523,2863
290870,CONDEÚBA,29,0.582,0.447,0.559,0.789,260.07,0.49,40.3,59.4,27.24,8.38,98.08,1.92,54.83,73.92,92.6,98.81,48.97,16898,7462,267,1566
290880,CONTENDAS DO SINCORÁ,29,0.577,0.477,0.579,0.695,293.12,0.51,35.43,55.22,26.71,9.66,98.94,1.06,57.44,66.92,95.1,84.56,56.92,4663,2297,80,402
290890,CORAÇÃO DE MARIA,29,0.592,0.489,0.558,0.762,257.21,0.52,42.58,60.48,21.0,9.31,98.81,1.19,50.74,61.19,98.91,95.63,55.46,22401,9400,359,1992
290900,CORDEIROS,29,0.579,0.454,0.561,0.763,263.24,0.45,33.98,54.01,25.58,8.82,98.07,1.93,49.13,72.68,96.54,97.71,51.22,8168,2551,125,722
290910,CORIBE,29,0.6,0.491,0.545,0.807,237.03,0.58,48.62,63.59,28.37,8.8,97.71,2.29,47.73,83.18,92.41,81.23,53.12,14307,6141,236,1307
290920,CORONEL JOÃO SÁ,29,0.535,0.392,0.545,0.716,238.18,0.48,42.31,57.73,39.29,8.15,95.99,4.01,64.46,54.42,80.73,98.28,46.75,17066,7043,311,1771
290930,CORRENTINA,29,0.603,0.481,0.575,0.792,285.96,0.58,43.17,58.99,23.46,7.1,97.61,2.39,53.0,62.32,94.92,98.42,42.9,31249,12604,585,2963
290940,COTEGIPE,29,0.59,0.504,0.545,0.746,237.5,0.56,49.02,65.88,29.82,8.53,94.5,5.5,44.2,64.6,81.99,87.19,55.33,13636,6648,271,1333
290950,CRAVOLÂNDIA,29,0.599,0.503,0.559,0.765,259.87,0.53,42.52,53.06,27.78,8.92,97.59,2.41,37.74,84.36,94.81,92.9,56.69,5041,3180,108,483
290960,CRISÓPOLIS,29,0.543,0.387,0.542,0.765,232.6,0.57,51.72,71.96,30.66,7.8,96.12,3.88,70.57,79.9,97.03,78.88,50.21,20046,8612,334,2068
290970,CRISTÓPOLIS,29,0.614,0.553,0.546,0.766,239.23,0.54,46.07,62.15,30.2,9.16,98.3,1.7,44.38,81.82,95.39,91.83,61.3,13280,3133,216,1190
290980,CRUZ DAS ALMAS,29,0.699,0.65,0.659,0.796,481.8,0.55,24.93,39.78,11.79,8.79,97.21,2.79,27.34,95.78,99.85,94.52,57.32,58606,49885,899,4580
290990,CURAÇÁ,29,0.581,0.463,0.544,0.778,236.77,0.51,43.82,59.94,24.72,8.47,97.36,2.64,46.83,66.85,90.28,94.83,52.01,32168,13719,600,3232
291000,DÁRIO MEIRA,29,0.54,0.392,0.522,0.771,206.16,0.54,53.41,70.34,34.07,7.16,93.05,6.95,58.43,82.9,87.23,98.6,39.82,12836,5090,219,1237
291005,DIAS D'ÁVILA,29,0.676,0.584,0.651,0.811,460.6,0.5,20.72,30.12,8.21,9.19,97.95,2.05,30.19,95.11,99.41,91.64,59.06,66440,62473,1167,6199
291010,DOM BASÍLIO,29,0.591,0.482,0.547,0.783,240.83,0.46,40.89,57.08,23.72,8.67,96.04,3.96,47.72,61.02,97.96,100.0,56.41,11355,2241,166,938
291020,DOM MACEDO COSTA,29,0.632,0.531,0.598,0.795,329.93,0.55,36.54,53.12,20.79,9.3,99.3,0.7,31.87,78.54,99.15,97.36,54.75,3874,1761,44,312
291030,ELÍSIO MEDRADO,29,0.623,0.527,0.59,0.777,315.04,0.5,35.13,54.51,25.43,10.7,99.61,0.39,43.7,82.56,98.8,94.85,72.75,7947,3248,120,619
291040,ENCRUZILHADA,29,0.544,0.4,0.533,0.754,220.0,0.49,45.03,57.78,32.75,6.72,95.04,4.96,58.14,72.06,89.96,95.41,41.01,23766,5130,442,2481
291050,ENTRE RIOS,29,0.615,0.492,0.602,0.785,338.53,0.6,39.75,53.84,18.07,7.66,95.59,4.41,47.01,84.11,97.2,96.8,46.28,39872,23840,729,4067
291060,ESPLANADA,29,0.589,0.469,0.589,0.74,312.58,0.57,39.21,53.21,21.61,7.58,97.68,2.32,50.13,88.77,95.36,91.88,42.52,32802,20822,668,3557
291070,EUCLIDES DA CUNHA,29,0.567,0.43,0.565,0.749,269.58,0.55,43.14,62.09,27.43,7.69,97.76,2.24,58.36,83.95,95.07,91.52,42.08,56289,27416,965,5266
291072,EUNÁPOLIS,29,0.677,0.572,0.687,0.791,575.44,0.57,17.93,28.08,14.8,8.73,96.21,3.79,33.88,95.9,98.48,97.66,57.79,100196,93413,1810,9426
291075,FÁTIMA,29,0.559,0.459,0.554,0.686,250.6,0.53,46.32,65.0,35.08,8.46,98.37,1.63,55.04,74.24,96.81,96.43,49.13,17652,6916,278,1616
291077,FEIRA DA MATA,29,0.588,0.505,0.527,0.763,212.22,0.54,50.82,65.7,22.41,9.15,97.5,2.5,46.59,66.42,80.71,87.8,56.8,6184,3243,81,546
291080,FEIRA DE SANTANA,29,0.712,0.619,0.71,0.82,662.24,0.6,15.8,26.43,9.08,9.11,97.38,2.62,28.34,95.87,99.77,97.43,59.85,556642,510635,8672,45832
291085,FILADÉLFIA,29,0.565,0.45,0.553,0.726,250.08,0.57,45.48,59.81,22.52,8.66,98.36,1.64,53.49,78.57,95.7,98.73,50.41,16740,9022,278,1580
291090,FIRMINO ALVES,29,0.578,0.464,0.596,0.699,325.51,0.43,24.91,40.57,23.44,7.44,95.06,4.94,47.25,71.79,96.47,98.24,41.31,5384,4337,85,525
291100,FLORESTA AZUL,29,0.557,0.431,0.548,0.731,242.04,0.45,38.11,56.11,28.97,7.69,92.82,7.18,51.33,88.81,96.8,97.64,47.28,10660,7343,207,944
291110,FORMOSA DO RIO PRETO,29,0.618,0.536,0.576,0.763,287.94,0.6,42.96,54.11,22.33,8.48,97.32,2.68,41.85,73.58,90.12,92.41,53.46,22528,13647,435,2334
291120,GANDU,29,0.632,0.508,0.645,0.771,442.37,0.59,30.27,47.61,22.83,7.72,96.8,3.2,50.54,88.01,98.35,90.73,47.7,30336,24848,587,2750
291125,GAVIÃO,29,0.599,0.508,0.566,0.747,271.53,0.4,27.21,45.35,26.28,9.34,98.88,1.12,45.52,72.62,80.25,99.57,54.08,4561,2538,79,346
291130,GENTIO DO OURO,29,0.559,0.45,0.523,0.743,207.35,0.52,49.39,66.32,25.45,7.93,97.9,2.1,48.79,79.1,96.83,84.01,45.02,10622,5350,181,1016
291140,GLÓRIA,29,0.593,0.479,0.563,0.775,266.14,0.51,38.55,52.81,28.1,9.12,97.35,2.65,54.61,61.35,98.35,98.22,57.27,15076,2827,255,1249
291150,GONGOGI,29,0.576,0.456,0.543,0.773,234.7,0.47,40.1,55.1,28.44,8.6,96.84,3.16,50.87,74.52,97.72,93.58,52.35,8357,5358,146,812
291160,GOVERNADOR MANGABEIRA,29,0.643,0.594,0.594,0.754,322.02,0.54,30.73,44.22,17.45,9.38,95.61,4.39,26.41,88.15,99.68,96.56,60.52,19818,7417,348,1790
291165,GUAJERU,29,0.569,0.437,0.548,0.77,241.69,0.46,36.12,55.53,29.89,7.96,97.07,2.93,54.34,50.66,89.87,99.01,52.97,10412,2077,141,860
291170,GUANAMBI,29,0.673,0.584,0.663,0.789,496.05,0.55,18.63,28.45,15.42,9.46,97.75,2.25,31.29,86.59,97.44,96.25,62.14,78833,62565,1140,6322
291180,GUARATINGA,29,0.558,0.406,0.559,0.766,258.74,0.53,40.97,55.98,34.47,7.42,94.58,5.42,56.32,83.4,87.05,97.1,45.76,22165,10425,401,2228
291185,HELIÓPOLIS,29,0.563,0.437,0.547,0.748,241.36,0.5,44.3,61.5,31.96,9.39,98.28,1.72,61.81,87.07,93.78,96.97,55.11,13192,5428,215,1265
291190,IAÇU,29,0.574,0.461,0.588,0.697,311.24,0.61,43.94,58.65,24.99,8.06,97.82,2.18,51.21,79.68,94.17,91.55,44.86,25736,20168,468,2551
291200,IBIASSUCÊ,29,0.611,0.476,0.608,0.789,350.98,0.46,21.91,36.99,20.99,8.63,98.55,1.45,47.94,90.56,92.27,98.36,56.24,10062,4706,142,769
291210,IBICARAÍ,29,0.625,0.524,0.609,0.764,354.75,0.53,32.19,46.81,21.5,8.25,97.98,2.02,45.32,93.59,98.08,93.98,51.01,24272,17885,400,2207
291220,IBICOARA,29,0.591,0.484,0.583,0.731,300.89,0.48,31.21,42.69,16.31,8.57,96.34,3.66,54.95,82.84,97.81,95.45,57.28,17282,10961,373,1796
291230,IBICUÍ,29,0.584,0.435,0.586,0.78,307.49,0.5,34.67,52.48,25.6,7.72,98.17,1.83,54.25,77.93,93.92,97.15,46.62,15785,11964,298,1424
291240,IBIPEBA,29,0.616,0.545,0.577,0.744,290.82,0.56,43.23,59.06,18.16,9.14,97.62,2.38,37.48,84.75,97.32,81.7,61.24,17008,10049,316,1516
291250,IBIPITANGA,29,0.584,0.475,0.553,0.757,249.32,0.57,47.05,65.16,28.1,9.36,96.87,3.13,51.35,64.48,83.52,97.71,58.76,14171,5155,233,1248
291260,IBIQUERA,29,0.511,0.335,0.517,0.771,199.55,0.58,52.54,72.04,30.06,6.93,96.2,3.8,68.5,53.14,78.39,96.93,36.89,4866,2461,94,474
291270,IBIRAPITANGA,29,0.558,0.415,0.561,0.748,261.88,0.52,45.03,62.35,31.91,7.47,95.94,4.06,57.92,79.88,91.8,94.54,45.25,22598,6163,496,2551
291280,IBIRAPUÃ,29,0.614,0.467,0.641,0.774,431.31,0.51,20.97,31.99,23.09,8.11,99.2,0.8,51.79,85.41,96.32,98.86,48.75,7956,4532,141,729
291290,IBIRATAIA,29,0.576,0.424,0.571,0.789,278.69,0.49,36.2,53.16,28.88,8.06,97.59,2.41,55.33,90.79,94.27,96.06,44.4,18943,15742,296,1674
291300,IBITIARA,29,0.585,0.49,0.55,0.744,244.68,0.55,46.3,67.28,23.22,9.85,96.21,3.79,51.84,70.09,93.92,97.17,66.01,15508,3437,232,1317
291310,IBITITÁ,29,0.602,0.527,0.554,0.747,250.63,0.5,44.22,60.79,22.73,9.1,96.58,3.42,42.36,93.84,98.74,94.21,60.01,17840,8338,293,1642
291320,IBOTIRAMA,29,0.636,0.548,0.601,0.78,337.12,0.55,34.56,50.08,17.98,9.34,96.38,3.62,34.73,82.87,98.2,96.59,60.03,25424,19501,505,2380
291330,ICHU,29,0.631,0.562,0.58,0.771,296.17,0.47,34.31,52.32,14.24,9.35,98.47,1.53,35.65,69.71,97.19,94.6,58.28,5255,3365,75,446
291340,IGAPORÃ,29,0.614,0.516,0.586,0.766,306.74,0.5,31.73,46.13,20.39,8.57,97.31,2.69,38.03,73.83,96.61,99.49,50.74,15205,7864,215,1235
291345,IGRAPIÚNA,29,0.574,0.424,0.565,0.789,269.34,0.54,44.16,57.42,24.49,7.11,97.16,2.84,56.83,66.46,78.39,95.06,37.95,13343,4275,291,1526
291350,IGUAÍ,29,0.552,0.382,0.559,0.786,258.8,0.55,43.17,57.89,30.23,6.78,94.05,5.95,66.98,80.9,88.34,95.45,36.22,25705,14580,472,2405
291360,ILHÉUS,29,0.69,0.59,0.688,0.808,579.46,0.58,19.66,31.67,12.48,8.61,96.72,3.28,33.64,90.86,97.26,92.53,56.02,184236,155281,2991,15882
291370,INHAMBUPE,29,0.565,0.429,0.556,0.757,254.99,0.53,44.31,61.83,25.56,8.01,97.18,2.82,55.32,78.4,97.22,88.31,44.0,36306,15635,685,3672
291380,IPECAETÁ,29,0.55,0.424,0.506,0.776,186.54,0.53,52.76,69.52,26.23,8.53,96.14,3.86,53.7,61.55,95.12,77.26,49.99,15331,2637,244,1454
291390,IPIAÚ,29,0.67,0.551,0.687,0.796,573.36,0.69,29.68,44.97,19.91,8.64,97.38,2.62,36.18,93.49,99.05,97.28,53.51,44390,40384,745,3809
291400,IPIRÁ,29,0.549,0.39,0.568,0.748,274.88,0.52,38.41,56.59,27.48,7.65,95.92,4.08,59.65,62.02,92.19,98.83,43.88,59343,29009,1035,5721
291410,IPUPIARA,29,0.59,0.499,0.558,0.736,258.3,0.5,40.28,56.63,15.88,9.65,98.79,1.21,44.48,79.23,97.57,99.79,62.02,9285,5979,158,778
291420,IRAJUBA,29,0.576,0.453,0.544,0.776,236.16,0.52,44.78,63.27,27.82,9.26,98.25,1.75,53.5,63.61,97.83,95.79,59.6,7002,3273,133,681
291430,IRAMAIA,29,0.571,0.463,0.543,0.74,234.91,0.5,44.26,58.68,24.32,8.69,97.28,2.72,48.08,58.72,87.84,90.74,53.81,11990,5404,241,1177
291440,IRAQUARA,29,0.599,0.523,0.548,0.749,242.58,0.61,53.66,69.3,17.72,8.68,99.05,0.95,44.31,76.99,97.63,89.42,58.55,22601,6757,462,2400
291450,IRARÁ,29,0.62,0.501,0.587,0.809,308.34,0.5,33.95,49.71,23.27,8.23,98.7,1.3,46.3,58.36,98.89,93.29,47.75,27466,11246,496,2433
291460,IRECÊ,29,0.691,0.643,0.661,0.776,488.15,0.59,25.5,38.85,13.4,9.33,96.39,3.61,32.58,98.98,99.02,96.72,71.4,66181,61019,1180,5982
291465,ITABELA,29,0.599,0.465,0.614,0.751,365.39,0.55,31.39,46.17,25.74,7.97,95.81,4.19,47.61,95.16,96.94,98.53,51.73,28390,21384,547,3065
291470,ITABERABA,29,0.62,0.485,0.638,0.769,422.79,0.58,29.19,45.88,17.96,8.11,96.23,3.77,47.36,86.84,92.91,95.95,49.09,61631,48485,1052,5835
291480,ITABUNA,29,0.712,0.643,0.695,0.807,605.12,0.56,17.09,29.99,10.38,9.36,96.57,3.43,27.73,95.36,99.37,94.17,66.9,204667,199643,3101,15964
291490,ITACARÉ,29,0.583,0.413,0.594,0.807,323.3,0.55,36.47,51.99,23.0,6.95,94.71,5.29,60.55,79.17,81.97,93.81,42.55,24318,13642,525,2602
291500,ITAETÉ,29,0.572,0.485,0.536,0.719,224.79,0.54,50.94,66.05,26.32,9.0,98.09,1.91,50.43,77.57,93.54,86.36,59.86,14924,6209,284,1556
291510,ITAGI,29,0.543,0.426,0.543,0.694,234.8,0.46,43.38,61.28,30.77,9.35,95.65,4.35,55.38,86.32,93.64,97.47,58.58,13051,10210,250,1249
291520,ITAGIBÁ,29,0.589,0.469,0.566,0.77,270.27,0.47,35.8,49.19,26.51,8.03,95.38,4.62,45.95,86.23,96.93,98.64,50.27,15193,9572,242,1329
291530,ITAGIMIRIM,29,0.634,0.516,0.602,0.821,339.65,0.52,30.72,46.4,27.89,8.73,96.18,3.82,40.4,92.98,94.98,98.12,53.15,7110,5649,130,710
291535,ITAGUAÇU DA BAHIA,29,0.562,0.435,0.55,0.74,245.68,0.54,44.7,60.92,28.72,8.54,96.89,3.11,53.49,85.09,86.95,96.53,49.74,13209,2598,267,1414
291540,ITAJU DO COLÔNIA,29,0.592,0.502,0.57,0.724,276.93,0.48,37.65,55.8,25.65,8.47,98.39,1.61,50.2,77.98,95.79,96.69,53.15,7309,5860,159,789
291550,ITAJUÍPE,29,0.599,0.466,0.609,0.759,354.2,0.49,28.49,44.09,21.8,8.15,96.36,3.64,50.85,91.0,98.02,96.65,52.83,21081,16839,356,1866
291560,ITAMARAJU,29,0.627,0.502,0.641,0.767,432.95,0.55,25.14,38.1,22.11,8.34,95.67,4.33,45.16,92.76,95.43,92.65,57.2,63069,49785,1163,6145
291570,ITAMARI,29,0.578,0.454,0.595,0.713,325.0,0.51,32.85,49.48,28.21,7.79,95.91,4.09,45.82,83.37,95.61,89.8,48.67,7903,5839,160,757
291580,ITAMBÉ,29,0.578,0.436,0.589,0.75,312.32,0.4,23.04,36.77,24.74,8.16,95.99,4.01,52.17,85.21,96.24,98.43,48.11,23089,19698,421,2317
291590,ITANAGRA,29,0.584,0.433,0.577,0.796,289.16,0.63,48.74,64.22,24.56,7.52,98.1,1.9,57.65,79.73,94.67,91.28,44.01,7598,2327,165,897
291600,ITANHÉM,29,0.637,0.525,0.624,0.79,388.04,0.54,27.57,46.08,24.82,9.09,97.7,2.3,44.41,89.63,95.24,96.81,61.23,20216,14206,302,1697
291610,ITAPARICA,29,0.67,0.553,0.657,0.826,476.99,0.63,28.32,40.19,7.58,8.21,98.29,1.71,30.6,91.59,97.99,77.25,48.6,20725,20725,325,1888
291620,ITAPÉ,29,0.599,0.491,0.574,0.761,285.13,0.47,34.17,51.79,23.21,8.26,96.06,3.94,46.45,77.37,95.01,98.23,54.04,10995,7180,193,960
291630,ITAPEBI,29,0.572,0.458,0.568,0.718,273.69,0.48,36.38,50.26,29.64,8.28,97.41,2.59,52.91,88.15,92.1,93.8,48.67,10495,8268,237,1170
291640,ITAPETINGA,29,0.667,0.562,0.667,0.79,506.76,0.48,12.26,19.99,14.89,7.66,96.82,3.18,36.72,95.94,99.17,98.63,46.16,68273,66276,1165,5885
291650,ITAPICURU,29,0.486,0.319,0.505,0.711,185.7,0.54,57.29,76.46,38.52,7.02,95.58,4.42,74.65,78.66,92.77,87.16,35.66,32261,6675,622,3407
291660,ITAPITANGA,29,0.571,0.454,0.536,0.764,225.1,0.43,36.57,52.72,25.68,8.41,96.97,3.03,57.87,84.01,96.92,100.0,48.87,10207,7591,196,961
291670,ITAQUARA,29,0.553,0.411,0.539,0.763,229.04,0.55,51.57,69.35,33.8,7.93,94.45,5.55,64.61,85.07,94.31,98.75,45.53,7678,4608,116,646
291680,ITARANTIM,29,0.61,0.487,0.608,0.766,352.74,0.5,27.65,44.22,23.03,8.07,96.59,3.41,49.9,88.31,96.45,98.51,47.48,18539,15302,297,1655
291685,ITATIM,29,0.582,0.459,0.55,0.782,245.37,0.46,40.67,53.72,23.32,8.12,97.89,2.11,50.99,86.34,95.22,93.05,48.8,14522,10112,273,1385
291690,ITIRUÇU,29,0.6,0.482,0.588,0.762,309.83,0.5,33.21,48.84,24.52,8.71,96.71,3.29,50.58,86.44,98.52,98.53,52.76,12693,9526,216,1119
291700,ITIÚBA,29,0.544,0.398,0.521,0.775,205.18,0.56,54.5,71.09,26.55,7.56,95.54,4.46,62.8,53.34,90.01,86.03,43.87,36113,9699,742,3744
291710,ITORORÓ,29,0.594,0.474,0.598,0.739,330.0,0.44,22.06,32.23,24.37,7.96,98.64,1.36,50.79,90.3,96.03,90.38,47.13,19914,18100,338,1784
291720,ITUAÇU,29,0.57,0.425,0.565,0.77,269.3,0.52,42.66,60.18,25.8,8.27,98.17,1.83,59.11,54.7,95.45,95.09,47.17,18127,6569,311,1609
291730,ITUBERÁ,29,0.606,0.482,0.601,0.769,337.03,0.51,32.72,49.45,20.38,7.95,97.83,2.17,50.38,69.79,93.94,95.42,46.81,26591,19252,504,2619
291733,IUIÚ,29,0.591,0.504,0.553,0.74,249.32,0.47,39.17,54.51,25.99,8.17,98.3,1.7,47.26,57.75,90.98,92.44,53.96,10900,5284,210,1086
291735,JABORANDI,29,0.613,0.508,0.572,0.791,281.14,0.62,48.92,62.44,25.57,8.73,96.14,3.86,45.79,76.28,92.55,93.8,63.55,8973,3040,110,705
291740,JACARACI,29,0.593,0.49,0.573,0.741,283.51,0.47,35.25,54.87,25.82,8.84,98.29,1.71,49.21,88.43,96.41,98.21,57.22,13651,4923,194,1024
291750,JACOBINA,29,0.649,0.558,0.636,0.772,417.88,0.55,28.66,44.69,17.56,9.44,97.35,2.65,42.27,85.23,97.43,97.0,59.91,79247,55868,1334,6862
291760,JAGUAQUARA,29,0.58,0.446,0.586,0.747,307.08,0.5,32.3,45.12,26.78,7.73,94.67,5.33,49.53,87.3,97.34,97.54,47.0,51011,38850,913,5094
291770,JAGUARARI,29,0.659,0.551,0.644,0.806,439.23,0.66,36.44,48.89,18.1,9.41,98.27,1.73,36.25,80.27,97.61,96.04,61.29,30343,16612,506,2728
291780,JAGUARIPE,29,0.556,0.407,0.552,0.763,247.75,0.55,47.49,63.43,28.35,7.86,97.58,2.42,62.37,80.39,91.53,74.55,39.85,16467,5298,284,1650
291790,JANDAÍRA,29,0.55,0.435,0.511,0.749,192.11,0.54,54.92,68.36,27.29,8.03,99.0,1.0,54.46,77.01,95.74,79.29,39.25,10331,6147,213,1174
291800,JEQUIÉ,29,0.665,0.568,0.656,0.79,473.92,0.55,22.48,36.23,15.88,8.91,97.36,2.64,35.34,92.66,98.44,97.85,58.96,151895,139426,2409,12463
291810,JEREMOABO,29,0.547,0.424,0.561,0.689,262.76,0.53,43.67,59.12,32.0,8.58,97.2,2.8,57.2,65.38,91.23,95.97,51.09,37680,17437,763,3816
291820,JIQUIRIÇÁ,29,0.553,0.397,0.558,0.763,257.95,0.5,42.59,59.27,22.6,7.78,97.81,2.19,61.34,58.24,96.78,97.57,43.26,14118,5581,221,1277
291830,JITAÚNA,29,0.575,0.479,0.563,0.704,266.56,0.51,42.15,59.01,29.72,8.74,96.72,3.28,49.39,74.03,94.14,94.46,57.14,14115,9260,265,1343
291835,JOÃO DOURADO,29,0.593,0.513,0.573,0.709,283.12,0.52,40.96,53.3,20.67,9.39,96.45,3.55,43.63,93.07,96.85,98.53,66.82,22549,13569,472,2298
291840,JUAZEIRO,29,0.677,0.594,0.657,0.796,476.58,0.56,21.56,32.42,13.35,9.03,96.75,3.25,33.38,91.05,99.48,92.96,60.58,197965,160775,3590,18873
291845,JUCURUÇU,29,0.541,0.415,0.508,0.751,188.8,0.54,53.18,64.94,32.04,8.52,91.5,8.5,55.67,72.64,67.02,95.84,55.06,10290,2292,185,998
291850,JUSSARA,29,0.571,0.476,0.544,0.72,236.05,0.52,45.97,62.84,25.77,8.93,97.21,2.79,49.09,92.52,96.44,79.41,55.57,15052,10052,261,1476
291855,JUSSARI,29,0.567,0.451,0.577,0.699,290.22,0.51,37.14,51.79,29.42,7.43,94.55,5.45,52.84,88.41,97.11,98.41,46.16,6474,4876,133,661
291860,JUSSIAPE,29,0.602,0.493,0.6,0.736,334.07,0.46,24.82,44.3,25.07,8.31,98.39,1.61,49.59,86.57,99.4,94.92,47.49,8031,3068,105,522
291870,LAFAIETE COUTINHO,29,0.599,0.483,0.576,0.771,288.05,0.51,38.48,55.79,26.98,9.02,99.03,0.97,48.71,72.89,95.22,98.27,49.57,3901,2104,51,288
291875,LAGOA REAL,29,0.545,0.395,0.535,0.764,223.11,0.48,43.89,58.69,23.83,8.46,97.48,2.52,56.26,46.3,96.02,91.65,52.58,13934,2808,216,1304
291880,LAJE,29,0.586,0.48,0.548,0.764,241.63,0.51,43.59,59.63,27.44,8.31,96.88,3.12,47.78,77.28,97.64,92.67,54.86,22201,6080,388,2058
291890,LAJEDÃO,29,0.632,0.497,0.652,0.778,463.94,0.58,21.7,32.91,24.18,8.87,98.74,1.26,50.9,92.18,97.5,97.99,53.56,3733,2076,53,308
291900,LAJEDINHO,29,0.546,0.413,0.522,0.753,205.65,0.56,56.72,73.73,27.58,7.13,97.53,2.47,61.46,61.22,70.27,100.0,44.25,3936,1245,82,377
291905,LAJEDO DO TABOCAL,29,0.584,0.479,0.545,0.764,237.39,0.46,45.4,62.7,29.36,9.69,97.87,2.13,50.96,83.46,97.25,98.0,58.83,8305,5149,148,798
291910,LAMARÃO,29,0.518,0.372,0.501,0.747,180.82,0.5,53.56,68.07,32.78,7.81,95.17,4.83,59.36,42.7,95.0,70.25,36.22,9560,2085,178,926
291915,LAPÃO,29,0.596,0.51,0.55,0.755,244.43,0.52,47.08,62.52,20.99,8.8,97.01,2.99,46.17,93.12,99.3,97.33,59.82,25646,10050,508,2519
291920,LAURO DE FREITAS,29,0.754,0.663,0.781,0.827,1031.78,0.63,11.45,20.05,4.93,8.86,97.21,2.79,22.57,98.96,99.75,99.02,59.48,163449,163449,2459,13337
291930,LENÇÓIS,29,0.623,0.51,0.613,0.775,362.74,0.61,39.34,53.36,18.65,8.31,97.24,2.76,44.62,82.47,92.34,91.48,50.4,10368,8037,208,1045
291940,LICÍNIO DE ALMEIDA,29,0.621,0.531,0.582,0.775,299.47,0.45,29.59,47.23,22.9,9.54,98.36,1.64,39.29,71.43,96.57,95.33,63.43,12311,6253,177,982
291950,LIVRAMENTO DE NOSSA SENHORA,29,0.611,0.491,0.587,0.793,309.16,0.52,35.73,50.93,21.15,8.97,98.11,1.89,46.9,72.62,96.29,87.37,55.94,42693,20530,636,3591
291955,LUÍS EDUARDO MAGALHÃES,29,0.716,0.59,0.754,0.826,871.12,0.62,10.52,16.0,7.27,8.76,96.42,3.58,38.3,93.82,99.41,100.0,60.4,60105,54881,1208,5903
291960,MACAJUBA,29,0.524,0.358,0.515,0.78,197.25,0.55,54.31,74.04,27.76,7.25,97.59,2.41,72.25,63.93,85.33,99.53,35.44,11229,6871,260,1247
291970,MACARANI,29,0.605,0.466,0.607,0.782,350.25,0.46,23.98,38.02,27.5,7.56,96.67,3.33,52.1,88.93,95.04,98.79,42.7,17093,13639,305,1477
291980,MACAÚBAS,29,0.609,0.513,0.557,0.791,255.36,0.55,44.17,61.02,26.44,8.62,97.91,2.09,48.89,89.62,90.88,97.35,51.71,47051,15411,781,4379
291990,MACURURÉ,29,0.604,0.539,0.547,0.748,240.32,0.55,47.59,65.06,25.77,9.61,97.1,2.9,40.82,54.05,86.12,36.13,57.55,8073,2860,161,790
291992,MADRE DE DEUS,29,0.708,0.667,0.67,0.794,517.74,0.54,22.34,30.68,5.26,9.52,98.55,1.45,15.23,99.71,99.76,99.41,63.59,17376,16854,254,1388
291995,MAETINGA,29,0.538,0.368,0.565,0.751,268.47,0.46,33.28,56.56,32.92,8.53,96.76,3.24,71.36,56.61,88.02,96.34,44.05,7038,2817,122,630
292000,MAIQUINIQUE,29,0.576,0.472,0.586,0.69,306.24,0.46,27.36,45.0,26.79,8.36,98.04,1.96,50.89,83.26,93.76,99.09,54.8,8782,6916,141,796
292010,MAIRI,29,0.572,0.438,0.575,0.744,286.58,0.5,39.5,57.83,24.09,8.06,97.98,2.02,57.06,65.28,92.24,98.1,48.16,19326,11115,320,1819
292020,MALHADA,29,0.562,0.454,0.532,0.734,218.66,0.49,44.63,56.73,24.31,8.02,97.39,2.61,52.04,68.75,92.03,95.15,47.9,16014,6559,361,1757
292030,MALHADA DE PEDRAS,29,0.578,0.471,0.549,0.747,244.02,0.48,39.63,56.41,26.09,9.12,97.38,2.62,52.78,47.89,96.13,95.83,55.4,8468,3234,110,669
292040,MANOEL VITORINO,29,0.566,0.456,0.538,0.741,226.95,0.51,46.92,63.27,27.81,9.58,98.21,1.79,47.43,57.3,80.33,96.8,57.51,14387,7359,259,1412
292045,MANSIDÃO,29,0.599,0.568,0.503,0.752,182.65,0.55,55.1,66.7,17.54,8.55,99.26,0.74,31.68,55.57,86.66,77.46,46.69,12592,4782,260,1366
292050,MARACÁS,29,0.607,0.519,0.577,0.747,290.11,0.51,39.19,59.07,24.62,9.06,97.16,2.84,47.81,78.25,94.21,99.3,62.86,24613,17707,426,2226
292060,MARAGOGIPE,29,0.621,0.518,0.582,0.793,300.1,0.57,42.63,58.84,22.75,8.73,96.84,3.16,44.49,82.72,97.89,96.16,53.52,42815,25093,697,3738
292070,MARAÚ,29,0.593,0.404,0.643,0.801,437.51,0.71,44.19,60.57,25.44,6.84,95.01,4.99,63.58,70.81,78.82,90.5,37.51,19101,3561,400,2109
292080,MARCIONÍLIO SOUZA,29,0.561,0.463,0.518,0.737,201.52,0.49,48.41,65.77,30.6,8.39,96.09,3.91,52.95,70.54,86.73,94.53,49.89,10500,5312,208,1044
292090,MASCOTE,29,0.581,0.464,0.567,0.744,272.97,0.58,46.08,60.11,30.47,8.53,94.98,5.02,50.97,83.84,92.57,92.91,52.68,14640,11679,262,1538
292100,MATA DE SÃO JOÃO,29,0.668,0.562,0.648,0.818,451.9,0.56,23.45,35.3,11.56,8.65,98.06,1.94,34.9,88.39,98.75,92.11,56.05,40183,29825,663,3623
292105,MATINA,29,0.572,0.469,0.538,0.74,227.07,0.46,39.62,55.5,31.97,8.76,97.48,2.52,51.38,65.5,90.53,99.4,55.86,11145,3473,213,1070
292110,MEDEIROS NETO,29,0.625,0.501,0.626,0.777,392.49,0.53,27.86,47.28,24.08,7.89,96.75,3.25,52.7,88.76,96.83,93.02,45.82,21560,17064,340,1875
292120,MIGUEL CALMON,29,0.586,0.472,0.571,0.745,279.05,0.54,43.1,62.48,20.42,8.2,97.54,2.46,60.21,83.77,95.98,98.68,50.48,26475,16066,441,2342
292130,MILAGRES,29,0.622,0.518,0.59,0.789,313.88,0.51,33.35,50.31,22.25,8.5,98.92,1.08,48.03,85.44,96.42,91.8,52.63,10306,7789,169,967
292140,MIRANGABA,29,0.542,0.454,0.512,0.685,193.47,0.51,50.34,64.72,25.45,8.63,98.42,1.58,55.28,65.54,97.09,83.88,47.23,16279,7879,302,1586
292145,MIRANTE,29,0.527,0.386,0.524,0.722,208.18,0.52,49.79,66.34,30.18,8.89,97.32,2.68,62.41,25.7,96.62,95.23,53.88,10507,1809,171,1013
292150,MONTE SANTO,29,0.506,0.359,0.515,0.699,197.43,0.55,55.01,71.32,35.57,7.91,98.09,1.91,67.77,28.18,91.18,95.85,40.46,52338,8845,967,5263
292160,MORPARÁ,29,0.558,0.444,0.536,0.732,224.53,0.55,50.91,67.47,27.64,9.03,97.86,2.14,50.55,69.95,97.81,94.85,51.04,8280,5538,175,803
292170,MORRO DO CHAPÉU,29,0.588,0.478,0.554,0.766,250.88,0.51,43.04,59.05,22.0,9.38,96.51,3.49,57.53,74.88,94.09,87.42,56.55,35164,20267,656,3519
292180,MORTUGABA,29,0.618,0.513,0.598,0.771,330.3,0.48,26.65,42.09,26.49,9.02,99.7,0.3,37.86,83.2,96.34,97.0,52.95,12477,5887,159,906
292190,MUCUGÊ,29,0.606,0.48,0.589,0.787,312.35,0.53,35.14,49.75,19.83,8.32,97.47,2.53,51.07,78.4,92.42,96.8,48.17,10545,4180,175,1035
292200,MUCURI,29,0.665,0.541,0.679,0.801,546.41,0.57,22.95,32.3,18.26,7.97,94.13,5.87,33.76,89.26,96.3,98.45,52.84,36026,27492,718,3595
292205,MULUNGU DO MORRO,29,0.566,0.466,0.517,0.753,199.94,0.49,49.91,64.54,20.41,8.22,98.37,1.63,54.32,23.44,97.44,93.35,48.7,12249,5919,236,1393
292210,MUNDO NOVO,29,0.59,0.429,0.606,0.791,346.89,0.65,41.77,60.54,22.88,8.15,96.47,3.53,57.55,74.3,90.44,93.88,51.45,24395,13564,460,2380
292220,MUNIZ FERREIRA,29,0.617,0.531,0.581,0.761,297.78,0.51,33.95,49.34,22.54,9.61,98.21,1.79,41.2,76.97,97.94,98.36,60.75,7317,3394,99,503
292225,MUQUÉM DE SÃO FRANCISCO,29,0.549,0.445,0.488,0.761,166.67,0.55,59.01,72.74,25.28,8.57,97.12,2.88,58.63,78.41,92.36,97.48,55.65,10272,1283,201,1164
292230,MURITIBA,29,0.66,0.573,0.629,0.796,401.14,0.55,26.53,40.59,16.84,8.41,96.69,3.31,34.78,91.74,99.87,98.09,50.39,28899,18040,437,2472
292240,MUTUÍPE,29,0.601,0.467,0.618,0.751,374.8,0.63,40.5,54.65,23.48,8.31,98.67,1.33,47.9,70.3,97.43,100.0,49.46,21449,9659,357,1882
292250,NAZARÉ,29,0.641,0.532,0.637,0.777,421.82,0.61,34.19,48.65,18.43,8.95,96.87,3.13,34.33,85.53,99.02,95.9,50.23,27274,22864,354,2196
292260,NILO PEÇANHA,29,0.547,0.404,0.531,0.762,218.32,0.52,48.88,64.36,26.29,6.83,94.95,5.05,59.26,68.17,85.58,92.74,36.03,12530,3105,224,1240
292265,NORDESTINA,29,0.56,0.467,0.507,0.743,187.22,0.54,54.61,73.14,29.46,9.64,98.73,1.27,54.2,48.19,88.76,87.12,55.46,12371,3921,243,1252
292270,NOVA CANAÃ,29,0.545,0.37,0.554,0.789,251.9,0.46,36.62,55.61,31.43,7.12,96.91,3.09,71.15,65.8,89.51,99.57,42.53,16713,6852,324,1568
292273,NOVA FÁTIMA,29,0.597,0.501,0.575,0.738,287.32,0.43,28.65,42.5,23.62,9.14,98.5,1.5,50.55,86.13,96.58,98.41,50.83,7602,5074,112,640
292275,NOVA IBIÁ,29,0.57,0.419,0.62,0.714,378.1,0.56,31.18,49.66,29.01,8.12,97.01,2.99,62.41,76.51,95.55,92.15,52.2,6648,2807,99,622
292280,NOVA ITARANA,29,0.524,0.389,0.508,0.729,188.86,0.55,55.04,72.02,30.56,6.98,97.39,2.61,65.62,77.05,95.14,90.93,38.21,7435,2715,141,744
292285,NOVA REDENÇÃO,29,0.567,0.471,0.534,0.723,222.33,0.5,46.88,66.14,27.15,7.51,95.05,4.95,48.56,77.55,90.93,98.19,47.16,8034,5237,147,759
292290,NOVA SOURE,29,0.555,0.439,0.548,0.712,241.71,0.57,50.39,69.13,31.39,8.52,97.65,2.35,60.95,84.57,93.69,98.68,50.01,24136,11730,443,2535
292300,NOVA VIÇOSA,29,0.654,0.546,0.657,0.78,476.79,0.61,26.17,39.54,19.02,9.38,96.96,3.04,41.18,93.68,96.86,87.99,63.71,38556,33526,780,3932
292303,NOVO HORIZONTE,29,0.597,0.503,0.558,0.757,257.12,0.56,46.08,61.43,21.94,8.66,97.38,2.62,46.43,78.83,97.85,93.94,57.97,10673,3505,165,848
292305,NOVO TRIUNFO,29,0.554,0.43,0.513,0.769,194.56,0.51,51.25,64.39,23.28,7.26,94.58,5.42,50.27,71.38,89.53,86.94,47.17,15051,7503,269,1610
292310,OLINDINA,29,0.559,0.403,0.534,0.81,222.62,0.58,52.64,71.06,29.11,7.11,91.38,8.62,59.86,86.82,97.39,98.63,45.1,24943,12773,505,2555
292320,OLIVEIRA DOS BREJINHOS,29,0.554,0.427,0.533,0.747,220.72,0.56,47.07,62.06,22.08,8.7,97.78,2.22,58.11,86.26,85.52,98.56,50.47,21831,6584,353,2131
292330,OURIÇANGAS,29,0.607,0.503,0.572,0.779,281.59,0.45,32.58,47.55,26.9,8.54,98.7,1.3,52.71,92.18,97.17,93.88,48.46,8298,2762,99,664
292335,OUROLÂNDIA,29,0.56,0.459,0.547,0.701,239.93,0.52,44.6,58.54,27.85,7.87,97.7,2.3,56.83,68.87,97.46,90.3,46.64,16425,6341,357,1747
292340,PALMAS DE MONTE ALTO,29,0.586,0.462,0.561,0.777,262.69,0.48,41.14,59.5,28.42,8.7,98.96,1.04,55.86,63.35,85.23,91.99,45.56,20775,9832,312,1791
292350,PALMEIRAS,29,0.643,0.56,0.608,0.782,350.79,0.58,38.11,57.0,17.81,9.12,96.17,3.83,39.44,87.79,90.89,96.02,56.59,8410,5239,169,842
292360,PARAMIRIM,29,0.615,0.496,0.604,0.776,343.78,0.51,30.95,47.34,20.02,8.24,96.7,3.3,41.66,80.52,93.42,95.5,57.66,21001,10029,293,1547
292370,PARATINGA,29,0.59,0.51,0.519,0.774,201.79,0.55,51.6,64.76,24.28,8.87,98.86,1.14,42.81,66.04,94.09,83.8,48.88,29504,10905,511,2930
292380,PARIPIRANGA,29,0.577,0.472,0.567,0.717,273.23,0.59,46.78,66.44,28.07,8.93,97.42,2.58,56.89,32.99,97.03,92.99,54.88,27778,9533,431,2465
292390,PAU BRASIL,29,0.583,0.47,0.58,0.727,296.08,0.56,41.5,58.75,28.19,7.73,96.88,3.12,49.67,75.06,95.06,99.48,49.56,10852,7382,284,1252
292400,PAULO AFONSO,29,0.674,0.572,0.678,0.789,544.73,0.58,22.69,35.42,16.69,8.9,96.4,3.6,35.76,89.08,99.13,97.9,60.63,108396,93404,1695,9458
292405,PÉ DE SERRA,29,0.587,0.465,0.558,0.779,257.45,0.46,35.54,51.93,24.36,8.92,97.98,2.02,51.29,58.09,92.52,99.24,51.82,13752,5174,223,1233
292410,PEDRÃO,29,0.588,0.49,0.534,0.775,221.53,0.47,44.72,63.02,21.88,8.95,98.35,1.65,45.52,54.98,97.74,93.8,49.14,6876,1716,136,652
292420,PEDRO ALEXANDRE,29,0.513,0.354,0.489,0.778,167.65,0.51,56.17,72.21,40.96,7.11,94.41,5.59,64.66,32.19,69.65,81.03,35.85,16995,2786,368,1994
292430,PIATÃ,29,0.571,0.447,0.543,0.769,234.44,0.54,46.46,63.62,23.74,9.12,98.64,1.36,59.43,67.41,86.41,95.36,58.55,17982,7612,297,1707
292440,PILÃO ARCADO,29,0.506,0.343,0.514,0.737,195.98,0.6,55.56,66.64,30.09,6.34,95.82,4.18,69.44,44.41,69.15,86.98,30.71,32860,11027,716,3692
292450,PINDAÍ,29,0.603,0.498,0.566,0.777,270.15,0.45,31.53,47.4,23.8,9.3,98.44,1.56,46.9,59.63,90.11,87.54,58.29,15628,4319,217,1300
292460,PINDOBAÇU,29,0.577,0.482,0.527,0.757,212.52,0.5,46.36,61.79,24.68,8.32,98.62,1.38,42.71,73.51,97.1,94.4,47.99,20121,11237,408,1956
292465,PINTADAS,29,0.612,0.525,0.572,0.765,281.74,0.46,34.7,49.34,24.03,10.34,96.74,3.26,43.37,61.06,85.38,99.56,71.93,10342,5840,139,908
292467,PIRAÍ DO NORTE,29,0.533,0.363,0.546,0.762,238.62,0.49,42.52,63.99,26.18,6.08,95.41,4.59,70.02,75.92,85.06,97.11,28.66,9799,3689,153,968
292470,PIRIPÁ,29,0.575,0.453,0.547,0.768,241.1,0.49,41.13,59.06,25.41,7.3,97.29,2.71,51.55,66.44,92.17,100.0,45.33,12783,6195,156,908
292480,PIRITIBA,29,0.578,0.449,0.566,0.76,271.4,0.52,42.43,54.62,21.63,8.36,97.89,2.11,60.67,83.53,94.62,96.77,49.24,22399,15162,407,2169
292490,PLANALTINO,29,0.572,0.462,0.573,0.708,282.33,0.56,42.02,58.94,32.24,9.06,96.57,3.43,49.68,36.97,92.96,87.5,53.16,8822,3640,129,675
292500,PLANALTO,29,0.56,0.428,0.557,0.738,256.26,0.45,37.1,54.62,29.46,8.01,97.09,2.91,55.52,73.27,94.34,96.05,47.71,24481,14869,463,2400
292510,POÇÕES,29,0.604,0.474,0.583,0.798,300.74,0.54,38.45,54.91,26.93,8.81,96.5,3.5,53.97,83.7,97.19,99.06,53.73,44701,34659,793,4439
292520,POJUCA,29,0.666,0.559,0.645,0.819,443.8,0.5,21.62,32.46,9.32,8.64,96.7,3.3,32.74,91.49,98.99,99.37,52.31,33066,28378,521,2814
292525,PONTO NOVO,29,0.58,0.475,0.539,0.762,229.61,0.49,42.69,60.32,25.44,9.33,98.07,1.93,52.71,81.36,96.99,98.71,55.91,15742,8405,311,1660
292530,PORTO SEGURO,29,0.676,0.572,0.673,0.801,527.04,0.56,19.78,31.42,11.98,8.75,96.94,3.06,37.98,87.28,98.21,97.3,55.15,126929,104078,2507,13580
292540,POTIRAGUÁ,29,0.625,0.545,0.595,0.754,323.92,0.49,27.83,41.78,22.35,9.78,97.65,2.35,38.12,89.53,98.17,98.77,58.84,9810,6604,174,930
292550,PRADO,29,0.621,0.497,0.616,0.784,369.96,0.55,29.81,42.23,19.9,8.53,96.5,3.5,49.71,84.71,92.25,97.95,54.11,27627,15474,553,2983
292560,PRESIDENTE DUTRA,29,0.614,0.553,0.572,0.73,280.86,0.53,41.11,56.71,15.42,9.1,96.05,3.95,38.93,96.07,98.94,99.33,59.98,13750,9056,233,1188
292570,PRESIDENTE JÂNIO QUADROS,29,0.542,0.386,0.533,0.772,220.1,0.53,49.92,67.91,34.02,7.16,97.01,2.99,64.94,42.04,78.35,97.06,40.98,13652,4198,245,1213
292575,PRESIDENTE TANCREDO NEVES,29,0.559,0.424,0.566,0.727,270.35,0.55,42.47,57.61,29.15,7.67,97.55,2.45,58.26,80.27,93.03,86.86,42.57,23846,9569,481,2491
292580,QUEIMADAS,29,0.592,0.493,0.55,0.764,245.7,0.51,43.24,64.09,23.61,9.23,98.03,1.97,45.48,63.13,88.75,93.25,55.88,24602,12492,418,2417
292590,QUIJINGUE,29,0.544,0.434,0.539,0.689,228.71,0.58,50.84,67.06,34.47,8.8,98.38,1.62,58.44,58.12,84.33,97.36,51.06,27228,6377,512,2710
292593,QUIXABEIRA,29,0.578,0.469,0.547,0.753,241.1,0.49,44.39,65.35,30.83,8.9,98.64,1.36,55.79,74.11,93.6,99.01,55.71,9554,3663,195,907
292595,RAFAEL JAMBEIRO,29,0.564,0.435,0.538,0.768,226.94,0.5,45.52,62.85,29.78,7.71,96.26,3.74,56.29,58.66,93.96,95.35,47.1,22874,6850,450,2395
292600,REMANSO,29,0.579,0.451,0.569,0.757,275.22,0.54,42.6,56.46,27.45,7.4,96.27,3.73,55.33,65.62,85.09,94.22,46.33,38957,23470,732,3741
292610,RETIROLÂNDIA,29,0.636,0.574,0.579,0.773,293.01,0.46,31.79,49.47,19.21,10.23,98.47,1.53,39.15,68.95,99.17,96.78,66.46,12055,6722,192,1036
292620,RIACHÃO DAS NEVES,29,0.578,0.471,0.527,0.779,212.09,0.53,47.3,58.13,30.16,7.74,94.96,5.04,49.98,65.69,88.75,91.78,48.22,21937,10744,399,2035
292630,RIACHÃO DO JACUÍPE,29,0.628,0.559,0.588,0.755,311.47,0.47,28.11,41.54,17.98,9.04,98.25,1.75,31.17,79.94,94.68,97.66,61.33,33172,19860,525,2804
292640,RIACHO DE SANTANA,29,0.615,0.532,0.572,0.764,281.05,0.56,43.0,60.99,27.54,9.2,96.83,3.17,44.0,69.93,91.75,98.33,60.16,30646,13091,477,2665
292650,RIBEIRA DO AMPARO,29,0.512,0.384,0.503,0.694,183.12,0.53,55.7,73.33,35.59,8.15,98.83,1.17,63.66,82.33,92.96,95.68,42.03,14276,1921,237,1469
292660,RIBEIRA DO POMBAL,29,0.601,0.515,0.599,0.704,332.86,0.54,34.79,51.95,26.34,8.44,96.57,3.43,50.05,90.88,98.41,94.51,51.1,47518,29756,801,4545
292665,RIBEIRÃO DO LARGO,29,0.54,0.366,0.566,0.759,271.68,0.46,34.6,47.83,30.96,7.36,97.69,2.31,65.17,72.53,86.2,96.6,41.02,8602,4647,183,931
292670,RIO DE CONTAS,29,0.605,0.498,0.58,0.767,294.83,0.48,32.97,48.75,20.04,8.79,97.87,2.13,47.54,74.33,98.39,98.27,53.2,13007,6309,148,858
292680,RIO DO ANTÔNIO,29,0.576,0.465,0.555,0.74,252.98,0.49,39.43,53.62,28.44,8.2,96.48,3.52,52.52,63.56,92.65,91.04,52.75,14815,5993,240,1299
292690,RIO DO PIRES,29,0.594,0.481,0.568,0.767,274.58,0.48,36.17,52.7,27.34,8.08,97.17,2.83,51.42,70.82,90.15,95.87,51.37,11918,5267,159,920
292700,RIO REAL,29,0.572,0.452,0.568,0.729,274.86,0.53,41.6,57.06,24.43,9.17,97.46,2.54,57.56,87.14,99.06,89.15,60.14,37164,23310,718,3769
292710,RODELAS,29,0.632,0.564,0.566,0.79,271.59,0.53,43.13,58.41,22.16,8.61,96.5,3.5,35.88,94.99,98.8,91.6,53.21,7775,6540,175,802
292720,RUY BARBOSA,29,0.61,0.505,0.583,0.77,301.42,0.55,39.83,58.93,22.69,8.52,97.94,2.06,52.94,76.25,92.34,96.76,53.1,29887,22093,570,3148
292730,SALINAS DA MARGARIDA,29,0.617,0.561,0.575,0.729,286.45,0.54,41.93,53.99,12.04,8.79,97.84,2.16,30.25,95.67,99.13,98.05,51.82,13456,5960,246,1262
292740,SALVADOR,29,0.759,0.679,0.772,0.835,973.0,0.63,11.35,20.47,3.97,9.16,95.85,4.15,20.73,99.18,99.85,96.55,60.75,2675656,2674923,34429,188135
292750,SANTA BÁRBARA,29,0.583,0.462,0.554,0.775,251.87,0.52,43.86,59.18,22.23,7.94,99.01,0.99,46.31,69.5,97.53,91.57,45.64,19064,8669,375,1876
292760,SANTA BRÍGIDA,29,0.546,0.431,0.533,0.71,220.77,0.55,51.75,68.06,34.08,8.72,97.19,2.81,57.01,53.14,85.41,98.14,49.94,15060,5611,284,1531
292770,SANTA CRUZ CABRÁLIA,29,0.654,0.571,0.624,0.784,388.28,0.58,35.33,46.99,15.81,9.13,96.37,3.63,41.91,84.56,93.36,93.52,59.37,26264,19002,551,2896
292780,SANTA CRUZ DA VITÓRIA,29,0.61,0.504,0.573,0.786,282.42,0.54,40.13,53.52,24.61,7.39,91.99,8.01,50.01,84.5,97.18,98.54,49.24,6673,5076,117,605
292790,SANTA INÊS,29,0.574,0.47,0.571,0.704,280.25,0.48,36.1,47.6,28.26,9.89,98.29,1.71,47.0,87.04,97.59,96.28,57.75,10363,9514,166,903
292800,SANTALUZ,29,0.598,0.5,0.559,0.764,260.09,0.49,38.74,53.09,23.37,8.84,97.52,2.48,47.63,69.6,96.61,95.36,55.48,33838,20795,604,3239
292805,SANTA LUZIA,29,0.556,0.396,0.564,0.768,267.88,0.46,35.7,50.82,29.89,7.79,92.52,7.48,63.26,80.18,88.25,92.84,49.12,13344,8072,260,1365
292810,SANTA MARIA DA VITÓRIA,29,0.614,0.516,0.592,0.758,318.31,0.54,34.68,50.86,23.97,8.75,98.91,1.09,47.63,81.66,96.02,93.83,53.86,40309,23816,692,3715
292820,SANTANA,29,0.608,0.496,0.585,0.776,304.18,0.54,38.45,59.26,25.72,7.89,99.66,0.34,46.15,94.05,96.74,95.44,46.86,24750,13483,406,2247
292830,SANTANÓPOLIS,29,0.592,0.496,0.561,0.746,263.19,0.52,38.96,56.01,24.27,9.37,98.97,1.03,47.92,54.68,95.68,97.92,56.14,8776,1684,155,850
292840,SANTA RITA DE CÁSSIA,29,0.605,0.513,0.564,0.766,267.32,0.6,46.85,60.35,21.04,8.66,97.69,2.31,41.68,74.49,83.5,97.11,53.71,26250,14907,451,2494
292850,SANTA TERESINHA,29,0.587,0.459,0.549,0.804,243.04,0.53,45.32,60.7,25.36,7.97,97.5,2.5,51.81,68.81,89.28,97.2,47.36,9648,2334,162,886
292860,SANTO AMARO,29,0.646,0.559,0.626,0.772,392.75,0.56,28.8,43.07,12.66,8.5,98.23,1.77,33.28,85.22,98.58,93.72,50.44,57800,44766,784,4640
292870,SANTO ANTÔNIO DE JESUS,29,0.7,0.622,0.677,0.815,540.38,0.54,17.91,29.63,12.35,9.0,97.44,2.56,28.15,91.64,99.41,95.45,61.04,90985,79299,1275,7111
292880,SANTO ESTÊVÃO,29,0.626,0.498,0.611,0.808,358.13,0.56,32.34,46.4,21.48,8.59,97.69,2.31,41.89,89.24,99.35,88.44,51.2,47880,27690,753,4296
292890,SÃO DESIDÉRIO,29,0.579,0.449,0.584,0.742,302.2,0.57,40.12,52.45,25.55,8.23,95.77,4.23,55.68,63.9,91.6,95.14,50.04,27659,8633,533,2805
292895,SÃO DOMINGOS,29,0.64,0.575,0.601,0.757,335.76,0.47,27.18,43.6,22.14,9.22,97.7,2.3,38.46,86.88,95.55,98.84,60.99,9226,5916,143,731
292900,SÃO FÉLIX,29,0.639,0.583,0.582,0.769,299.65,0.48,30.6,41.35,15.01,9.49,97.47,2.53,29.32,83.71,98.56,99.35,60.88,14098,9265,195,1055
292905,SÃO FÉLIX DO CORIBE,29,0.639,0.555,0.601,0.784,335.9,0.5,28.94,38.89,16.83,9.53,97.63,2.37,39.34,94.98,95.49,92.23,65.06,13048,10587,246,1338
292910,SÃO FELIPE,29,0.616,0.525,0.565,0.787,268.96,0.5,38.65,53.26,22.64,8.71,99.67,0.33,42.44,85.87,98.6,93.95,54.39,20305,9820,287,1556
292920,SÃO FRANCISCO DO CONDE,29,0.674,0.587,0.641,0.812,433.23,0.5,18.84,24.41,10.1,7.91,97.86,2.14,28.81,93.56,98.98,97.03,45.64,33183,27391,582,3002
292925,SÃO GABRIEL,29,0.592,0.537,0.55,0.704,245.38,0.51,44.5,58.09,19.56,9.23,97.14,2.86,44.04,84.05,97.42,98.91,62.04,18427,10494,332,1836
292930,SÃO GONÇALO DOS CAMPOS,29,0.627,0.516,0.636,0.752,419.27,0.55,23.86,37.81,15.03,8.78,97.77,2.23,38.37,86.94,99.06,93.3,51.06,33283,16505,548,2929
292935,SÃO JOSÉ DA VITÓRIA,29,0.546,0.429,0.553,0.686,250.42,0.45,38.68,56.58,28.1,8.57,97.33,2.67,53.16,91.29,95.31,93.06,51.93,5715,5162,133,595
292937,SÃO JOSÉ DO JACUÍPE,29,0.552,0.417,0.555,0.726,253.57,0.46,39.89,57.7,28.56,7.72,98.55,1.45,56.92,76.61,95.9,95.52,43.11,10180,6991,211,954
292940,SÃO MIGUEL DAS MATAS,29,0.593,0.468,0.568,0.783,274.08,0.51,43.78,65.04,24.61,8.36,98.68,1.32,54.66,72.79,96.73,96.82,47.35,10414,3360,174,952
292950,SÃO SEBASTIÃO DO PASSÉ,29,0.657,0.551,0.633,0.812,411.75,0.53,25.77,38.53,13.74,8.19,97.7,2.3,33.06,77.36,98.88,93.69,48.65,42153,33112,645,3622
292960,SAPEAÇU,29,0.614,0.522,0.602,0.735,338.34,0.58,36.8,51.84,15.88,8.23,98.1,1.9,38.9,78.34,98.59,95.14,50.41,16585,8084,260,1463
292970,SÁTIRO DIAS,29,0.527,0.379,0.524,0.736,208.2,0.54,52.46,70.56,30.37,7.62,97.22,2.78,63.7,87.34,97.52,98.57,38.23,18964,4332,335,1945
292975,SAUBARA,29,0.617,0.565,0.563,0.738,265.17,0.49,39.83,53.92,14.62,9.01,98.36,1.64,26.87,97.03,98.18,87.8,55.98,11201,10948,168,888
292980,SAÚDE,29,0.549,0.442,0.546,0.685,238.81,0.55,48.93,65.44,21.74,7.83,97.06,2.94,56.28,78.81,97.65,96.36,46.41,11845,6646,188,1004
292990,SEABRA,29,0.635,0.572,0.588,0.761,310.95,0.57,39.46,55.51,16.1,9.4,98.07,1.93,38.25,74.31,97.17,94.37,62.4,41798,20277,798,4330
293000,SEBASTIÃO LARANJEIRAS,29,0.615,0.527,0.569,0.777,276.29,0.46,35.31,51.44,24.78,8.34,96.68,3.32,42.07,70.4,94.48,83.24,53.73,10371,4084,170,834
293010,SENHOR DO BONFIM,29,0.666,0.599,0.638,0.773,422.89,0.57,30.31,44.37,16.31,8.92,97.98,2.02,32.74,90.06,99.12,97.92,56.84,74419,57566,1118,6541
293015,SERRA DO RAMALHO,29,0.595,0.512,0.53,0.775,216.59,0.53,48.82,62.7,24.77,9.23,97.37,2.63,39.82,84.93,97.67,89.87,58.25,31638,6274,635,3366
293020,SENTO SÉ,29,0.585,0.48,0.535,0.778,222.84,0.53,49.51,63.29,24.54,8.75,97.51,2.49,52.78,83.77,93.92,81.12,53.77,37425,21676,811,4189
293030,SERRA DOURADA,29,0.608,0.537,0.539,0.775,228.74,0.51,44.65,59.34,23.85,8.36,98.83,1.17,40.41,67.94,94.77,90.68,55.37,18112,6002,245,1596
293040,SERRA PRETA,29,0.566,0.459,0.541,0.732,232.52,0.48,42.08,60.9,27.72,8.63,98.13,1.87,50.66,58.97,96.62,93.51,50.11,15401,6920,255,1388
293050,SERRINHA,29,0.634,0.532,0.615,0.778,367.73,0.55,31.96,46.87,17.01,8.24,97.28,2.72,40.43,86.89,99.21,88.35,50.43,76762,47188,1342,7066
293060,SERROLÂNDIA,29,0.59,0.508,0.56,0.721,261.29,0.5,38.82,56.19,22.61,9.3,98.75,1.25,41.34,88.8,96.96,97.84,59.76,12344,7279,207,1065
293070,SIMÕES FILHO,29,0.675,0.591,0.641,0.813,431.97,0.5,21.82,32.78,7.9,8.46,95.91,4.09,28.74,95.41,99.69,86.5,53.64,118047,105811,2010,10826
293075,SÍTIO DO MATO,29,0.564,0.509,0.455,0.774,135.49,0.59,67.91,78.39,20.89,9.68,98.8,1.2,42.21,73.87,92.79,93.45,61.12,12050,6866,279,1372
293076,SÍTIO DO QUINTO,29,0.533,0.395,0.552,0.695,247.62,0.55,47.71,63.27,37.98,9.16,97.9,2.1,69.83,72.35,85.78,98.46,56.59,12592,5172,221,1231
293077,SOBRADINHO,29,0.631,0.555,0.605,0.748,344.74,0.49,27.53,36.7,18.35,9.19,97.81,2.19,33.73,92.41,98.63,99.09,66.02,22000,20002,403,2214
293080,SOUTO SOARES,29,0.592,0.53,0.533,0.734,220.67,0.54,47.75,58.93,20.74,9.06,97.07,2.93,39.09,84.93,98.14,79.77,68.63,15899,6039,324,1736
293090,TABOCAS DO BREJO VELHO,29,0.584,0.492,0.53,0.764,216.5,0.54,49.53,67.19,29.51,8.66,98.19,1.81,50.01,90.57,94.83,81.77,56.24,11431,3932,204,1051
293100,TANHAÇU,29,0.577,0.44,0.565,0.772,268.62,0.5,41.94,60.68,25.92,8.34,98.19,1.81,57.55,53.57,95.99,99.34,49.69,20013,8290,347,1659
293105,TANQUE NOVO,29,0.599,0.474,0.583,0.778,301.39,0.6,43.81,63.12,27.81,8.82,98.42,1.58,53.51,66.67,94.75,95.95,56.99,16128,7317,279,1556
293110,TANQUINHO,29,0.597,0.488,0.567,0.768,273.12,0.48,36.45,52.38,19.58,8.09,95.99,4.01,35.69,77.32,94.06,98.83,49.05,8008,5711,126,699
293120,TAPEROÁ,29,0.566,0.426,0.566,0.754,270.97,0.53,44.53,60.8,27.21,7.36,96.12,3.88,61.28,76.2,79.42,92.36,43.22,18748,8725,389,2015
293130,TAPIRAMUTÁ,29,0.594,0.473,0.589,0.752,312.39,0.61,44.55,56.6,23.61,8.8,94.99,5.01,46.38,89.5,95.77,95.68,59.82,16516,12784,316,1629
293135,TEIXEIRA DE FREITAS,29,0.685,0.588,0.683,0.8,560.73,0.53,15.92,25.89,14.65,8.95,96.54,3.46,31.05,96.94,99.1,97.4,59.09,138341,129263,2404,12691
293140,TEODORO SAMPAIO,29,0.594,0.477,0.567,0.774,272.86,0.54,39.63,57.64,22.95,8.26,95.86,4.14,42.89,83.33,95.71,94.83,57.21,7895,6341,145,708
293150,TEOFILÂNDIA,29,0.566,0.431,0.571,0.737,278.91,0.55,41.56,55.94,24.94,8.24,96.79,3.21,60.42,70.82,97.93,97.88,46.52,21482,6692,418,2277
293160,TEOLÂNDIA,29,0.555,0.418,0.541,0.756,231.92,0.48,44.84,58.6,30.8,6.85,90.55,9.45,57.38,56.39,80.98,74.03,40.47,14836,5068,284,1493
293170,TERRA NOVA,29,0.578,0.474,0.581,0.7,296.6,0.45,27.59,42.94,13.08,8.64,96.68,3.32,43.02,74.79,98.58,97.26,52.01,12803,11488,226,1235
293180,TREMEDAL,29,0.528,0.36,0.545,0.749,237.3,0.48,42.9,63.88,30.61,7.34,96.6,3.4,64.66,47.28,88.83,92.59,38.21,17029,3939,227,1338
293190,TUCANO,29,0.579,0.458,0.596,0.712,325.7,0.65,47.22,65.8,29.39,8.38,98.22,1.78,57.52,80.5,94.36,91.79,49.48,52418,21958,953,5128
293200,UAUÁ,29,0.605,0.535,0.554,0.747,251.46,0.56,47.54,63.63,23.51,9.06,97.26,2.74,44.89,51.79,93.97,94.17,59.1,24294,10761,410,2126
293210,UBAÍRA,29,0.582,0.447,0.581,0.759,296.48,0.59,43.77,58.37,29.91,8.38,97.77,2.23,56.96,69.56,93.19,96.2,48.24,19750,8822,324,1750
293220,UBAITABA,29,0.611,0.49,0.607,0.767,349.68,0.56,35.38,52.86,21.32,8.26,95.83,4.17,49.31,87.43,94.66,95.59,52.32,20691,17598,392,1886
293230,UBATÃ,29,0.593,0.452,0.586,0.788,306.52,0.53,40.02,58.08,26.77,7.24,94.47,5.53,49.44,90.8,91.03,98.84,41.98,25004,17951,490,2459
293240,UIBAÍ,29,0.617,0.54,0.575,0.758,286.67,0.53,38.28,52.95,16.56,8.74,97.76,2.24,39.27,92.86,98.16,95.85,56.13,13625,8311,208,1124
293245,UMBURANAS,29,0.515,0.413,0.469,0.705,148.15,0.5,59.73,73.16,25.36,8.48,95.7,4.3,60.27,56.72,93.73,98.57,49.45,17000,7510,291,1632
293250,UNA,29,0.56,0.424,0.584,0.71,303.78,0.52,34.41,50.87,25.35,7.56,96.85,3.15,51.31,77.06,85.14,95.47,40.55,24110,15030,416,2401
293260,URANDI,29,0.598,0.469,0.595,0.766,325.07,0.51,30.41,45.93,23.24,8.48,98.05,1.95,48.34,79.83,94.16,95.4,53.01,16466,5939,261,1398
293270,URUÇUCA,29,0.616,0.507,0.607,0.758,349.43,0.48,25.88,39.57,21.91,8.31,95.8,4.2,43.84,90.07,92.79,91.25,51.51,19837,15779,383,1859
293280,UTINGA,29,0.59,0.487,0.597,0.706,327.96,0.62,43.0,61.35,20.97,9.6,96.9,3.1,49.36,86.14,96.81,97.21,62.48,18173,12810,306,2017
293290,VALENÇA,29,0.623,0.502,0.619,0.778,376.23,0.54,30.24,44.73,19.2,8.01,97.13,2.87,45.28,85.15,94.15,93.79,44.74,88673,64368,1614,8426
293300,VALENTE,29,0.637,0.568,0.623,0.729,385.3,0.49,21.48,33.18,16.14,8.94,98.74,1.26,34.66,83.21,97.96,98.48,59.64,24560,13487,364,1961
293305,VÁRZEA DA ROÇA,29,0.539,0.374,0.539,0.775,228.58,0.49,46.33,66.56,28.9,7.58,97.9,2.1,67.5,71.98,93.86,100.0,39.38,13786,6481,224,1266
293310,VÁRZEA DO POÇO,29,0.575,0.462,0.581,0.707,296.74,0.5,40.24,60.82,23.7,8.88,98.85,1.15,50.35,84.31,95.76,98.59,54.68,8661,5789,111,655
293315,VÁRZEA NOVA,29,0.555,0.46,0.543,0.685,234.88,0.5,45.93,64.16,23.57,7.93,95.9,4.1,52.69,68.79,93.31,97.92,49.21,13073,8553,216,1140
293317,VARZEDO,29,0.586,0.461,0.581,0.753,297.56,0.52,38.23,60.13,26.23,8.46,97.95,2.05,57.38,71.71,96.51,89.86,48.72,9109,3364,142,819
293320,VERA CRUZ,29,0.645,0.52,0.632,0.817,408.64,0.57,30.59,42.87,10.76,8.95,99.3,0.7,35.93,95.15,99.27,82.72,48.7,37567,35244,656,3517
293325,VEREDA,29,0.577,0.436,0.568,0.777,274.76,0.47,34.32,49.24,30.7,7.0,98.12,1.88,57.04,89.31,93.24,99.52,37.45,6800,1379,119,633
293330,VITÓRIA DA CONQUISTA,29,0.678,0.581,0.681,0.788,555.66,0.55,18.07,30.24,13.31,8.75,96.83,3.17,39.55,91.58,99.19,96.81,55.62,306866,274739,5176,26471
293340,WAGNER,29,0.587,0.479,0.573,0.737,283.34,0.52,39.77,54.65,21.58,8.98,96.67,3.33,49.15,84.19,96.13,95.93,55.76,8983,6482,135,848
293345,WANDERLEY,29,0.6,0.498,0.569,0.764,275.76,0.59,47.09,63.44,24.77,7.94,96.14,3.86,51.21,78.04,85.74,93.63,45.7,12485,5878,208,1193
293350,WENCESLAU GUIMARÃES,29,0.544,0.383,0.558,0.752,257.12,0.45,37.03,52.89,30.47,7.32,94.64,5.36,58.46,66.88,90.23,86.36,44.0,22189,7511,431,2288
293360,XIQUE-XIQUE,29,0.585,0.479,0.563,0.741,265.25,0.56,44.21,57.88,22.21,8.7,96.94,3.06,43.58,84.97,95.14,93.94,47.62,45536,32541,865,4835
310010,Abadia dos Dourados,31,0.689,0.563,0.693,0.839,596.18,0.47,7.94,16.7,9.12,8.68,98.31,1.69,35.53,88.5,98.55,98.03,61.31,6704,4189,84,437
310020,Abaeté,31,0.698,0.556,0.72,0.848,707.24,0.54,6.69,13.3,8.72,9.19,99.82,0.18,45.2,98.4,99.92,98.42,62.31,22690,19704,300,1640
310030,Abre Campo,31,0.654,0.525,0.646,0.823,444.32,0.52,23.33,37.87,12.27,9.34,97.4,2.6,51.24,90.92,99.36,95.55,61.86,13311,7281,202,1086
310040,Acaiaca,31,0.63,0.499,0.61,0.823,357.03,0.48,26.53,42.71,13.94,10.09,96.05,3.95,39.46,89.06,99.83,99.28,68.75,3920,2553,43,297
310050,Açucena,31,0.61,0.451,0.595,0.844,325.42,0.48,30.7,47.42,19.81,8.49,96.7,3.3,55.87,78.01,95.13,49.38,58.61,10276,4805,157,885
310060,Água Boa,31,0.576,0.403,0.594,0.799,322.12,0.5,31.79,47.14,27.42,7.87,92.88,7.12,57.99,82.44,92.94,82.48,55.03,15195,7035,281,1642
310070,Água Comprida,31,0.675,0.498,0.719,0.86,701.19,0.46,4.39,11.75,7.9,8.5,95.22,4.78,50.47,96.19,100.0,99.87,53.94,2025,1520,25,142
310080,Aguanil,31,0.663,0.513,0.672,0.845,524.43,0.45,8.51,16.74,13.21,10.28,97.4,2.6,45.96,90.02,100.0,99.11,70.97,4054,2345,53,284
310090,Águas Formosas,31,0.645,0.531,0.624,0.811,389.57,0.57,31.69,47.9,24.4,9.11,96.56,3.44,48.22,90.41,97.39,96.82,63.34,18479,14318,320,1790
310100,Águas Vermelhas,31,0.601,0.458,0.586,0.808,306.97,0.51,33.19,50.2,27.57,7.72,93.29,6.71,50.53,90.52,98.45,97.75,51.98,12722,8941,213,1210
310110,Aimorés,31,0.684,0.576,0.685,0.81,567.46,0.53,14.09,26.09,14.49,9.32,96.48,3.52,36.98,95.45,99.96,96.41,68.8,24959,19700,347,1859
310120,Aiuruoca,31,0.668,0.505,0.677,0.871,539.92,0.49,11.7,21.01,14.07,9.14,99.33,0.67,46.12,70.74,98.59,99.76,62.0,6162,3123,86,430
310130,Alagoa,31,0.649,0.518,0.634,0.832,413.75,0.42,17.57,35.22,14.44,9.16,98.84,1.16,41.69,71.02,99.23,98.19,55.89,2709,1110,29,192
310140,Albertina,31,0.673,0.549,0.684,0.813,564.08,0.35,3.02,6.77,11.94,8.79,98.46,1.54,42.14,94.43,100.0,99.66,62.82,2913,2012,35,189
310150,Além Paraíba,31,0.726,0.626,0.713,0.857,674.5,0.5,9.22,21.44,6.36,9.2,97.59,2.41,31.89,97.9,99.48,98.4,62.02,34349,32067,486,2483
310160,Alfenas,31,0.761,0.712,0.737,0.841,783.41,0.51,5.53,12.06,5.77,10.39,97.84,2.16,25.01,98.85,99.97,99.86,75.51,73774,69176,900,5233
310163,Alfredo Vasconcelos,31,0.675,0.587,0.629,0.834,400.14,0.41,16.92,29.98,9.94,9.01,98.0,2.0,33.71,89.11,99.67,99.3,58.51,6075,4031,90,492
310170,Almenara,31,0.642,0.518,0.636,0.803,419.98,0.53,25.31,41.76,21.8,8.59,97.74,2.26,47.93,86.96,96.72,95.63,54.11,38775,31750,586,3215
310180,Alpercata,31,0.646,0.521,0.629,0.824,401.21,0.45,15.19,26.16,16.13,8.91,99.12,0.88,38.11,96.7,99.45,84.03,59.59,7172,5660,126,646
310190,Alpinópolis,31,0.725,0.629,0.703,0.862,633.91,0.47,8.46,17.88,7.69,9.39,97.03,2.97,27.73,93.35,99.9,99.8,68.12,18488,14990,259,1379
310200,Alterosa,31,0.668,0.536,0.657,0.847,475.99,0.44,12.4,19.13,10.4,9.9,97.71,2.29,42.07,91.95,99.76,100.0,73.41,13717,10002,187,1034
310205,Alto Caparaó,31,0.661,0.514,0.666,0.842,505.1,0.45,11.78,19.38,11.29,9.38,98.55,1.45,48.08,89.13,100.0,100.0,64.28,5297,3964,66,410
310210,Alto Rio Doce,31,0.62,0.483,0.595,0.828,323.95,0.46,29.5,46.59,14.66,9.05,95.85,4.15,53.03,81.48,98.46,96.65,61.47,12159,5070,145,892
310220,Alvarenga,31,0.592,0.441,0.589,0.798,312.46,0.52,32.55,47.15,18.13,7.86,96.87,3.13,53.05,76.53,98.23,99.35,52.57,4444,2119,57,329
310230,Alvinópolis,31,0.676,0.577,0.651,0.822,460.96,0.46,14.05,24.58,11.24,9.3,97.34,2.66,40.65,85.1,99.51,96.11,69.29,15261,11433,211,1121
310240,Alvorada de Minas,31,0.572,0.414,0.57,0.794,277.99,0.58,48.29,66.97,20.6,7.58,94.57,5.43,66.1,68.12,85.09,79.73,48.01,3546,1450,80,421
310250,Amparo do Serra,31,0.641,0.528,0.616,0.811,368.72,0.46,21.97,38.7,16.81,8.96,98.6,1.4,43.39,82.88,97.75,86.79,62.63,5053,2642,72,390
310260,Andradas,31,0.734,0.617,0.731,0.878,754.39,0.44,2.51,5.68,8.47,9.82,96.66,3.34,35.67,94.2,99.81,99.92,71.01,37270,28026,430,2384
310270,Cachoeira de Pajeú,31,0.578,0.444,0.563,0.771,265.27,0.52,40.59,58.53,27.43,8.2,97.3,2.7,58.11,62.09,98.16,84.42,57.09,8959,4461,158,893
310280,Andrelândia,31,0.7,0.621,0.675,0.818,534.68,0.51,14.75,27.66,10.86,9.82,98.21,1.79,38.17,92.14,98.62,98.51,69.45,12173,9810,133,867
310285,Angelândia,31,0.597,0.473,0.594,0.756,322.8,0.53,34.97,46.78,25.48,8.49,98.3,1.7,55.48,85.57,96.83,87.15,47.38,8003,4036,180,880
310290,Antônio Carlos,31,0.683,0.584,0.65,0.838,457.02,0.47,16.85,27.85,11.56,8.84,98.05,1.95,39.49,93.19,99.54,97.98,64.99,11114,7826,145,781
310300,Antônio Dias,31,0.645,0.507,0.624,0.849,387.61,0.48,22.14,35.09,15.74,9.86,98.23,1.77,49.52,70.6,97.75,91.61,67.45,9565,4672,154,820
310310,Antônio Prado de Minas,31,0.684,0.572,0.674,0.83,529.54,0.47,12.08,27.05,11.08,9.99,99.27,0.73,33.77,86.51,99.9,100.0,75.87,1671,1003,21,104
310320,Araçaí,31,0.695,0.632,0.659,0.805,482.4,0.42,11.04,22.53,10.29,10.54,98.87,1.13,36.75,91.66,98.91,99.25,72.33,2243,1783,31,175
310330,Aracitaba,31,0.661,0.577,0.608,0.823,351.6,0.42,23.13,40.5,12.6,8.55,97.17,2.83,39.65,91.86,99.63,99.6,51.66,2058,1641,30,141
310340,Araçuaí,31,0.663,0.56,0.633,0.821,410.67,0.57,29.55,44.21,17.35,9.59,97.53,2.47,38.49,75.34,98.54,95.44,63.66,36013,23435,504,3168
310350,Araguari,31,0.773,0.716,0.74,0.871,798.63,0.47,4.22,9.13,4.8,10.02,97.79,2.21,19.57,98.52,99.96,99.22,76.2,109801,102583,1443,7503
310360,Arantina,31,0.697,0.641,0.633,0.834,411.16,0.42,18.11,34.51,10.34,8.79,98.52,1.48,32.78,97.21,98.84,99.19,60.87,2823,2633,39,219
310370,Araponga,31,0.536,0.339,0.597,0.76,328.75,0.44,24.49,37.84,22.25,7.86,95.04,4.96,71.37,71.95,99.6,93.43,51.56,8152,3041,137,725
310375,Araporã,31,0.708,0.646,0.676,0.813,536.04,0.41,7.81,13.06,8.29,8.74,99.35,0.65,29.91,100.0,99.94,99.59,59.9,6144,5898,109,472
310380,Arapuá,31,0.724,0.608,0.718,0.871,696.47,0.45,3.03,5.39,7.98,10.68,98.19,1.81,27.28,90.25,99.74,99.21,75.67,2775,2088,29,171
310390,Araújos,31,0.698,0.574,0.694,0.855,599.3,0.36,1.36,2.74,8.1,8.98,95.66,4.34,36.49,93.9,99.97,97.46,69.43,7883,6812,107,610
310400,Araxá,31,0.772,0.709,0.756,0.858,883.88,0.48,2.91,6.45,4.2,9.59,97.14,2.86,17.65,98.42,99.96,99.49,68.45,93672,92284,1252,6337
310410,Arceburgo,31,0.683,0.573,0.687,0.81,576.68,0.38,2.94,5.86,10.82,9.0,98.65,1.35,37.12,98.43,100.0,99.67,64.81,9509,8179,129,641
310420,Arcos,31,0.749,0.671,0.717,0.874,691.16,0.43,4.34,8.22,4.94,9.95,98.36,1.64,21.99,97.04,100.0,99.82,71.0,36597,33961,457,2360
310430,Areado,31,0.727,0.649,0.7,0.847,622.83,0.45,5.64,11.18,7.2,9.32,98.18,1.82,34.63,93.31,99.89,99.28,65.45,13731,11525,163,946
310440,Argirita,31,0.643,0.505,0.645,0.817,442.45,0.39,10.15,24.08,10.47,9.34,96.53,3.47,48.03,94.98,99.27,100.0,62.92,2901,2192,40,187
310445,Aricanduva,31,0.582,0.454,0.553,0.787,249.75,0.5,41.35,60.72,21.37,7.11,98.08,1.92,58.06,75.44,98.27,87.7,43.49,4770,1695,91,525
310450,Arinos,31,0.656,0.57,0.607,0.815,349.52,0.55,35.37,50.58,14.98,8.73,96.57,3.43,35.08,79.14,89.41,96.34,58.32,17674,10854,320,1763
310460,Astolfo Dutra,31,0.694,0.567,0.686,0.858,572.06,0.39,6.34,13.9,6.97,9.37,98.59,1.41,36.74,96.2,100.0,98.86,69.45,13049,11882,151,800
310470,Ataléia,31,0.588,0.423,0.592,0.813,317.64,0.48,32.26,51.45,25.53,8.49,96.66,3.34,58.87,83.47,96.93,90.13,58.3,14455,7199,243,1308
310480,Augusto de Lima,31,0.656,0.557,0.622,0.815,384.1,0.42,15.61,28.58,14.47,10.82,99.05,0.95,31.81,66.4,99.26,93.62,74.43,4960,2924,73,422
310490,Baependi,31,0.681,0.57,0.664,0.833,497.21,0.49,15.28,27.68,10.05,9.55,96.05,3.95,39.07,86.83,98.77,99.42,63.31,18307,13247,250,1325
310500,Baldim,31,0.671,0.59,0.65,0.787,458.08,0.46,15.92,27.7,9.32,8.24,96.52,3.48,35.68,92.08,99.14,94.1,55.26,7913,5067,108,594
310510,Bambuí,31,0.741,0.636,0.735,0.87,777.46,0.49,4.27,8.09,7.62,9.23,98.56,1.44,27.28,96.45,99.82,99.96,66.75,22734,19325,271,1416
310520,Bandeira,31,0.599,0.454,0.583,0.811,302.0,0.46,32.77,51.57,30.6,8.56,98.72,1.28,58.15,79.3,96.57,88.92,56.01,4987,2377,80,436
310530,Bandeira do Sul,31,0.692,0.608,0.681,0.802,554.52,0.34,3.98,8.03,9.71,9.09,96.67,3.33,28.54,95.25,99.83,99.5,71.04,5338,4870,69,372
310540,Barão de Cocais,31,0.722,0.647,0.679,0.858,546.85,0.42,10.31,19.63,4.67,9.84,98.92,1.08,26.08,91.23,99.92,98.22,63.73,28442,25786,415,2195
310550,Barão de Monte Alto,31,0.649,0.533,0.619,0.827,377.1,0.45,19.8,37.78,16.37,9.1,100.0,0.0,39.07,97.06,99.61,96.52,61.55,5720,4117,79,421
310560,Barbacena,31,0.769,0.687,0.751,0.881,854.27,0.58,9.07,17.69,5.43,9.87,98.42,1.58,23.98,96.96,99.86,98.63,67.82,126284,115568,1514,8408
310570,Barra Longa,31,0.624,0.482,0.613,0.823,362.62,0.48,25.4,47.54,15.89,8.7,97.66,2.34,53.04,73.72,99.3,97.34,59.1,6143,2313,62,435
310590,Barroso,31,0.734,0.678,0.675,0.864,535.1,0.48,12.8,25.83,6.45,9.66,99.22,0.78,27.18,99.18,100.0,99.25,70.06,19599,18979,276,1519
310600,Bela Vista de Minas,31,0.674,0.597,0.644,0.795,440.23,0.4,11.52,22.77,6.92,9.48,100.0,0.0,30.16,94.46,99.96,97.67,61.27,10004,9378,152,831
310610,Belmiro Braga,31,0.66,0.531,0.653,0.83,464.5,0.45,11.75,21.77,12.81,10.04,99.18,0.82,42.61,85.07,99.85,99.54,60.37,3403,1099,67,269
310620,Belo Horizonte,31,0.81,0.737,0.841,0.856,1497.29,0.6,3.8,8.78,2.87,9.87,97.63,2.37,17.92,99.7,99.97,99.46,69.13,2375151,2375151,27738,151596
310630,Belo Oriente,31,0.686,0.606,0.655,0.813,470.05,0.42,11.45,18.71,11.61,9.21,98.89,1.11,32.45,94.78,99.73,95.52,66.32,23397,19682,346,1987
310640,Belo Vale,31,0.655,0.514,0.672,0.814,524.03,0.46,12.59,23.18,8.57,9.8,97.07,2.93,46.79,62.57,99.42,94.1,72.98,7536,3295,99,522
310650,Berilo,31,0.628,0.524,0.58,0.816,295.62,0.45,30.18,45.02,20.45,9.4,98.95,1.05,42.7,47.91,98.24,94.95,59.16,12300,3888,187,1147
310660,Bertópolis,31,0.594,0.455,0.576,0.799,288.77,0.54,38.66,57.61,29.61,7.82,83.89,16.11,56.51,77.04,94.93,92.71,62.64,4498,2731,89,422
310665,Berizal,31,0.604,0.52,0.56,0.757,261.24,0.41,30.4,45.46,24.84,9.52,97.83,2.17,48.52,68.88,99.31,82.89,66.44,4370,2485,83,409
310670,Betim,31,0.749,0.687,0.709,0.864,660.56,0.47,7.04,12.92,5.34,9.49,98.03,1.97,21.78,98.27,99.86,98.68,68.12,378089,375331,5697,31066
310680,Bias Fortes,31,0.62,0.495,0.605,0.796,344.35,0.41,20.88,34.66,15.05,10.06,97.91,2.09,55.49,81.61,92.55,99.83,70.15,3793,1499,46,255
310690,Bicas,31,0.744,0.667,0.726,0.85,735.0,0.53,8.48,19.3,6.53,9.19,98.87,1.13,30.3,88.69,99.84,98.98,62.48,13653,12957,154,776
310700,Biquinhas,31,0.688,0.555,0.684,0.857,565.37,0.41,6.97,13.95,10.88,9.61,99.16,0.84,28.22,98.16,99.61,98.78,73.23,2630,1639,28,170
310710,Boa Esperança,31,0.704,0.587,0.694,0.855,599.17,0.47,8.43,15.36,7.69,8.46,96.87,3.13,33.36,97.94,99.87,99.84,58.56,38516,32191,534,3111
310720,Bocaina de Minas,31,0.645,0.476,0.665,0.848,501.73,0.42,8.99,18.07,17.66,8.77,96.35,3.65,54.3,72.8,97.93,97.81,61.24,5007,2396,78,375
310730,Bocaiúva,31,0.7,0.644,0.648,0.822,451.54,0.51,20.13,33.12,12.49,9.78,97.85,2.15,27.53,83.55,98.68,94.53,70.81,46654,36600,718,4139
310740,Bom Despacho,31,0.75,0.661,0.742,0.861,809.9,0.49,2.96,5.57,5.84,9.14,98.32,1.68,26.82,98.6,99.88,99.46,65.73,45624,42963,618,3447
310750,Bom Jardim de Minas,31,0.673,0.569,0.653,0.822,464.99,0.46,15.48,28.66,11.8,9.58,98.81,1.19,41.9,94.68,98.01,98.88,66.0,6501,5576,80,449
310760,Bom Jesus da Penha,31,0.735,0.662,0.696,0.862,607.73,0.42,5.13,9.97,11.1,9.53,98.78,1.22,26.05,96.54,99.87,100.0,77.81,3887,2825,69,291
310770,Bom Jesus do Amparo,31,0.683,0.582,0.655,0.834,472.21,0.45,15.74,28.57,10.03,9.31,97.6,2.4,30.36,74.95,99.14,98.85,62.12,5491,2516,74,418
310780,Bom Jesus do Galho,31,0.623,0.491,0.615,0.8,368.0,0.49,27.07,42.18,18.48,8.98,97.18,2.82,41.59,91.93,98.98,90.7,67.29,15364,10024,214,1212
310790,Bom Repouso,31,0.653,0.523,0.647,0.821,447.85,0.46,18.46,30.76,10.85,8.72,95.13,4.87,46.67,73.92,99.91,100.0,65.97,10457,5679,160,821
310800,Bom Sucesso,31,0.692,0.602,0.68,0.808,551.39,0.49,9.78,20.84,12.3,9.59,97.88,2.12,32.57,96.34,100.0,99.28,63.02,17243,14194,222,1283
310810,Bonfim,31,0.637,0.464,0.669,0.834,512.94,0.49,14.37,23.86,12.55,8.24,98.53,1.47,49.03,87.55,99.96,94.52,51.62,6818,3332,71,414
310820,Bonfinópolis de Minas,31,0.678,0.598,0.655,0.796,472.15,0.47,14.32,21.52,12.76,9.46,97.62,2.38,23.34,81.72,94.99,99.72,64.1,5865,4137,68,485
310825,Bonito de Minas,31,0.537,0.388,0.514,0.776,195.65,0.57,56.14,71.65,27.15,8.67,93.03,6.97,51.22,40.61,89.67,90.7,61.74,9673,2209,206,1074
310830,Borda da Mata,31,0.73,0.64,0.703,0.865,635.37,0.46,6.2,12.62,8.23,9.57,96.76,3.24,34.1,96.13,99.97,99.75,68.59,17118,13718,223,1104
310840,Botelhos,31,0.702,0.568,0.702,0.868,630.12,0.47,6.41,13.48,9.17,9.76,96.74,3.26,38.68,93.14,99.94,99.85,79.6,14920,11366,168,1044
310850,Botumirim,31,0.602,0.517,0.54,0.782,230.25,0.46,39.74,57.58,16.93,8.78,96.52,3.48,36.25,80.32,96.47,74.92,54.95,6497,3470,117,687
310855,Brasilândia de Minas,31,0.674,0.559,0.646,0.848,444.35,0.44,13.4,21.62,10.45,8.09,97.46,2.54,39.05,95.15,97.94,98.46,53.34,14226,12372,271,1420
310860,Brasília de Minas,31,0.656,0.568,0.612,0.813,360.93,0.54,31.11,45.19,15.28,9.53,96.77,3.23,34.29,74.17,98.13,84.67,72.16,31213,20675,479,2659
310870,Brás Pires,31,0.625,0.523,0.582,0.801,299.02,0.44,34.92,52.21,13.53,9.65,97.33,2.67,43.62,82.52,97.92,98.84,63.95,4637,2223,61,373
310880,Braúnas,31,0.624,0.478,0.635,0.802,416.84,0.55,24.0,41.95,18.5,9.1,98.26,1.74,47.03,75.61,98.78,89.64,55.06,5030,1593,92,410
310890,Brasópolis,31,0.692,0.566,0.697,0.841,613.88,0.54,12.16,24.33,10.03,9.12,98.42,1.58,35.96,83.75,99.28,99.73,65.5,14661,7891,211,1036
310900,Brumadinho,31,0.747,0.639,0.761,0.857,910.31,0.57,5.83,10.42,6.38,9.63,98.4,1.6,26.15,82.68,99.06,98.74,61.33,33973,28642,450,2571
310910,Bueno Brandão,31,0.658,0.507,0.662,0.848,491.08,0.44,11.87,22.32,10.37,9.27,97.97,2.03,50.37,77.66,99.91,100.0,70.81,10892,5674,125,714
310920,Buenópolis,31,0.669,0.579,0.65,0.796,456.55,0.49,20.62,38.42,15.36,7.8,95.05,4.95,42.03,78.11,98.63,99.37,51.44,10292,7767,131,773
310925,Bugre,31,0.627,0.511,0.602,0.8,338.39,0.44,23.44,38.68,18.74,10.13,98.46,1.54,48.49,95.73,99.71,100.0,70.9,3992,1531,58,324
310930,Buritis,31,0.672,0.558,0.666,0.815,505.59,0.57,22.98,35.09,15.08,9.2,97.82,2.18,34.75,82.61,95.44,98.1,64.99,22737,16100,397,2310
310940,Buritizeiro,31,0.624,0.524,0.603,0.768,340.72,0.41,18.93,27.38,13.81,9.25,96.79,3.21,39.44,93.06,97.02,88.78,67.76,26922,23630,495,2612
310945,Cabeceira Grande,31,0.648,0.542,0.638,0.788,424.47,0.47,17.77,26.35,14.61,8.87,98.19,1.81,41.21,92.97,99.02,98.31,62.93,6453,5297,103,635
310950,Cabo Verde,31,0.674,0.527,0.686,0.847,571.6,0.43,9.08,18.42,10.41,8.0,94.63,5.37,41.78,86.18,99.84,99.62,63.25,13823,7627,173,960
310960,Cachoeira da Prata,31,0.741,0.707,0.689,0.834,583.28,0.43,3.19,5.05,3.89,9.81,98.06,1.94,23.31,98.92,100.0,99.78,64.79,3654,3528,41,245
310970,Cachoeira de Minas,31,0.706,0.637,0.673,0.821,527.44,0.45,11.66,21.99,8.57,10.02,97.7,2.3,29.13,88.07,99.76,100.0,73.13,11034,7064,145,790
310980,Cachoeira Dourada,31,0.726,0.648,0.695,0.85,606.15,0.35,2.63,4.92,12.2,10.01,98.31,1.69,22.8,97.57,100.0,100.0,74.11,2505,2225,38,185
310990,Caetanópolis,31,0.706,0.617,0.674,0.845,531.65,0.42,6.84,13.34,5.18,10.09,98.12,1.88,29.16,90.44,99.08,93.2,69.86,10218,8389,126,664
311000,Caeté,31,0.728,0.663,0.69,0.844,586.16,0.46,9.92,17.59,5.12,8.9,96.87,3.13,22.96,95.11,99.63,96.59,65.54,40750,35436,525,3082
311010,Caiana,31,0.633,0.483,0.631,0.833,406.23,0.42,13.88,23.43,13.4,7.56,97.02,2.98,50.94,87.48,99.89,96.93,46.59,4968,2618,64,415
311020,Cajuri,31,0.617,0.487,0.599,0.804,333.45,0.43,22.69,38.6,11.53,9.7,97.04,2.96,50.76,97.66,99.87,96.47,59.7,4047,2096,39,302
311030,Caldas,31,0.687,0.529,0.701,0.873,627.21,0.49,7.58,14.28,8.09,8.36,98.42,1.58,46.72,79.52,99.56,99.15,60.96,13633,7739,159,887
311040,Camacho,31,0.69,0.612,0.639,0.84,425.8,0.46,20.08,37.42,13.09,9.91,98.86,1.14,30.21,86.54,99.94,98.53,72.95,3154,1458,42,233
311050,Camanducaia,31,0.689,0.553,0.707,0.837,649.49,0.5,7.9,14.81,10.8,8.25,98.24,1.76,42.57,84.64,99.53,99.82,60.39,21080,15469,304,1620
311060,Cambuí,31,0.751,0.674,0.722,0.872,712.9,0.46,4.57,11.9,7.28,10.12,98.57,1.43,28.87,94.08,99.88,100.0,69.88,26488,22359,307,1757
311070,Cambuquira,31,0.699,0.577,0.691,0.856,588.83,0.5,11.54,23.17,9.19,9.44,98.17,1.83,30.49,94.13,99.57,98.34,59.34,12602,10457,166,923
311080,Campanário,31,0.616,0.464,0.607,0.831,350.46,0.44,21.86,38.07,17.74,8.37,98.47,1.53,46.55,94.78,97.08,96.84,58.33,3564,2651,68,345
311090,Campanha,31,0.709,0.587,0.715,0.849,686.16,0.5,6.55,15.63,7.95,8.76,96.96,3.04,44.16,95.9,99.51,99.2,56.95,15433,13326,210,1212
311100,Campestre,31,0.698,0.566,0.712,0.843,669.87,0.52,7.91,15.81,8.57,8.32,97.69,2.31,40.9,83.4,99.64,99.78,61.19,20686,10959,307,1480
311110,Campina Verde,31,0.704,0.562,0.714,0.868,681.73,0.47,7.1,13.2,8.06,8.01,89.17,10.83,31.95,95.86,98.7,99.43,69.87,19324,14433,244,1262
311115,Campo Azul,31,0.621,0.546,0.55,0.799,244.97,0.48,38.16,55.18,21.54,10.23,98.15,1.85,38.67,68.82,98.68,93.88,69.56,3684,1551,61,341
311120,Campo Belo,31,0.711,0.586,0.706,0.868,646.71,0.47,6.73,14.35,8.69,9.23,98.35,1.65,31.49,97.82,100.0,99.67,65.39,51544,48626,643,3539
311130,Campo do Meio,31,0.683,0.588,0.655,0.827,472.71,0.42,8.82,17.16,10.14,9.38,97.88,2.12,38.41,98.15,99.0,99.88,65.18,11476,10059,169,897
311140,Campo Florido,31,0.706,0.558,0.735,0.858,774.88,0.52,7.87,14.66,8.67,8.9,98.78,1.22,43.09,95.66,97.7,97.48,58.02,6870,5208,129,606
311150,Campos Altos,31,0.702,0.582,0.69,0.86,587.21,0.4,4.67,9.97,9.91,9.31,97.65,2.35,41.4,97.83,99.4,99.77,62.44,14206,12913,231,1224
311160,Campos Gerais,31,0.682,0.58,0.666,0.821,503.91,0.44,9.73,19.88,11.42,8.68,97.69,2.31,47.06,95.85,99.92,99.73,60.11,27600,19156,384,2299
311170,Canaã,31,0.649,0.532,0.644,0.798,439.71,0.5,24.03,44.0,14.63,10.35,98.2,1.8,53.78,88.37,99.82,99.85,68.18,4628,1859,41,309
311180,Canápolis,31,0.722,0.598,0.721,0.872,711.27,0.5,4.83,8.59,14.62,9.62,99.0,1.0,35.77,97.53,99.95,99.52,70.74,11365,10180,144,730
311190,Cana Verde,31,0.65,0.512,0.652,0.821,463.1,0.43,11.39,24.76,12.21,10.0,99.58,0.42,40.4,96.32,99.93,99.4,71.45,5589,4068,88,398
311200,Candeias,31,0.678,0.537,0.699,0.83,621.22,0.48,7.86,18.63,13.99,8.85,98.36,1.64,38.97,92.75,100.0,99.15,61.01,14595,10206,155,924
311205,Cantagalo,31,0.631,0.515,0.598,0.816,329.9,0.42,22.78,36.92,15.38,8.98,95.04,4.96,48.88,90.23,99.33,83.07,56.81,4195,2479,74,356
311210,Caparaó,31,0.624,0.473,0.614,0.836,364.52,0.43,19.79,27.41,14.47,7.47,94.13,5.87,55.93,66.86,99.52,98.93,50.34,5209,2006,94,462
311220,Capela Nova,31,0.648,0.568,0.602,0.797,338.43,0.44,24.64,47.3,10.76,9.04,94.97,5.03,44.15,92.27,99.71,98.36,65.22,4755,2132,58,313
311230,Capelinha,31,0.653,0.527,0.641,0.824,432.55,0.52,23.17,35.71,18.94,9.43,97.26,2.74,49.84,91.34,99.75,98.08,64.2,34803,24753,652,3458
311240,Capetinga,31,0.675,0.533,0.68,0.848,549.97,0.42,6.67,14.79,11.37,9.44,96.28,3.72,41.17,99.42,99.87,99.63,62.73,7089,5919,106,568
311250,Capim Branco,31,0.695,0.604,0.664,0.837,497.48,0.4,7.03,12.78,6.46,9.4,99.36,0.64,24.95,98.49,100.0,98.24,66.54,8881,8090,132,713
311260,Capinópolis,31,0.723,0.601,0.747,0.841,834.14,0.59,7.19,15.72,12.49,9.63,99.56,0.44,34.59,96.75,99.93,99.64,70.11,15290,14302,230,1140
311265,Capitão Andrade,31,0.624,0.478,0.63,0.805,403.35,0.51,24.92,41.63,17.65,8.1,99.38,0.62,49.18,97.22,99.74,94.58,57.9,4925,3573,71,413
311270,Capitão Enéas,31,0.639,0.565,0.573,0.806,282.97,0.47,33.63,46.08,18.25,9.54,96.94,3.06,36.42,83.08,98.99,87.3,68.8,14206,11520,269,1464
311280,Capitólio,31,0.71,0.612,0.709,0.825,658.77,0.4,3.88,8.91,7.11,10.22,99.09,0.91,32.56,90.76,99.8,98.51,69.98,8183,6502,91,533
311290,Caputira,31,0.615,0.471,0.609,0.809,353.65,0.57,36.32,54.89,13.17,9.47,96.36,3.64,57.07,94.86,99.63,99.42,66.74,9030,3779,146,805
311300,Caraí,31,0.558,0.405,0.549,0.781,244.29,0.53,44.85,64.73,26.58,8.53,96.16,3.84,62.1,60.54,89.88,89.13,59.63,22343,7191,463,2414
311310,Caranaíba,31,0.634,0.533,0.593,0.807,319.88,0.43,32.43,54.84,9.05,10.08,97.81,2.19,39.14,77.89,99.77,99.01,66.37,3288,1176,41,256
311320,Carandaí,31,0.697,0.622,0.663,0.821,495.09,0.48,15.75,26.15,7.27,10.45,98.76,1.24,34.09,91.77,99.85,99.24,74.21,23346,18205,349,1774
311330,Carangola,31,0.695,0.573,0.699,0.837,618.24,0.48,10.84,20.49,10.15,9.14,96.91,3.09,37.4,95.63,99.83,99.48,66.56,32296,26059,422,2378
311340,Caratinga,31,0.706,0.603,0.697,0.836,610.29,0.54,14.04,24.55,9.55,8.95,95.35,4.65,37.22,95.98,99.7,97.63,67.65,85239,70474,1268,6837
311350,Carbonita,31,0.638,0.529,0.617,0.796,373.05,0.46,21.33,35.0,18.91,9.5,99.34,0.66,43.48,88.56,98.66,95.8,64.49,9148,6738,144,793
311360,Careaçu,31,0.683,0.581,0.666,0.824,504.96,0.41,5.73,12.32,12.92,8.52,98.0,2.0,35.77,93.51,99.79,99.93,62.3,6298,4702,95,510
311370,Carlos Chagas,31,0.648,0.513,0.641,0.826,432.37,0.53,23.12,39.6,21.95,8.49,97.61,2.39,46.82,94.0,98.61,97.99,54.38,20069,12964,284,1498
311380,Carmésia,31,0.65,0.54,0.631,0.805,404.76,0.48,20.0,32.99,15.19,9.2,99.22,0.78,40.98,84.47,94.71,97.04,52.18,2446,1311,28,201
311390,Carmo da Cachoeira,31,0.655,0.523,0.672,0.801,525.35,0.45,9.56,19.43,9.95,8.11,93.97,6.03,45.57,95.96,99.74,99.9,53.71,11836,8966,191,978
311400,Carmo da Mata,31,0.689,0.572,0.68,0.84,551.21,0.4,4.64,10.59,8.35,8.91,97.92,2.08,45.06,96.13,99.76,98.67,61.52,10927,8610,146,814
311410,Carmo de Minas,31,0.682,0.562,0.668,0.845,511.95,0.47,14.55,28.58,10.66,9.08,98.04,1.96,47.56,91.39,99.87,98.69,59.8,13750,10189,222,1140
311420,Carmo do Cajuru,31,0.71,0.605,0.695,0.853,606.19,0.43,5.21,10.23,6.38,8.87,98.48,1.52,36.81,97.11,100.0,100.0,58.79,20012,17340,262,1523
311430,Carmo do Paranaíba,31,0.705,0.571,0.713,0.861,678.13,0.49,6.65,11.83,8.71,8.85,97.49,2.51,38.16,93.09,99.77,99.44,63.36,29735,25200,353,2041
311440,Carmo do Rio Claro,31,0.733,0.649,0.715,0.85,685.17,0.52,8.02,17.17,8.82,9.32,96.36,3.64,33.19,92.16,100.0,100.0,75.11,20426,14362,233,1398
311450,Carmópolis de Minas,31,0.7,0.582,0.694,0.85,599.63,0.46,7.67,15.4,5.25,8.73,95.58,4.42,37.92,96.97,99.97,99.38,62.53,17048,11821,247,1317
311455,Carneirinho,31,0.741,0.622,0.749,0.873,847.07,0.57,4.3,7.62,11.61,8.89,97.91,2.09,30.35,98.0,99.69,98.04,62.57,9471,6975,127,716
311460,Carrancas,31,0.725,0.632,0.687,0.877,576.62,0.54,14.88,29.27,8.0,9.15,96.83,3.17,31.92,83.72,99.15,99.87,62.03,3948,2612,58,293
311470,Carvalhópolis,31,0.724,0.648,0.688,0.85,579.4,0.43,7.69,15.66,8.35,10.04,100.0,0.0,29.05,91.61,99.75,100.0,70.78,3341,2459,46,250
311480,Carvalhos,31,0.646,0.492,0.667,0.82,506.24,0.53,19.9,39.04,15.2,9.43,96.61,3.39,47.25,70.75,98.89,96.83,64.37,4556,2437,55,302
311490,Casa Grande,31,0.652,0.555,0.608,0.823,351.47,0.38,17.97,26.9,5.89,8.14,96.2,3.8,38.91,82.6,99.92,97.27,56.69,2244,1122,34,179
311500,Cascalho Rico,31,0.721,0.604,0.734,0.845,769.71,0.49,2.88,6.66,6.53,9.36,96.57,3.43,21.76,90.59,100.0,99.14,70.21,2857,1796,30,197
311510,Cássia,31,0.704,0.576,0.723,0.837,717.84,0.47,4.91,9.82,10.62,8.64,97.03,2.97,39.5,96.8,99.84,99.67,62.98,17412,14221,265,1334
311520,Conceição da Barra de Minas,31,0.685,0.59,0.668,0.815,511.91,0.49,11.85,26.76,8.28,7.44,93.52,6.48,43.76,85.25,99.18,97.89,49.73,3954,2793,50,291
311530,Cataguases,31,0.751,0.685,0.718,0.861,699.57,0.5,8.03,17.85,5.67,9.38,98.14,1.86,23.85,99.49,99.97,99.11,66.1,69757,66780,816,4585
311535,Catas Altas,31,0.684,0.582,0.665,0.828,502.15,0.39,7.73,15.32,6.17,9.76,98.56,1.44,32.76,92.29,100.0,99.42,67.14,4846,4240,92,413
311540,Catas Altas da Noruega,31,0.6,0.46,0.588,0.799,309.82,0.44,31.51,53.91,13.56,8.56,98.33,1.67,57.28,74.15,99.53,96.81,51.08,3462,1429,45,268
311545,Catuji,31,0.54,0.382,0.534,0.771,221.41,0.54,50.15,65.19,24.52,6.99,95.69,4.31,61.63,59.07,88.91,94.97,44.45,6708,1692,118,712
311547,Catuti,31,0.621,0.549,0.563,0.773,265.76,0.5,37.89,56.71,27.99,10.89,98.27,1.73,48.4,89.23,99.22,97.56,76.94,5102,2978,87,477
311550,Caxambu,31,0.743,0.629,0.77,0.848,963.25,0.65,7.91,16.51,5.97,9.57,98.99,1.01,26.37,98.78,99.82,98.23,60.44,21705,21252,300,1577
311560,Cedro do Abaeté,31,0.678,0.608,0.641,0.801,431.2,0.39,11.92,21.79,14.16,9.83,100.0,0.0,24.41,95.51,99.82,90.96,72.28,1210,1033,18,104
311570,Central de Minas,31,0.665,0.54,0.663,0.823,494.1,0.59,19.16,32.27,20.01,9.22,97.69,2.31,54.78,97.25,99.54,92.7,67.52,6772,5594,111,556
311580,Centralina,31,0.678,0.558,0.654,0.853,468.15,0.39,8.77,14.52,11.88,9.01,95.94,4.06,29.73,98.18,99.61,98.65,67.32,10266,9314,119,737
311590,Chácara,31,0.664,0.512,0.65,0.878,456.42,0.43,14.64,29.7,11.59,9.13,97.47,2.53,38.36,87.36,100.0,100.0,49.82,2792,1903,35,209
311600,Chalé,31,0.655,0.561,0.636,0.787,418.8,0.45,18.56,30.07,16.32,8.67,98.09,1.91,39.93,84.26,98.8,98.05,64.92,5645,2784,76,428
311610,Chapada do Norte,31,0.598,0.469,0.571,0.798,279.92,0.47,34.05,48.57,24.88,9.24,97.59,2.41,57.96,51.27,96.1,89.25,61.17,15189,5694,260,1645
311615,Chapada Gaúcha,31,0.635,0.546,0.573,0.82,282.53,0.51,35.32,45.51,16.76,8.38,97.81,2.19,31.03,70.01,95.67,89.44,56.28,10805,5761,213,1144
311620,Chiador,31,0.711,0.559,0.742,0.868,808.78,0.61,7.74,17.86,11.27,8.86,100.0,0.0,39.1,96.15,100.0,99.14,55.13,2785,1486,42,196
311630,Cipotânea,31,0.579,0.437,0.592,0.75,317.62,0.5,33.54,52.96,12.83,8.78,94.53,5.47,51.8,74.24,94.74,97.04,67.4,6547,3014,78,500
311640,Claraval,31,0.698,0.584,0.687,0.848,575.11,0.42,7.04,12.22,8.0,9.82,96.71,3.29,24.66,79.9,99.86,100.0,70.86,4542,2530,68,375
311650,Claro dos Poções,31,0.67,0.625,0.601,0.799,337.07,0.42,20.98,36.2,16.85,9.68,97.05,2.95,21.86,89.53,96.84,94.89,76.03,7775,5251,121,600
311660,Cláudio,31,0.709,0.602,0.701,0.846,625.88,0.4,4.5,9.7,4.92,8.76,96.92,3.08,32.59,95.27,99.85,99.49,64.18,25771,21154,388,2007
311670,Coimbra,31,0.669,0.558,0.649,0.825,454.81,0.45,14.96,29.84,10.18,9.87,97.87,2.13,50.11,98.33,99.73,99.61,66.81,7054,5156,81,565
311680,Coluna,31,0.583,0.43,0.59,0.782,315.0,0.5,34.48,54.05,20.77,7.28,94.53,5.47,60.74,75.3,97.33,91.84,49.35,9024,3814,153,839
311690,Comendador Gomes,31,0.697,0.566,0.703,0.85,635.2,0.45,7.2,13.71,8.71,9.57,96.93,3.07,31.22,97.21,98.02,100.0,73.52,2972,1508,46,227
311700,Comercinho,31,0.593,0.462,0.566,0.797,271.4,0.49,38.84,56.26,23.74,8.36,99.06,0.94,50.01,74.0,93.61,92.17,54.98,8298,3547,113,730
311710,Conceição da Aparecida,31,0.691,0.566,0.688,0.847,579.34,0.45,11.07,20.69,8.94,10.48,98.88,1.12,41.93,87.73,100.0,99.83,73.68,9820,6199,163,783
311720,Conceição das Pedras,31,0.668,0.566,0.642,0.821,434.68,0.48,16.93,30.85,9.52,7.32,96.02,3.98,44.32,83.27,99.83,100.0,47.7,2749,1509,29,179
311730,Conceição das Alagoas,31,0.712,0.57,0.734,0.862,770.02,0.51,4.76,8.66,8.71,8.32,95.6,4.4,36.57,97.77,99.85,98.06,56.96,23043,20880,367,1816
311740,Conceição de Ipanema,31,0.676,0.565,0.664,0.825,497.4,0.54,20.41,35.32,15.2,8.69,98.47,1.53,52.0,82.49,99.24,97.59,64.93,4456,1523,69,334
311750,Conceição do Mato Dentro,31,0.634,0.517,0.622,0.794,384.42,0.49,25.13,42.3,17.87,9.44,97.92,2.08,47.26,81.23,95.39,83.8,62.4,17908,12269,274,1675
311760,Conceição do Pará,31,0.7,0.588,0.687,0.85,576.48,0.42,4.69,10.01,9.27,8.12,98.22,1.78,28.48,94.47,99.4,98.31,62.66,5158,2015,59,395
311770,Conceição do Rio Verde,31,0.665,0.522,0.675,0.834,533.38,0.53,12.18,23.18,13.09,9.09,95.25,4.75,44.32,95.84,99.79,98.87,59.9,12949,11454,191,1088
311780,Conceição dos Ouros,31,0.703,0.618,0.668,0.842,509.52,0.39,8.36,15.69,6.85,9.06,97.95,2.05,29.13,96.58,99.85,100.0,63.9,10388,8123,133,806
311783,Cônego Marinho,31,0.621,0.544,0.55,0.799,245.64,0.52,42.33,59.43,18.82,10.29,98.65,1.35,40.27,65.52,96.67,70.92,72.15,7101,1915,134,708
311787,Confins,31,0.747,0.711,0.706,0.83,647.2,0.45,5.7,10.47,4.92,9.61,99.36,0.64,13.42,98.94,99.9,98.3,65.33,5936,5936,89,467
311790,Congonhal,31,0.712,0.626,0.681,0.847,553.81,0.45,8.81,11.51,10.0,9.37,97.72,2.28,30.09,93.53,99.84,99.6,66.11,10468,7755,140,681
311800,Congonhas,31,0.753,0.665,0.732,0.877,760.35,0.5,6.67,14.53,4.5,9.42,99.14,0.86,25.1,95.04,99.81,98.88,60.48,48519,47236,618,3551
311810,Congonhas do Norte,31,0.568,0.433,0.566,0.746,270.3,0.48,37.79,61.72,26.4,8.18,93.89,6.11,55.79,87.08,93.26,70.25,54.57,4943,2598,107,502
311820,Conquista,31,0.729,0.618,0.714,0.877,678.21,0.45,5.23,11.59,10.34,9.81,99.66,0.34,28.64,95.78,99.86,97.88,70.9,6526,5671,97,479
311830,Conselheiro Lafaiete,31,0.761,0.697,0.736,0.86,781.59,0.49,5.95,10.98,3.54,9.7,98.73,1.27,21.7,98.98,99.9,98.07,65.77,116512,111266,1536,7992
311840,Conselheiro Pena,31,0.662,0.537,0.646,0.837,445.95,0.49,20.52,33.47,16.23,9.08,96.18,3.82,43.06,95.07,99.45,93.54,61.8,22242,17601,328,1817
311850,Consolação,31,0.673,0.602,0.627,0.806,395.33,0.37,13.17,23.95,13.03,10.25,98.23,1.77,39.96,77.86,100.0,100.0,76.85,1727,950,15,129
311860,Contagem,31,0.756,0.697,0.745,0.832,824.3,0.48,4.81,9.36,3.55,9.53,97.4,2.6,19.05,99.61,99.95,99.57,66.83,603442,601400,7830,43422
311870,Coqueiral,31,0.694,0.601,0.663,0.838,495.77,0.49,13.64,24.75,8.34,9.61,97.4,2.6,34.6,94.87,100.0,99.72,64.9,9289,6588,130,746
311880,Coração de Jesus,31,0.642,0.57,0.575,0.808,287.28,0.49,35.73,51.62,18.24,9.62,96.73,3.27,33.72,62.05,97.68,55.76,70.58,26033,14766,398,2219
311890,Cordisburgo,31,0.656,0.558,0.644,0.786,440.09,0.46,15.81,35.04,10.83,8.28,94.57,5.43,47.59,90.52,99.49,92.67,62.82,8667,5961,108,594
311900,Cordislândia,31,0.66,0.544,0.654,0.807,468.59,0.45,10.4,19.62,14.08,8.71,95.66,4.34,43.76,98.4,99.71,100.0,64.14,3435,2757,45,286
311910,Corinto,31,0.68,0.562,0.664,0.842,499.56,0.53,18.29,34.12,10.13,8.45,97.49,2.51,39.31,91.83,99.45,94.76,61.75,23914,21194,343,1949
311920,Coroaci,31,0.626,0.493,0.613,0.811,362.9,0.52,29.36,45.65,15.49,8.23,96.9,3.1,45.16,86.83,98.11,90.88,55.71,10270,5181,151,839
311930,Coromandel,31,0.708,0.565,0.73,0.86,753.35,0.51,3.75,7.45,8.06,8.06,96.4,3.6,36.18,89.24,98.56,95.5,56.4,27547,21665,340,1951
311940,Coronel Fabriciano,31,0.755,0.696,0.715,0.865,685.48,0.48,7.92,14.59,6.08,9.29,98.14,1.86,20.42,97.54,99.84,98.36,67.76,103694,102395,1450,7772
311950,Coronel Murta,31,0.627,0.543,0.578,0.784,291.66,0.49,36.56,58.42,19.75,8.59,98.69,1.31,38.17,78.87,98.17,84.89,53.68,9117,6693,118,778
311960,Coronel Pacheco,31,0.669,0.565,0.673,0.789,525.62,0.42,8.94,20.35,11.47,9.24,99.15,0.85,35.11,90.28,99.63,98.94,61.58,2983,2145,27,204
311970,Coronel Xavier Chaves,31,0.677,0.563,0.67,0.823,518.32,0.5,16.3,30.41,6.05,9.11,97.13,2.87,43.01,83.75,99.65,99.63,67.64,3301,1800,48,229
311980,Córrego Danta,31,0.692,0.575,0.683,0.844,561.81,0.47,7.99,17.75,9.19,8.35,100.0,0.0,32.89,94.37,99.7,98.61,54.07,3391,2088,44,243
311990,Córrego do Bom Jesus,31,0.692,0.592,0.665,0.84,501.15,0.38,8.77,21.79,12.22,10.56,96.85,3.15,34.35,71.33,100.0,100.0,72.33,3730,2049,47,235
311995,Córrego Fundo,31,0.678,0.597,0.657,0.795,477.36,0.32,4.37,6.72,9.5,9.55,97.45,2.55,33.36,91.54,99.93,94.36,72.71,5790,4430,88,435
312000,Córrego Novo,31,0.632,0.525,0.596,0.805,327.06,0.42,21.98,36.3,21.38,8.31,97.99,2.01,40.64,91.17,97.57,98.88,59.13,3127,2038,51,236
312010,Couto de Magalhães de Minas,31,0.659,0.592,0.6,0.807,333.91,0.46,26.08,42.38,11.44,9.26,98.8,1.2,38.41,90.72,99.85,93.48,66.07,4204,3835,40,337
312015,Crisólita,31,0.585,0.432,0.579,0.799,294.11,0.51,35.67,50.93,35.0,8.19,96.02,3.98,53.8,83.88,90.05,93.66,56.02,6047,3489,112,623
312020,Cristais,31,0.692,0.525,0.736,0.859,780.18,0.58,7.92,13.9,9.84,8.57,97.34,2.66,41.49,96.1,99.66,99.51,65.66,11286,8845,147,831
312030,Cristália,31,0.583,0.482,0.518,0.795,200.51,0.51,46.63,58.91,19.55,6.79,95.29,4.71,39.63,84.66,92.3,77.98,50.27,5760,3053,121,686
312040,Cristiano Otoni,31,0.695,0.626,0.651,0.823,458.68,0.44,15.04,28.5,6.03,9.36,99.7,0.3,34.15,93.99,100.0,97.89,61.74,5007,4156,88,442
312050,Cristina,31,0.668,0.55,0.645,0.842,442.25,0.44,14.64,25.82,9.34,8.66,97.01,2.99,39.71,83.5,99.54,100.0,61.64,10210,5955,136,742
312060,Crucilândia,31,0.651,0.518,0.653,0.816,464.17,0.43,14.22,30.72,13.78,8.99,98.66,1.34,53.5,88.59,99.94,99.27,62.03,4757,2979,61,325
312070,Cruzeiro da Fortaleza,31,0.696,0.562,0.72,0.832,707.8,0.59,8.98,18.96,10.83,9.22,97.07,2.93,33.62,91.63,99.92,99.67,56.84,3934,3361,52,318
312080,Cruzília,31,0.695,0.587,0.671,0.853,520.72,0.49,11.26,19.79,10.3,10.05,98.76,1.24,39.03,96.78,100.0,99.47,65.72,14591,13286,200,1114
312083,Cuparaque,31,0.627,0.497,0.621,0.798,381.64,0.46,20.18,30.29,21.52,8.8,96.38,3.62,45.94,95.27,99.65,95.5,66.98,4680,3885,84,397
312087,Curral de Dentro,31,0.585,0.462,0.571,0.759,279.64,0.52,39.98,54.47,24.36,8.48,96.18,3.82,53.1,95.65,98.4,87.65,55.22,6913,5837,125,698
312090,Curvelo,31,0.713,0.617,0.689,0.851,581.65,0.52,12.1,23.56,7.83,9.23,98.63,1.37,29.5,96.69,99.53,96.73,64.98,74219,67382,1095,5876
312100,Datas,31,0.616,0.524,0.59,0.756,313.84,0.42,24.02,39.09,10.63,9.54,97.97,2.03,46.91,80.8,98.83,94.93,62.92,5211,3088,89,464
312110,Delfim Moreira,31,0.669,0.552,0.649,0.837,454.36,0.45,16.69,28.67,9.19,8.41,96.1,3.9,41.7,67.69,99.31,99.51,57.77,7971,3025,100,608
312120,Delfinópolis,31,0.74,0.661,0.702,0.872,632.28,0.47,3.6,7.59,10.3,10.39,99.03,0.97,24.58,96.52,99.34,99.79,73.49,6830,4846,98,525
312125,Delta,31,0.639,0.481,0.672,0.808,523.34,0.38,5.63,10.57,13.12,6.61,94.46,5.54,44.25,99.62,99.88,99.62,37.01,8089,7584,134,648
312130,Descoberto,31,0.68,0.599,0.657,0.798,477.97,0.41,13.08,19.9,8.44,9.31,95.1,4.9,39.42,96.98,100.0,99.48,66.81,4768,4069,57,335
312140,Desterro de Entre Rios,31,0.639,0.536,0.607,0.802,348.88,0.41,22.07,36.59,14.29,9.19,97.11,2.89,38.16,81.83,99.53,97.03,59.7,7002,3596,91,459
312150,Desterro do Melo,31,0.631,0.503,0.618,0.809,373.25,0.46,24.83,43.68,17.64,9.27,100.0,0.0,45.69,76.67,99.56,99.45,55.66,3015,1390,32,194
312160,Diamantina,31,0.716,0.632,0.693,0.839,597.41,0.57,16.65,26.87,9.22,9.16,97.76,2.24,30.03,92.61,99.07,88.14,62.23,45880,40064,690,3742
312170,Diogo de Vasconcelos,31,0.601,0.464,0.578,0.811,291.48,0.5,33.72,55.48,17.31,7.48,97.57,2.43,55.39,88.04,99.62,98.84,50.97,3848,1099,66,338
312180,Dionísio,31,0.702,0.647,0.651,0.821,461.02,0.45,13.98,24.23,11.64,10.41,99.61,0.39,23.97,91.31,99.37,98.43,70.1,8739,7165,101,622
312190,Divinésia,31,0.657,0.559,0.645,0.785,441.49,0.4,11.13,18.62,9.21,9.16,96.5,3.5,43.8,99.04,98.87,99.49,67.24,3293,2175,42,247
312200,Divino,31,0.605,0.421,0.639,0.823,426.94,0.52,23.79,39.34,14.02,6.89,93.83,6.17,53.24,85.62,99.71,97.78,48.87,19133,10796,344,1786
312210,Divino das Laranjeiras,31,0.661,0.571,0.624,0.811,388.4,0.44,19.09,33.7,18.38,9.88,99.77,0.23,40.41,93.75,99.49,84.95,66.07,4937,4108,68,407
312220,Divinolândia de Minas,31,0.623,0.495,0.603,0.812,340.1,0.43,23.81,36.59,13.89,8.91,97.83,2.17,43.44,95.73,99.29,83.58,57.54,7024,5760,108,615
312230,Divinópolis,31,0.764,0.702,0.753,0.844,868.57,0.47,2.67,6.33,3.78,10.07,98.61,1.39,21.61,99.18,99.9,99.24,72.35,213016,207516,2613,14419
312235,Divisa Alegre,31,0.608,0.515,0.603,0.723,341.94,0.5,30.54,43.03,22.22,9.55,98.52,1.48,45.71,96.48,98.65,97.6,68.49,5884,5693,118,626
312240,Divisa Nova,31,0.67,0.57,0.66,0.801,484.91,0.39,9.21,17.75,13.91,9.51,97.27,2.73,45.02,91.88,99.65,99.15,67.58,5763,4659,79,478
312245,Divisópolis,31,0.609,0.489,0.577,0.802,290.45,0.45,32.95,50.73,25.61,9.61,98.85,1.15,53.02,84.65,98.17,97.75,59.85,8974,6403,136,767
312247,Dom Bosco,31,0.673,0.597,0.627,0.815,394.72,0.42,18.86,36.89,15.68,9.88,99.21,0.79,38.86,75.32,96.44,99.2,59.43,3814,2052,68,348
312250,Dom Cavati,31,0.688,0.63,0.66,0.784,485.9,0.44,13.21,25.48,12.49,10.26,99.38,0.62,35.0,96.3,99.91,97.39,77.75,5209,4607,67,424
312260,Dom Joaquim,31,0.622,0.482,0.61,0.819,355.58,0.52,28.58,45.78,16.65,9.41,98.93,1.07,51.87,87.62,81.23,87.1,63.36,4535,2922,74,383
312270,Dom Silvério,31,0.709,0.636,0.661,0.847,488.84,0.42,8.82,17.86,9.94,10.78,97.61,2.39,35.44,89.25,100.0,98.81,77.19,5196,4058,57,333
312280,Dom Viçoso,31,0.687,0.641,0.617,0.819,371.63,0.41,19.91,33.2,10.15,10.4,98.06,1.94,25.3,79.81,100.0,100.0,80.96,2994,998,35,204
312290,Dona Eusébia,31,0.701,0.598,0.684,0.841,563.76,0.41,5.57,12.43,8.59,9.15,98.68,1.32,36.77,95.64,99.94,99.25,59.03,6001,5133,71,413
312300,Dores de Campos,31,0.686,0.585,0.671,0.823,520.98,0.4,6.64,15.88,7.09,8.93,99.21,0.79,37.19,94.17,99.77,97.95,62.22,9299,8457,149,628
312310,Dores de Guanhães,31,0.636,0.512,0.612,0.821,361.09,0.49,27.63,44.7,19.24,9.72,97.93,2.07,51.46,65.0,98.32,95.8,65.16,5223,1622,88,479
312320,Dores do Indaiá,31,0.719,0.623,0.71,0.84,663.62,0.47,6.62,12.23,11.04,9.35,97.17,2.83,31.08,99.23,99.78,99.66,72.66,13778,12614,200,994
312330,Dores do Turvo,31,0.629,0.49,0.613,0.829,363.3,0.46,28.52,49.08,15.07,8.99,97.77,2.23,42.35,89.82,99.3,98.68,69.51,4462,2030,76,380
312340,Doresópolis,31,0.692,0.585,0.652,0.869,461.8,0.39,11.8,25.21,6.65,9.36,96.42,3.58,34.26,95.14,99.87,99.53,61.21,1440,1132,19,111
312350,Douradoquara,31,0.706,0.591,0.704,0.847,640.34,0.49,4.33,7.47,7.31,9.78,98.51,1.49,28.03,91.93,100.0,100.0,73.39,1841,1233,30,115
312352,Durandé,31,0.645,0.508,0.626,0.842,392.68,0.43,18.62,30.66,17.85,9.18,95.15,4.85,51.15,84.73,99.74,93.05,73.07,7423,3547,124,728
312360,Elói Mendes,31,0.685,0.558,0.688,0.838,577.5,0.46,10.46,18.64,11.35,8.79,97.26,2.74,38.66,97.23,99.76,99.45,64.41,25220,20374,397,2055
312370,Engenheiro Caldas,31,0.644,0.518,0.632,0.815,407.77,0.49,21.72,35.03,18.19,7.77,97.39,2.61,43.83,94.42,99.91,97.55,53.65,10280,8325,179,958
312380,Engenheiro Navarro,31,0.655,0.594,0.599,0.791,332.37,0.43,22.65,36.37,17.48,10.38,98.59,1.41,34.03,83.37,99.64,92.83,70.22,7122,4750,111,585
312385,Entre Folhas,31,0.634,0.521,0.617,0.792,373.1,0.47,23.07,37.89,14.28,10.07,97.8,2.2,47.07,95.51,99.63,96.37,72.29,5175,3889,81,423
312390,Entre Rios de Minas,31,0.672,0.563,0.673,0.802,527.33,0.5,15.36,27.72,8.06,9.21,99.59,0.41,42.27,93.53,99.29,98.61,61.53,14242,9878,178,993
312400,Ervália,31,0.625,0.46,0.64,0.828,429.35,0.46,17.66,31.51,15.03,8.86,93.54,6.46,60.72,90.23,99.92,99.03,65.83,17946,9470,256,1412
312410,Esmeraldas,31,0.671,0.567,0.649,0.822,452.62,0.43,14.04,23.98,8.6,8.91,97.26,2.74,37.31,93.97,99.1,89.39,62.07,60271,56215,1015,5583
312420,Espera Feliz,31,0.663,0.52,0.663,0.846,496.04,0.5,17.27,30.11,13.92,9.19,96.86,3.14,51.88,90.44,100.0,99.37,67.19,22856,14174,353,1919
312430,Espinosa,31,0.627,0.526,0.582,0.804,299.13,0.45,29.03,44.07,23.34,8.88,95.68,4.32,43.09,80.0,97.05,85.45,65.8,31113,18023,468,2585
312440,Espírito Santo do Dourado,31,0.685,0.576,0.66,0.847,486.55,0.37,8.25,17.33,11.22,9.54,99.17,0.83,29.79,79.66,99.89,99.83,69.49,4429,1683,45,271
312450,Estiva,31,0.691,0.573,0.679,0.848,547.01,0.39,4.87,11.41,9.19,9.17,95.55,4.45,33.87,84.65,99.91,100.0,69.86,10845,4899,139,726
312460,Estrela Dalva,31,0.71,0.574,0.719,0.867,701.83,0.59,12.53,26.52,16.32,9.88,98.12,1.88,37.97,89.23,99.61,99.67,65.97,2470,1781,32,168
312470,Estrela do Indaiá,31,0.676,0.521,0.679,0.875,547.21,0.46,8.82,18.05,13.52,9.41,97.42,2.58,50.46,91.02,100.0,94.2,68.36,3516,2777,52,240
312480,Estrela do Sul,31,0.696,0.579,0.694,0.84,600.41,0.44,5.45,8.78,11.34,9.42,96.7,3.3,32.14,92.76,99.0,94.9,66.8,7446,6057,98,570
312490,Eugenópolis,31,0.675,0.551,0.66,0.846,486.46,0.44,15.77,27.68,12.14,9.56,97.67,2.33,38.61,94.46,99.95,99.54,67.2,10540,7405,137,706
312500,Ewbank da Câmara,31,0.676,0.601,0.625,0.823,391.34,0.37,8.51,14.45,10.36,9.38,96.79,3.21,29.93,99.45,99.61,99.91,65.66,3753,3459,61,293
312510,Extrema,31,0.732,0.633,0.729,0.849,745.21,0.4,2.36,4.6,6.22,9.59,97.49,2.51,29.55,89.87,99.96,99.41,67.57,28599,26023,372,2108
312520,Fama,31,0.717,0.61,0.7,0.863,624.24,0.45,7.5,16.86,9.95,10.16,98.84,1.16,40.88,93.41,99.78,99.88,69.22,2350,1515,25,162
312530,Faria Lemos,31,0.687,0.598,0.678,0.8,544.77,0.51,13.0,26.69,14.38,9.93,97.98,2.02,43.34,94.64,99.51,100.0,64.43,3376,2332,47,261
312540,Felício dos Santos,31,0.606,0.494,0.568,0.794,274.2,0.46,37.83,58.96,17.43,9.3,97.7,2.3,52.14,88.82,99.52,91.03,53.22,5142,2229,82,499
312550,São Gonçalo do Rio Preto,31,0.64,0.542,0.593,0.815,321.22,0.44,25.76,42.92,17.5,9.63,98.42,1.58,30.7,71.23,99.81,89.81,68.53,3056,1954,34,249
312560,Felisburgo,31,0.583,0.462,0.577,0.744,290.8,0.51,35.86,53.5,27.39,9.45,95.98,4.02,45.05,91.87,96.31,91.81,60.32,6877,5088,104,630
312570,Felixlândia,31,0.648,0.514,0.651,0.815,459.52,0.45,12.69,21.75,10.23,8.68,97.98,2.02,45.64,89.04,98.78,97.64,59.03,14121,10922,220,1151
312580,Fernandes Tourinho,31,0.646,0.55,0.608,0.807,351.58,0.42,21.27,40.51,21.69,8.81,99.57,0.43,36.89,97.34,99.28,91.35,61.6,3030,2016,37,239
312590,Ferros,31,0.603,0.428,0.625,0.821,392.08,0.52,27.17,45.81,21.61,8.79,97.91,2.09,60.82,64.52,95.1,62.45,57.67,10837,5091,160,903
312595,Fervedouro,31,0.58,0.42,0.583,0.796,301.55,0.48,31.07,47.79,15.15,8.01,96.1,3.9,61.66,78.85,99.02,97.52,51.75,10349,4764,149,898
312600,Florestal,31,0.724,0.617,0.728,0.845,741.46,0.48,6.58,13.66,6.47,9.79,98.82,1.18,28.52,94.64,100.0,97.95,60.76,6600,5504,93,491
312610,Formiga,31,0.755,0.676,0.729,0.874,746.8,0.48,4.91,10.26,6.15,9.5,97.4,2.6,23.42,97.16,99.94,99.18,74.72,65128,59487,800,4295
312620,Formoso,31,0.64,0.51,0.616,0.834,370.41,0.54,30.59,42.6,19.32,8.57,96.44,3.56,34.63,84.09,88.37,89.34,55.67,8177,5173,140,736
312630,Fortaleza de Minas,31,0.67,0.546,0.683,0.805,562.53,0.42,9.29,19.56,9.07,7.69,86.77,13.23,32.64,89.18,99.77,100.0,62.47,4098,2950,58,326
312640,Fortuna de Minas,31,0.696,0.613,0.651,0.845,459.52,0.41,10.45,25.66,8.7,9.29,98.62,1.38,22.95,86.34,100.0,99.12,73.29,2705,1865,26,209
312650,Francisco Badaró,31,0.622,0.527,0.575,0.793,286.56,0.46,33.0,48.05,22.41,9.9,98.56,1.44,40.93,78.24,97.21,94.64,66.51,10248,3191,132,872
312660,Francisco Dumont,31,0.625,0.513,0.596,0.797,326.7,0.45,24.43,40.06,18.77,8.51,96.36,3.64,37.72,59.49,98.48,84.18,63.19,4863,3197,114,456
312670,Francisco Sá,31,0.654,0.572,0.605,0.808,344.32,0.53,31.55,45.29,20.91,10.17,98.82,1.18,41.66,76.67,97.72,82.64,71.55,24912,14897,402,2185
312675,Franciscópolis,31,0.603,0.471,0.581,0.802,296.76,0.51,35.93,54.46,30.52,8.36,97.86,2.14,54.97,78.83,94.91,95.5,53.24,5800,2398,113,619
312680,Frei Gaspar,31,0.59,0.452,0.569,0.799,275.62,0.43,30.53,47.49,28.51,8.36,96.81,3.19,55.17,89.09,97.43,90.17,51.03,5879,1916,89,568
312690,Frei Inocêncio,31,0.648,0.559,0.624,0.779,389.61,0.46,21.44,34.4,17.59,10.16,98.25,1.75,37.07,88.63,98.15,96.88,70.64,8920,6764,165,840
312695,Frei Lagonegro,31,0.543,0.412,0.519,0.749,201.83,0.5,50.13,67.05,22.37,7.26,96.58,3.42,53.7,78.27,99.33,94.19,44.15,3329,618,67,341
312700,Fronteira,31,0.684,0.53,0.693,0.871,598.68,0.43,4.51,6.95,10.54,8.84,96.27,3.73,37.26,97.79,99.84,98.99,68.0,14041,13095,210,1079
312705,Fronteira dos Vales,31,0.592,0.46,0.556,0.813,255.11,0.46,35.0,49.69,30.77,8.2,97.02,2.98,45.64,81.73,95.25,84.0,54.47,4687,3038,84,426
312707,Fruta de Leite,31,0.544,0.37,0.548,0.792,241.93,0.47,38.78,54.46,33.97,8.88,94.71,5.29,57.71,54.69,95.08,82.34,61.59,5940,2036,102,626
312710,Frutal,31,0.73,0.615,0.73,0.865,752.01,0.47,5.28,9.53,6.53,8.64,97.58,2.42,30.28,96.35,99.84,99.24,61.61,53468,46089,716,3608
312720,Funilândia,31,0.655,0.545,0.612,0.844,360.59,0.46,20.55,28.72,13.03,8.88,97.47,2.53,34.97,90.51,99.77,98.19,62.62,3855,2029,69,356
312730,Galiléia,31,0.654,0.546,0.645,0.795,442.14,0.49,17.06,27.9,19.3,9.68,95.81,4.19,41.59,95.75,99.19,82.27,71.56,6951,5692,117,634
312733,Gameleiras,31,0.65,0.618,0.559,0.796,258.85,0.5,43.87,61.12,25.44,9.95,98.92,1.08,31.13,87.73,96.73,70.51,71.12,5139,1413,87,413
312735,Glaucilândia,31,0.679,0.667,0.579,0.812,293.97,0.43,28.58,39.25,13.07,8.14,99.75,0.25,24.3,72.8,99.56,94.94,59.65,2962,1048,45,230
312737,Goiabeira,31,0.647,0.539,0.628,0.799,398.14,0.47,22.82,39.99,22.3,6.95,96.74,3.26,47.6,96.67,99.78,91.18,54.4,3053,2473,49,249
312738,Goianá,31,0.716,0.644,0.682,0.835,558.09,0.47,11.13,29.26,10.52,9.46,99.31,0.69,24.1,96.86,100.0,100.0,57.56,3659,2969,57,252
312740,Gonçalves,31,0.683,0.57,0.671,0.833,519.03,0.45,10.76,17.9,13.38,10.98,98.95,1.05,36.63,58.85,99.46,100.0,81.42,4220,1164,62,323
312750,Gonzaga,31,0.606,0.516,0.558,0.774,258.04,0.5,39.93,51.21,19.4,10.41,98.84,1.16,40.48,86.15,99.43,95.58,72.31,5921,3237,101,582
312760,Gouveia,31,0.681,0.609,0.622,0.833,382.78,0.45,20.51,36.29,8.49,10.3,98.45,1.55,35.46,91.85,98.7,99.13,73.43,11681,8229,164,886
312770,Governador Valadares,31,0.727,0.644,0.714,0.834,678.74,0.52,9.97,18.29,7.58,9.47,97.23,2.77,25.83,98.49,99.87,98.1,65.93,263689,253300,3837,20796
312780,Grão Mogol,31,0.604,0.482,0.579,0.791,293.87,0.48,32.35,46.66,18.83,8.92,96.7,3.3,50.8,57.37,95.59,95.66,61.82,15024,5391,278,1462
312790,Grupiara,31,0.731,0.682,0.679,0.844,548.38,0.4,5.37,10.89,7.91,8.97,100.0,0.0,15.8,97.62,100.0,99.6,53.29,1373,1173,15,87
312800,Guanhães,31,0.686,0.576,0.683,0.82,560.99,0.56,18.2,30.83,11.89,8.86,98.45,1.55,39.83,94.17,98.84,96.74,60.32,31262,25421,463,2736
312810,Guapé,31,0.679,0.57,0.661,0.831,487.68,0.39,7.41,14.63,8.55,8.57,97.98,2.02,32.33,90.05,99.6,99.8,53.99,13872,7174,195,1087
312820,Guaraciaba,31,0.623,0.493,0.618,0.794,373.48,0.48,23.01,38.2,17.89,8.38,97.35,2.65,48.12,84.88,98.55,99.34,58.12,10223,3218,121,748
312825,Guaraciama,31,0.677,0.655,0.586,0.807,306.99,0.4,23.9,35.84,17.55,9.95,95.77,4.23,22.41,81.64,98.35,97.54,74.07,4718,3025,71,359
312830,Guaranésia,31,0.701,0.589,0.693,0.845,598.17,0.41,5.77,12.98,11.24,9.69,97.63,2.37,35.97,98.93,100.0,99.27,65.98,18714,16836,239,1295
312840,Guarani,31,0.677,0.533,0.685,0.849,568.73,0.49,12.13,25.58,11.74,8.02,97.68,2.32,48.26,97.02,99.37,99.38,48.52,8678,6876,106,565
312850,Guarará,31,0.652,0.532,0.65,0.802,457.9,0.41,11.42,23.11,8.59,8.41,99.35,0.65,44.66,98.18,100.0,100.0,58.22,3929,3487,68,298
312860,Guarda-Mor,31,0.69,0.558,0.709,0.829,660.72,0.53,10.15,17.76,10.56,9.56,97.84,2.16,35.51,81.22,98.49,99.9,63.66,6565,3688,100,538
312870,Guaxupé,31,0.751,0.659,0.729,0.88,746.7,0.49,4.21,9.52,5.98,9.17,96.74,3.26,29.21,99.35,99.98,99.39,63.85,49430,46480,651,3333
312880,Guidoval,31,0.683,0.569,0.669,0.837,512.85,0.38,6.56,12.31,10.95,9.83,97.91,2.09,43.54,95.37,99.9,99.0,70.59,7206,5199,74,486
312890,Guimarânia,31,0.693,0.592,0.681,0.825,552.31,0.48,9.63,19.63,9.1,7.88,97.69,2.31,32.32,92.07,100.0,99.69,52.65,7265,5924,113,590
312900,Guiricema,31,0.674,0.576,0.654,0.812,469.56,0.42,13.1,27.3,12.9,10.61,99.58,0.42,41.17,91.64,100.0,98.51,75.13,8707,4225,104,577
312910,Gurinhatã,31,0.68,0.525,0.691,0.865,587.76,0.49,10.42,13.71,14.85,9.81,97.13,2.87,36.74,87.63,97.46,98.94,73.89,6137,2692,81,415
312920,Heliodora,31,0.657,0.527,0.656,0.822,474.0,0.41,8.98,19.22,12.98,8.57,97.0,3.0,51.14,88.98,99.93,99.83,60.76,6121,4430,69,448
312930,Iapu,31,0.654,0.535,0.639,0.819,427.85,0.5,19.37,32.81,16.35,8.64,97.02,2.98,44.29,95.88,99.88,97.9,61.09,10315,7164,152,833
312940,Ibertioga,31,0.657,0.56,0.606,0.834,347.21,0.43,22.03,39.59,13.9,8.5,98.99,1.01,44.17,90.96,99.94,96.22,64.21,5036,3457,64,352
312950,Ibiá,31,0.718,0.573,0.736,0.877,781.68,0.55,6.28,10.84,6.45,9.1,97.87,2.13,39.93,96.78,99.39,99.53,68.42,23218,19646,315,1711
312960,Ibiaí,31,0.614,0.516,0.565,0.795,269.24,0.48,36.3,47.82,18.7,8.92,96.98,3.02,41.12,81.32,96.23,78.62,58.56,7839,6004,134,743
312965,Ibiracatu,31,0.591,0.489,0.537,0.786,225.72,0.5,44.38,62.19,25.54,9.17,97.95,2.05,45.75,83.59,98.33,88.24,57.94,6155,3123,103,602
312970,Ibiraci,31,0.706,0.591,0.696,0.855,609.71,0.42,3.99,8.12,9.34,9.88,93.42,6.58,32.53,97.56,99.51,99.89,72.34,12176,8208,185,964
312980,Ibirité,31,0.704,0.616,0.673,0.84,525.64,0.42,7.9,13.39,5.96,9.37,97.45,2.55,27.26,99.29,99.84,98.21,67.1,158954,158590,2576,14347
312990,Ibitiúra de Minas,31,0.674,0.579,0.658,0.802,479.81,0.4,12.15,26.07,11.57,8.86,92.37,7.63,32.43,86.28,100.0,99.68,70.25,3382,2370,44,257
313000,Ibituruna,31,0.675,0.584,0.639,0.823,426.36,0.42,11.53,22.46,10.62,8.33,98.64,1.36,36.14,98.15,100.0,99.56,46.58,2866,2485,37,256
313005,Icaraí de Minas,31,0.624,0.533,0.57,0.799,277.4,0.5,37.63,57.27,15.32,8.3,95.43,4.57,42.26,79.83,98.23,84.59,57.79,10746,2986,230,1034
313010,Igarapé,31,0.698,0.588,0.686,0.844,570.58,0.45,10.82,19.19,7.3,8.94,96.5,3.5,29.35,97.09,100.0,94.7,57.98,34851,32661,544,3141
313020,Igaratinga,31,0.651,0.481,0.682,0.842,556.96,0.37,5.32,11.05,7.13,8.26,93.89,6.11,46.71,93.07,99.72,98.78,66.35,9264,7677,131,763
313030,Iguatama,31,0.707,0.616,0.695,0.825,604.59,0.43,3.63,8.18,5.56,10.11,97.7,2.3,30.2,95.08,99.86,98.35,69.64,8029,6715,91,481
313040,Ijaci,31,0.714,0.654,0.663,0.84,495.95,0.41,7.03,12.8,6.87,9.69,98.57,1.43,27.58,97.22,99.95,96.23,69.15,5859,5605,102,473
313050,Ilicínea,31,0.68,0.571,0.665,0.827,500.79,0.39,6.93,13.78,9.49,7.37,97.9,2.1,40.69,90.94,100.0,99.58,49.96,11488,9096,155,936
313055,Imbé de Minas,31,0.553,0.397,0.572,0.744,281.68,0.44,29.74,44.29,17.28,7.73,97.68,2.32,62.08,89.95,99.51,96.42,57.54,6424,2046,119,611
313060,Inconfidentes,31,0.692,0.572,0.688,0.843,579.13,0.48,9.37,17.44,8.55,8.51,95.64,4.36,36.32,80.01,99.91,99.91,57.85,6908,3678,95,426
313065,Indaiabira,31,0.61,0.49,0.575,0.804,286.93,0.48,34.04,49.61,32.13,8.73,97.72,2.28,49.0,71.76,94.31,90.41,56.19,7330,2742,117,682
313070,Indianópolis,31,0.674,0.554,0.664,0.834,499.36,0.4,8.16,14.44,10.96,9.95,98.18,1.82,47.84,93.84,99.95,98.13,64.62,6190,4056,102,512
313080,Ingaí,31,0.697,0.569,0.694,0.858,602.08,0.52,8.11,16.84,8.16,7.92,98.58,1.42,31.84,88.01,100.0,98.57,55.03,2629,1630,37,197
313090,Inhapim,31,0.658,0.535,0.642,0.829,434.81,0.52,22.35,36.09,15.27,8.97,97.9,2.1,38.53,85.22,98.41,80.08,64.35,24294,13993,330,2014
313100,Inhaúma,31,0.702,0.624,0.657,0.845,477.55,0.44,10.65,18.68,8.65,9.54,99.4,0.6,26.25,93.58,99.81,98.65,60.22,5760,4206,88,496
313110,Inimutaba,31,0.664,0.579,0.625,0.81,389.93,0.42,17.97,34.59,12.33,9.89,98.3,1.7,35.68,82.88,99.34,97.6,71.69,6724,4743,99,543
313115,Ipaba,31,0.665,0.562,0.63,0.829,403.9,0.4,15.13,25.78,11.68,8.86,98.63,1.37,32.35,95.27,98.43,98.68,64.15,16708,15028,292,1578
313120,Ipanema,31,0.693,0.586,0.67,0.848,518.1,0.53,17.14,31.75,14.2,9.97,98.53,1.47,42.31,89.49,99.19,98.57,72.17,18170,14200,264,1425
313130,Ipatinga,31,0.771,0.705,0.752,0.864,862.91,0.52,5.92,11.87,5.01,9.68,97.85,2.15,19.27,98.14,99.93,99.85,71.9,239468,236968,3238,17225
313140,Ipiaçu,31,0.696,0.61,0.68,0.814,550.98,0.43,6.43,12.22,15.98,10.26,98.69,1.31,25.87,99.57,100.0,100.0,71.21,4107,3741,47,286
313150,Ipuiúna,31,0.686,0.516,0.723,0.866,719.24,0.53,7.0,13.9,11.94,7.55,97.57,2.43,46.03,86.22,99.76,99.34,54.36,9521,7448,122,685
313160,Iraí de Minas,31,0.695,0.563,0.705,0.847,642.98,0.48,6.02,10.74,8.59,8.69,94.98,5.02,36.15,89.02,100.0,99.41,62.13,6467,5158,103,517
313170,Itabira,31,0.756,0.678,0.729,0.873,744.61,0.51,7.46,14.28,6.34,9.65,98.74,1.26,22.44,95.94,99.81,98.69,64.26,109783,102316,1406,7930
313180,Itabirinha,31,0.653,0.531,0.625,0.838,390.33,0.47,23.94,41.38,20.45,7.57,96.25,3.75,36.96,94.43,99.47,96.72,53.02,10692,8370,141,843
313190,Itabirito,31,0.73,0.638,0.737,0.828,784.55,0.47,3.08,6.44,4.0,9.8,99.44,0.56,24.89,94.41,99.94,99.21,65.21,45449,43566,576,3314
313200,Itacambira,31,0.628,0.55,0.57,0.791,277.92,0.5,39.05,57.69,16.05,8.63,95.24,4.76,29.77,64.69,96.27,89.06,66.0,4988,1006,63,435
313210,Itacarambi,31,0.641,0.564,0.593,0.787,321.22,0.5,31.15,42.76,17.7,8.23,97.63,2.37,36.5,80.96,97.32,97.48,55.16,17720,13799,311,1804
313220,Itaguara,31,0.691,0.567,0.697,0.836,610.65,0.44,7.29,13.09,8.15,7.89,96.39,3.61,40.28,94.66,99.96,99.66,50.27,12372,9526,146,845
313230,Itaipé,31,0.552,0.388,0.57,0.759,277.8,0.49,35.21,52.35,24.97,7.64,95.3,4.7,59.66,82.6,96.29,94.2,43.98,11798,4943,238,1341
313240,Itajubá,31,0.787,0.718,0.767,0.884,948.2,0.55,4.98,11.14,3.92,9.48,98.13,1.87,16.85,96.55,99.92,99.73,64.09,90658,82764,1132,6239
313250,Itamarandiba,31,0.646,0.547,0.618,0.798,374.21,0.52,27.56,41.49,18.71,9.07,97.32,2.68,37.13,84.61,97.8,87.0,62.36,32175,21988,592,3232
313260,Itamarati de Minas,31,0.688,0.572,0.677,0.841,540.7,0.39,4.13,9.49,7.51,9.18,97.57,2.43,30.71,92.46,100.0,100.0,55.04,4079,3210,39,225
313270,Itambacuri,31,0.634,0.527,0.616,0.784,370.48,0.51,27.31,42.09,21.26,8.66,98.16,1.84,42.36,91.66,97.39,91.63,60.18,22809,15119,362,2145
313280,Itambé do Mato Dentro,31,0.634,0.513,0.605,0.823,345.17,0.42,24.3,44.25,19.02,7.16,97.34,2.66,42.28,73.74,99.53,97.15,46.28,2283,908,25,148
313290,Itamogi,31,0.674,0.568,0.665,0.81,502.2,0.41,10.58,20.59,10.72,9.03,96.82,3.18,39.91,96.12,99.92,99.66,62.72,10349,7759,119,706
313300,Itamonte,31,0.705,0.591,0.695,0.853,604.91,0.47,7.56,15.06,6.01,8.85,98.51,1.49,33.79,74.13,98.96,99.44,60.19,14003,9612,186,1002
313310,Itanhandu,31,0.739,0.643,0.72,0.871,706.47,0.48,6.52,12.04,4.63,9.48,97.3,2.7,21.44,94.83,99.84,99.61,66.04,14175,11925,191,990
313320,Itanhomi,31,0.65,0.503,0.656,0.831,474.77,0.55,21.76,31.87,17.47,9.76,97.54,2.46,44.87,92.53,99.54,95.65,74.62,11856,8570,174,942
313330,Itaobim,31,0.629,0.516,0.613,0.787,362.88,0.51,30.77,48.59,20.96,8.59,98.72,1.28,44.67,85.0,98.63,98.09,55.95,21001,15779,348,1878
313340,Itapagipe,31,0.723,0.603,0.728,0.861,741.95,0.45,5.28,9.96,6.52,9.27,96.95,3.05,26.74,95.98,99.74,99.74,67.18,13656,9558,173,842
313350,Itapecerica,31,0.713,0.618,0.692,0.846,594.71,0.44,8.1,16.76,11.02,9.03,97.87,2.13,29.82,91.67,99.73,99.43,67.45,21377,16503,236,1377
313360,Itapeva,31,0.72,0.607,0.699,0.878,620.04,0.42,5.63,9.82,10.38,8.81,97.96,2.04,31.31,89.84,99.59,99.17,66.72,8664,4511,131,663
313370,Itatiaiuçu,31,0.677,0.563,0.661,0.833,490.54,0.4,7.45,14.62,9.62,8.22,96.7,3.3,30.53,84.61,99.43,99.52,50.78,9928,6221,141,780
313375,Itaú de Minas,31,0.776,0.711,0.761,0.862,913.39,0.56,4.09,8.53,4.96,9.4,98.88,1.12,18.45,99.31,100.0,99.81,61.09,14945,14562,196,1066
313380,Itaúna,31,0.758,0.685,0.749,0.85,847.74,0.48,2.75,6.12,4.17,9.56,98.17,1.83,22.67,99.31,99.98,99.97,65.87,85463,80451,1005,5907
313390,Itaverava,31,0.627,0.496,0.613,0.811,363.06,0.47,25.72,40.94,15.56,9.03,97.34,2.66,54.18,77.27,99.36,89.39,58.01,5799,2565,86,507
313400,Itinga,31,0.6,0.484,0.559,0.797,260.0,0.5,39.99,60.07,22.18,9.35,96.83,3.17,49.51,77.77,96.65,94.39,56.77,14407,6554,260,1441
313410,Itueta,31,0.635,0.485,0.64,0.825,429.77,0.51,22.64,38.4,15.34,10.04,98.23,1.77,57.25,87.45,99.72,97.66,70.6,5830,3299,95,463
313420,Ituiutaba,31,0.739,0.644,0.745,0.84,824.46,0.5,4.16,9.16,8.45,9.8,98.07,1.93,26.18,98.82,99.87,99.4,69.38,97171,93125,1238,6303
313430,Itumirim,31,0.726,0.675,0.675,0.84,533.39,0.52,11.97,22.1,5.92,11.04,98.49,1.51,27.24,96.61,99.96,98.36,78.89,6139,4704,89,440
313440,Iturama,31,0.747,0.674,0.73,0.848,753.23,0.46,3.7,7.28,8.66,10.14,98.79,1.21,22.01,94.2,99.82,99.41,71.85,34456,32598,470,2610
313450,Itutinga,31,0.727,0.622,0.703,0.878,634.33,0.54,15.58,29.41,6.41,10.26,99.46,0.54,30.82,92.07,99.94,98.63,73.19,3913,2756,47,274
313460,Jaboticatubas,31,0.681,0.543,0.694,0.837,602.48,0.57,15.21,28.28,10.85,8.18,98.19,1.81,39.66,87.47,99.79,86.71,51.41,17134,10740,233,1336
313470,Jacinto,31,0.62,0.496,0.595,0.807,325.42,0.48,28.53,47.67,27.49,9.16,97.7,2.3,55.54,89.14,94.97,85.53,62.75,12134,9197,180,1014
313480,Jacuí,31,0.668,0.54,0.682,0.81,558.14,0.4,8.24,14.87,10.66,9.47,97.87,2.13,40.73,89.32,99.75,98.5,63.35,7502,4570,88,576
313490,Jacutinga,31,0.715,0.586,0.722,0.864,717.25,0.42,5.12,11.31,7.12,8.05,94.53,5.47,32.49,97.9,99.48,99.77,58.42,22772,19076,303,1646
313500,Jaguaraçu,31,0.679,0.548,0.667,0.856,508.65,0.41,9.79,20.23,10.33,9.32,99.07,0.93,50.32,92.0,99.41,100.0,68.12,2990,2138,39,242
313505,Jaíba,31,0.638,0.531,0.619,0.789,376.73,0.46,20.28,31.23,18.28,8.92,97.39,2.61,40.92,86.2,96.33,92.1,63.43,33587,17635,645,3378
313507,Jampruca,31,0.609,0.479,0.605,0.781,344.6,0.48,28.48,45.06,22.8,9.38,97.71,2.29,42.53,92.62,95.92,73.58,58.91,5067,3288,84,438
313510,Janaúba,31,0.696,0.649,0.654,0.796,468.29,0.53,18.98,29.12,14.23,9.69,98.45,1.55,29.78,95.84,99.43,92.98,67.72,66803,60570,1072,6021
313520,Januária,31,0.658,0.568,0.611,0.82,359.19,0.56,34.35,49.04,17.35,9.11,96.37,3.63,34.33,76.01,97.22,71.73,61.16,65463,41322,1105,6200
313530,Japaraíba,31,0.721,0.656,0.677,0.844,541.09,0.37,6.88,14.29,7.06,10.17,99.6,0.4,26.42,99.14,100.0,99.27,75.04,3939,2550,62,323
313535,Japonvar,31,0.608,0.514,0.556,0.786,254.77,0.46,37.13,48.18,22.08,9.63,97.77,2.23,39.97,94.84,97.35,88.47,68.78,8298,3050,124,743
313540,Jeceaba,31,0.661,0.544,0.629,0.844,401.99,0.47,23.27,32.34,8.07,9.08,98.4,1.6,41.68,75.64,98.94,92.82,63.19,5395,2988,66,378
313545,Jenipapo de Minas,31,0.624,0.52,0.588,0.793,309.77,0.46,28.11,42.58,23.08,9.39,99.12,0.88,39.54,63.2,98.95,90.69,59.35,7116,2883,122,740
313550,Jequeri,31,0.601,0.451,0.607,0.794,348.73,0.5,30.37,46.65,16.19,8.72,94.95,5.05,56.03,86.08,97.97,90.04,61.24,12848,7293,185,1015
313560,Jequitaí,31,0.643,0.552,0.605,0.797,345.53,0.47,27.69,43.42,19.89,9.03,97.91,2.09,36.0,76.16,98.52,80.32,63.72,8005,5504,118,656
313570,Jequitibá,31,0.689,0.492,0.777,0.854,1007.03,0.78,17.65,31.38,9.48,9.79,96.69,3.31,37.41,82.32,99.09,85.15,73.06,5156,1963,62,385
313580,Jequitinhonha,31,0.615,0.461,0.619,0.817,376.03,0.54,32.53,51.6,25.38,8.35,96.0,4.0,53.77,85.2,91.27,91.16,49.32,24131,17061,447,2337
313590,Jesuânia,31,0.658,0.507,0.675,0.831,533.26,0.5,10.43,17.69,11.06,9.48,97.06,2.94,47.21,92.24,99.95,99.7,61.05,4768,3094,62,339
313600,Joaíma,31,0.587,0.448,0.572,0.789,281.18,0.53,39.5,57.07,28.6,8.69,95.35,4.65,58.84,87.12,94.6,95.15,58.02,14941,10273,280,1480
313610,Joanésia,31,0.626,0.495,0.616,0.803,369.24,0.49,26.46,40.29,19.28,9.66,98.56,1.44,39.38,90.07,99.12,85.02,62.73,5425,2062,79,411
313620,João Monlevade,31,0.758,0.708,0.724,0.849,724.4,0.49,6.46,12.79,4.12,10.27,98.41,1.59,22.4,98.67,100.0,99.19,70.41,73610,73277,984,5217
313630,João Pinheiro,31,0.697,0.63,0.683,0.788,562.24,0.49,12.24,22.42,10.81,9.0,94.94,5.06,28.03,90.69,97.92,98.55,66.45,45260,36761,752,3962
313640,Joaquim Felício,31,0.637,0.489,0.642,0.824,433.58,0.53,20.21,39.44,15.52,7.39,97.48,2.52,57.86,69.82,96.31,88.22,48.48,4305,2526,75,357
313650,Jordânia,31,0.628,0.506,0.613,0.797,362.77,0.51,27.06,40.76,24.28,9.44,97.42,2.58,51.89,83.79,93.22,97.93,63.61,10324,7221,181,945
313652,José Gonçalves de Minas,31,0.632,0.553,0.597,0.764,328.27,0.41,21.85,33.9,19.34,8.08,99.23,0.77,37.6,63.67,99.26,91.43,47.17,4553,1138,61,427
313655,José Raydan,31,0.617,0.493,0.596,0.799,327.01,0.48,29.47,46.85,22.61,8.33,98.93,1.07,51.85,76.85,98.51,95.82,53.9,4376,1568,79,385
313657,Josenópolis,31,0.564,0.424,0.541,0.782,232.47,0.45,37.92,51.58,28.86,9.02,96.11,3.89,55.31,67.94,83.32,85.47,69.46,4566,2444,89,510
313660,Nova União,31,0.662,0.568,0.624,0.818,387.68,0.41,16.73,28.9,12.38,9.32,98.52,1.48,39.55,88.63,98.14,95.01,57.5,5555,2872,79,432
313665,Juatuba,31,0.717,0.649,0.67,0.849,517.18,0.47,12.24,21.76,8.54,8.51,98.8,1.2,32.9,95.05,99.91,93.27,51.39,22202,21827,381,1933
313670,Juiz de Fora,31,0.778,0.711,0.784,0.844,1050.88,0.56,5.48,12.3,3.25,9.91,98.31,1.69,20.95,97.98,99.77,99.13,67.73,516247,510378,6133,32649
313680,Juramento,31,0.669,0.617,0.601,0.808,335.93,0.43,20.77,34.26,16.17,9.66,99.11,0.89,25.35,61.8,98.83,96.11,66.23,4113,2272,69,349
313690,Juruaia,31,0.723,0.553,0.794,0.86,1122.1,0.64,3.45,7.13,6.42,8.45,95.45,4.55,45.12,69.24,99.79,99.89,61.28,9238,4514,142,693
313695,Juvenília,31,0.592,0.501,0.535,0.776,223.32,0.53,47.28,61.03,23.12,7.4,96.71,3.29,38.98,82.4,92.14,63.18,53.9,5708,4392,112,583
313700,Ladainha,31,0.541,0.391,0.537,0.754,226.72,0.56,50.74,69.99,29.69,7.88,91.94,8.06,66.09,81.65,94.27,90.53,52.23,16994,4310,364,1918
313710,Lagamar,31,0.718,0.637,0.692,0.839,592.95,0.5,9.36,17.64,11.07,9.8,99.38,0.62,23.29,86.49,99.15,96.64,72.27,7600,5128,110,524
313720,Lagoa da Prata,31,0.732,0.655,0.72,0.832,707.01,0.45,4.63,9.07,6.48,9.47,99.1,0.9,28.56,99.43,99.92,99.6,70.01,45984,44938,639,3528
313730,Lagoa dos Patos,31,0.634,0.556,0.593,0.773,321.11,0.44,24.57,37.32,15.99,8.93,98.87,1.13,41.08,77.98,97.68,95.26,57.96,4225,3079,70,388
313740,Lagoa Dourada,31,0.676,0.554,0.672,0.828,522.62,0.53,18.33,35.58,5.87,9.32,98.93,1.07,50.35,94.19,99.68,98.66,68.41,12256,6889,188,996
313750,Lagoa Formosa,31,0.703,0.582,0.717,0.832,693.25,0.49,5.61,11.38,10.95,9.61,98.69,1.31,37.4,94.89,99.98,99.56,74.06,17161,12967,263,1212
313753,Lagoa Grande,31,0.679,0.568,0.678,0.812,543.58,0.5,12.74,22.49,11.16,8.36,97.18,2.82,39.31,92.44,99.1,98.47,58.79,8631,6408,147,778
313760,Lagoa Santa,31,0.777,0.693,0.79,0.857,1089.96,0.58,4.37,8.66,4.7,9.48,97.01,2.99,23.4,98.46,99.96,98.38,67.94,52520,48949,768,4133
313770,Lajinha,31,0.661,0.541,0.659,0.81,482.87,0.51,17.51,29.06,17.05,9.36,98.25,1.75,46.51,86.38,99.64,95.43,71.14,19609,12250,336,1719
313780,Lambari,31,0.711,0.596,0.693,0.871,597.16,0.48,10.21,21.83,7.52,9.87,97.59,2.41,35.47,88.66,99.84,99.59,72.61,19554,14036,268,1420
313790,Lamim,31,0.655,0.546,0.623,0.828,386.1,0.46,25.13,45.99,13.22,10.54,100.0,0.0,51.26,84.08,99.23,93.69,64.4,3452,1511,40,274
313800,Laranjal,31,0.714,0.613,0.694,0.857,601.49,0.49,8.34,15.17,10.8,8.23,98.27,1.73,31.27,94.12,99.68,99.47,52.29,6465,4738,61,391
313810,Lassance,31,0.629,0.511,0.614,0.795,364.3,0.45,22.5,36.69,15.06,9.2,96.43,3.57,43.85,83.79,97.99,92.49,64.77,6484,3882,123,618
313820,Lavras,31,0.782,0.719,0.757,0.88,889.65,0.5,4.35,10.08,4.14,9.83,98.61,1.39,20.37,98.01,99.95,99.28,69.53,92200,87856,1201,6355
313830,Leandro Ferreira,31,0.71,0.579,0.707,0.875,649.92,0.46,6.61,15.1,11.77,8.72,97.79,2.21,31.86,94.75,99.52,98.67,63.35,3205,2152,40,259
313835,Leme do Prado,31,0.67,0.64,0.602,0.779,338.71,0.4,21.71,32.47,17.42,9.94,99.79,0.21,25.01,81.0,99.33,95.73,67.04,4804,1761,88,478
313840,Leopoldina,31,0.726,0.635,0.696,0.867,609.5,0.5,10.91,23.04,6.99,9.45,98.09,1.91,28.81,96.45,99.92,97.87,65.33,51130,45704,636,3543
313850,Liberdade,31,0.672,0.537,0.679,0.834,546.79,0.59,17.73,32.78,14.92,9.28,98.03,1.97,38.19,88.25,95.03,99.02,63.72,5346,3869,67,382
313860,Lima Duarte,31,0.71,0.59,0.705,0.861,645.22,0.59,14.08,28.1,11.01,9.73,98.49,1.51,36.02,89.01,98.1,98.04,66.09,16149,12363,209,1201
313862,Limeira do Oeste,31,0.71,0.62,0.693,0.834,595.92,0.46,10.96,16.02,12.62,9.02,98.83,1.17,25.98,90.29,96.69,96.93,63.33,6890,5017,105,534
313865,Lontra,31,0.646,0.577,0.589,0.794,312.77,0.5,30.93,46.74,22.22,9.51,97.86,2.14,31.33,91.85,99.44,86.52,70.98,8397,5630,121,739
313867,Luisburgo,31,0.608,0.455,0.61,0.809,355.95,0.52,32.91,48.37,14.96,8.85,94.88,5.12,57.27,76.89,99.65,99.81,70.22,6234,1836,122,586
313868,Luislândia,31,0.614,0.509,0.568,0.799,273.73,0.57,45.13,57.66,19.38,9.89,98.04,1.96,43.79,77.34,95.5,89.83,70.4,6400,2989,143,657
313870,Luminárias,31,0.678,0.578,0.656,0.821,474.29,0.41,9.89,20.83,9.34,10.17,99.23,0.77,35.93,93.77,99.51,99.21,73.7,5422,4166,85,437
313880,Luz,31,0.724,0.63,0.723,0.833,720.88,0.5,5.62,11.88,8.07,9.4,99.0,1.0,30.04,95.69,99.93,99.64,66.39,17486,15709,225,1228
313890,Machacalis,31,0.64,0.552,0.607,0.783,350.63,0.48,25.28,41.22,23.43,9.65,96.68,3.32,48.47,95.54,96.79,95.61,71.18,6976,5749,119,612
313900,Machado,31,0.715,0.6,0.719,0.848,701.58,0.51,7.62,14.94,8.07,8.67,96.21,3.79,33.82,96.88,99.85,99.68,65.46,38688,32068,595,3083
313910,Madre de Deus de Minas,31,0.699,0.598,0.667,0.856,508.21,0.51,16.79,26.57,6.83,7.77,98.29,1.71,29.14,89.83,99.62,98.02,53.22,4904,3732,58,326
313920,Malacacheta,31,0.618,0.505,0.609,0.768,353.28,0.53,34.45,55.77,25.22,8.19,95.85,4.15,47.29,89.09,96.51,86.2,53.02,18776,11818,317,1783
313925,Mamonas,31,0.618,0.537,0.565,0.779,269.87,0.45,32.8,52.37,28.53,10.49,98.46,1.54,42.0,86.86,99.76,86.53,74.64,6321,2812,83,430
313930,Manga,31,0.642,0.53,0.624,0.799,387.71,0.68,43.56,59.06,23.37,8.78,96.36,3.64,47.23,77.38,96.34,97.74,56.1,19813,13848,408,2222
313940,Manhuaçu,31,0.689,0.563,0.692,0.839,592.99,0.5,11.28,21.47,8.58,9.13,97.36,2.64,40.87,94.2,99.81,96.45,65.39,79574,64839,1308,6999
313950,Manhumirim,31,0.697,0.589,0.679,0.846,547.24,0.49,13.53,25.5,12.74,8.62,96.74,3.26,44.24,95.16,99.72,98.56,62.05,21382,17043,345,1796
313960,Mantena,31,0.675,0.575,0.666,0.803,505.08,0.51,19.7,30.82,15.43,9.2,96.63,3.37,39.92,95.47,98.75,97.32,70.0,27111,21258,397,2079
313970,Maravilhas,31,0.672,0.558,0.645,0.845,442.51,0.39,9.44,15.84,7.92,10.02,98.28,1.72,38.88,92.5,99.52,97.41,67.55,7163,4896,107,542
313980,Mar de Espanha,31,0.684,0.558,0.694,0.825,598.93,0.4,5.73,14.2,8.01,9.06,98.39,1.61,43.38,97.22,100.0,98.03,65.38,11749,10750,141,774
313990,Maria da Fé,31,0.702,0.637,0.646,0.842,445.11,0.48,17.14,25.87,7.79,10.41,98.88,1.12,27.62,79.52,99.78,98.61,71.99,14216,8383,203,1171
314000,Mariana,31,0.742,0.664,0.705,0.874,641.84,0.51,11.72,20.18,6.51,9.74,97.95,2.05,25.22,94.67,99.34,95.34,65.53,54219,47642,795,4147
314010,Marilac,31,0.615,0.488,0.609,0.781,354.33,0.45,20.16,32.24,19.5,8.85,98.76,1.24,43.15,98.01,99.69,79.22,60.22,4219,3423,65,403
314015,Mário Campos,31,0.699,0.604,0.68,0.833,551.93,0.46,11.14,19.87,8.12,8.56,98.5,1.5,33.32,97.16,99.72,97.78,54.1,13192,12458,195,1183
314020,Maripá de Minas,31,0.68,0.555,0.668,0.847,510.92,0.38,5.84,13.13,10.57,9.69,95.5,4.5,30.71,95.49,100.0,100.0,69.13,2788,2266,30,177
314030,Marliéria,31,0.657,0.537,0.629,0.838,401.74,0.4,13.16,21.55,11.36,9.15,98.73,1.27,37.01,89.15,97.81,98.01,56.3,4012,2844,61,317
314040,Marmelópolis,31,0.65,0.553,0.615,0.806,367.73,0.45,23.44,40.97,10.28,9.21,99.24,0.76,40.99,75.8,99.07,99.52,71.03,2968,1557,35,193
314050,Martinho Campos,31,0.669,0.515,0.688,0.844,579.07,0.44,9.77,18.41,8.95,9.26,98.11,1.89,46.13,96.02,99.95,94.82,71.09,12611,11010,198,998
314053,Martins Soares,31,0.635,0.512,0.619,0.809,376.88,0.4,17.53,32.67,15.59,7.51,96.71,3.29,49.98,82.33,99.27,98.58,56.92,7173,2927,121,651
314055,Mata Verde,31,0.581,0.45,0.581,0.749,298.19,0.47,34.59,52.77,30.14,8.24,96.86,3.14,56.66,91.73,98.7,98.19,52.37,7874,6388,118,785
314060,Materlândia,31,0.597,0.497,0.557,0.769,255.52,0.47,38.1,51.83,22.59,9.61,97.92,2.08,51.66,90.23,95.32,80.55,62.14,4595,2011,58,401
314070,Mateus Leme,31,0.704,0.604,0.688,0.839,579.23,0.49,12.99,23.79,7.83,8.68,96.93,3.07,33.4,94.2,99.62,91.01,59.46,27856,24679,428,2364
314080,Matias Barbosa,31,0.72,0.616,0.703,0.862,633.76,0.49,10.06,19.21,6.57,9.81,98.08,1.92,31.28,97.0,99.77,97.53,69.12,13435,12944,173,989
314085,Matias Cardoso,31,0.616,0.501,0.584,0.799,303.0,0.56,39.94,55.55,22.52,8.62,96.94,3.06,43.69,70.41,92.9,67.36,55.97,9979,5136,223,1129
314090,Matipó,31,0.631,0.511,0.63,0.78,403.48,0.48,19.71,31.91,14.91,9.3,97.68,2.32,53.41,96.03,99.67,94.0,65.46,17639,13832,341,1726
314100,Mato Verde,31,0.662,0.61,0.604,0.789,343.76,0.46,23.96,38.89,21.34,10.38,97.27,2.73,38.93,92.05,99.22,93.61,77.61,12684,9459,166,935
314110,Matozinhos,31,0.731,0.654,0.69,0.864,584.15,0.43,6.75,11.11,5.7,9.79,99.17,0.83,19.25,96.57,100.0,99.68,70.52,33955,30877,490,2646
314120,Matutina,31,0.707,0.552,0.744,0.859,820.03,0.59,4.53,7.9,11.7,9.13,95.43,4.57,33.62,95.48,99.6,98.83,68.79,3761,2693,40,251
314130,Medeiros,31,0.711,0.584,0.722,0.851,715.52,0.46,4.78,8.81,5.94,9.51,99.76,0.24,38.74,84.03,99.88,99.79,65.72,3444,1948,49,260
314140,Medina,31,0.624,0.475,0.624,0.821,388.82,0.57,29.94,48.01,22.45,8.64,95.94,4.06,51.42,90.64,98.7,95.34,53.52,21026,15092,325,1957
314150,Mendes Pimentel,31,0.626,0.518,0.617,0.768,372.96,0.48,23.99,41.33,24.33,8.93,98.1,1.9,55.76,90.07,98.96,96.2,59.66,6331,3455,96,506
314160,Mercês,31,0.664,0.515,0.683,0.831,561.75,0.58,18.97,36.57,14.13,8.01,97.88,2.12,50.83,85.79,99.54,99.47,56.31,10368,7256,141,776
314170,Mesquita,31,0.656,0.555,0.638,0.796,424.12,0.46,19.12,32.05,19.12,10.03,97.95,2.05,41.56,88.91,98.33,84.9,70.98,6069,3819,82,466
314180,Minas Novas,31,0.633,0.528,0.6,0.802,334.06,0.5,28.49,42.14,23.0,8.81,97.15,2.85,44.41,55.44,97.74,82.96,55.11,30794,12584,577,3155
314190,Minduri,31,0.658,0.56,0.631,0.805,404.95,0.49,18.74,34.36,8.13,8.61,96.47,3.53,38.99,95.57,99.39,95.22,48.9,3840,3396,57,309
314200,Mirabela,31,0.665,0.622,0.596,0.794,326.06,0.48,29.25,42.02,17.39,10.86,98.7,1.3,30.73,89.15,98.47,78.49,80.78,13042,10028,203,1114
314210,Miradouro,31,0.663,0.546,0.645,0.827,443.39,0.52,23.09,35.47,13.71,8.44,98.34,1.66,52.1,89.15,99.91,99.27,50.43,10251,5671,139,798
314220,Miraí,31,0.68,0.567,0.663,0.837,493.91,0.45,9.96,19.27,11.33,8.59,98.21,1.79,40.15,96.54,99.96,97.63,58.38,13808,10403,169,995
314225,Miravânia,31,0.593,0.492,0.544,0.781,235.64,0.49,41.15,52.84,25.97,9.22,95.99,4.01,37.49,90.23,97.1,86.49,65.24,4549,1079,95,500
314230,Moeda,31,0.638,0.494,0.657,0.8,477.77,0.43,11.01,22.9,8.18,8.07,99.17,0.83,51.5,60.18,100.0,94.68,54.11,4689,1789,63,348
314240,Moema,31,0.721,0.629,0.703,0.848,634.04,0.38,2.48,4.64,6.5,8.65,97.67,2.33,33.81,99.21,99.79,99.19,67.49,7028,6040,104,527
314250,Monjolos,31,0.65,0.548,0.612,0.819,360.58,0.48,23.8,39.54,15.98,9.02,97.45,2.55,39.1,77.81,98.5,78.08,68.43,2360,1403,34,212
314260,Monsenhor Paulo,31,0.721,0.654,0.682,0.839,555.78,0.4,5.17,10.54,11.15,9.71,99.15,0.85,30.73,93.09,100.0,98.9,69.46,8161,6133,122,641
314270,Montalvânia,31,0.613,0.492,0.586,0.799,305.88,0.54,38.23,54.04,21.78,8.62,96.19,3.81,40.33,79.42,97.61,84.55,63.73,15862,10239,277,1520
314280,Monte Alegre de Minas,31,0.674,0.516,0.699,0.848,619.1,0.47,6.63,12.16,11.31,8.69,94.44,5.56,44.09,98.23,99.75,98.63,65.34,19619,14506,235,1346
314290,Monte Azul,31,0.659,0.578,0.611,0.811,358.13,0.51,29.79,46.65,22.59,9.35,98.26,1.74,37.87,87.33,99.44,94.79,62.93,21994,12418,294,1629
314300,Monte Belo,31,0.688,0.567,0.677,0.847,539.84,0.46,11.62,21.6,10.71,10.49,98.22,1.78,41.53,87.14,100.0,98.77,80.05,13061,9058,182,904
314310,Monte Carmelo,31,0.728,0.62,0.716,0.868,689.45,0.49,6.85,13.41,7.61,9.53,98.45,1.55,37.0,97.93,99.83,98.64,69.0,45772,40100,650,3528
314315,Monte Formoso,31,0.541,0.396,0.523,0.765,206.62,0.59,55.76,71.15,29.01,9.48,97.73,2.27,62.3,75.55,95.94,98.53,60.25,4656,1700,119,620
314320,Monte Santo de Minas,31,0.71,0.595,0.689,0.874,584.09,0.42,3.68,8.16,12.67,9.24,98.29,1.71,37.31,96.74,99.92,99.86,68.45,21234,16423,283,1553
314330,Montes Claros,31,0.77,0.744,0.707,0.868,650.62,0.53,11.99,21.75,6.25,10.25,98.43,1.57,17.81,95.05,99.66,98.6,73.93,361915,344427,5353,28759
314340,Monte Sião,31,0.724,0.59,0.732,0.878,760.69,0.44,3.74,8.91,7.22,8.69,95.92,4.08,44.17,94.36,99.95,99.19,67.14,21203,16268,286,1492
314345,Montezuma,31,0.587,0.425,0.587,0.809,308.78,0.46,28.77,43.46,22.57,8.53,97.11,2.89,54.33,84.26,97.6,91.04,60.59,7464,3079,130,778
314350,Morada Nova de Minas,31,0.696,0.59,0.688,0.83,577.61,0.45,6.84,12.64,9.29,8.36,97.81,2.19,43.9,88.85,98.7,94.97,60.24,8255,6457,124,629
314360,Morro da Garça,31,0.648,0.538,0.619,0.816,376.88,0.46,19.13,31.67,10.62,9.66,96.64,3.36,36.3,74.26,100.0,83.76,67.94,2660,1522,44,237
314370,Morro do Pilar,31,0.597,0.422,0.622,0.809,382.62,0.48,21.5,40.45,23.49,7.1,96.44,3.56,43.71,84.57,97.25,83.27,51.29,3399,2581,46,256
314380,Munhoz,31,0.647,0.52,0.634,0.821,412.79,0.46,20.98,34.0,10.5,8.3,97.38,2.62,51.12,88.69,99.72,100.0,56.53,6257,3319,94,506
314390,Muriaé,31,0.734,0.634,0.731,0.853,758.46,0.52,7.03,14.27,7.62,9.33,97.26,2.74,34.69,98.95,99.95,99.42,66.38,100765,93225,1303,7060
314400,Mutum,31,0.644,0.511,0.635,0.822,415.41,0.49,22.42,38.85,18.2,7.95,94.85,5.15,51.15,86.0,98.96,89.41,58.28,26661,13790,411,2162
314410,Muzambinho,31,0.74,0.652,0.723,0.859,719.94,0.46,5.16,12.0,6.16,9.38,97.83,2.17,27.95,89.41,99.77,98.94,68.26,20430,15729,239,1329
314420,Nacip Raydan,31,0.585,0.377,0.64,0.831,429.34,0.6,30.08,45.78,22.35,6.03,94.42,5.58,57.12,86.91,96.92,86.75,41.95,3154,1979,48,278
314430,Nanuque,31,0.701,0.609,0.666,0.85,505.55,0.5,14.89,25.92,15.52,8.78,97.4,2.6,30.01,98.14,99.5,95.24,57.96,40834,36789,618,3321
314435,Naque,31,0.675,0.592,0.632,0.822,408.75,0.43,17.38,30.51,15.29,8.69,98.97,1.03,29.25,99.45,99.67,92.14,59.85,6341,5961,96,521
314437,Natalândia,31,0.671,0.557,0.641,0.846,431.11,0.4,13.4,19.45,14.32,9.25,99.78,0.22,33.48,81.09,99.53,96.88,60.5,3280,2471,48,304
314440,Natércia,31,0.693,0.612,0.677,0.805,541.69,0.4,8.16,18.49,9.77,9.42,98.65,1.35,31.65,81.39,99.93,100.0,69.49,4658,2760,46,282
314450,Nazareno,31,0.69,0.597,0.662,0.83,491.13,0.47,14.17,28.05,8.91,10.66,98.78,1.22,34.55,95.71,99.58,98.42,80.8,7954,6046,112,641
314460,Nepomuceno,31,0.667,0.549,0.658,0.822,480.79,0.44,12.71,22.89,11.23,9.35,96.07,3.93,40.02,94.32,99.56,98.29,66.39,25733,19936,351,2010
314465,Ninheira,31,0.556,0.418,0.525,0.784,210.17,0.52,47.71,64.61,34.28,7.92,97.38,2.62,57.41,55.33,96.71,97.03,52.15,9815,2623,177,977
314467,Nova Belém,31,0.592,0.481,0.563,0.768,265.9,0.5,40.25,56.91,24.32,8.65,96.73,3.27,50.87,87.39,99.29,91.57,56.91,3732,1348,55,333
314470,Nova Era,31,0.709,0.639,0.675,0.825,532.58,0.47,13.01,22.11,6.83,9.82,99.58,0.42,25.9,88.35,99.8,99.33,65.88,17528,15420,255,1315
314480,Nova Lima,31,0.813,0.704,0.864,0.885,1731.84,0.68,2.84,5.53,2.87,9.77,98.28,1.72,17.84,94.76,99.7,99.58,64.77,80998,79232,1030,5438
314490,Nova Módica,31,0.63,0.527,0.61,0.779,355.66,0.5,28.74,51.03,23.99,8.91,96.47,3.53,49.56,94.43,99.11,98.51,53.52,3790,2328,51,328
314500,Nova Ponte,31,0.701,0.562,0.734,0.835,771.68,0.52,5.74,10.76,8.85,8.97,96.65,3.35,41.88,96.81,99.9,99.23,65.46,12812,10991,217,1137
314505,Nova Porteirinha,31,0.641,0.556,0.584,0.811,302.09,0.41,24.2,37.72,18.49,9.53,98.35,1.65,43.3,90.11,99.17,87.15,70.32,7398,4069,119,675
314510,Nova Resende,31,0.671,0.525,0.687,0.839,576.41,0.45,8.58,16.37,8.05,8.65,95.25,4.75,40.33,73.63,99.72,98.29,67.1,15374,8858,228,1193
314520,Nova Serrana,31,0.715,0.597,0.709,0.864,659.74,0.35,2.81,5.8,4.82,8.7,97.15,2.85,31.62,98.52,99.69,99.77,66.53,73699,69695,1148,5867
314530,Novo Cruzeiro,31,0.571,0.415,0.562,0.797,264.66,0.53,42.32,59.86,27.72,7.88,95.69,4.31,55.68,72.51,94.44,79.74,52.02,30725,10522,599,3400
314535,Novo Oriente de Minas,31,0.555,0.4,0.568,0.754,274.37,0.56,42.67,61.13,31.23,8.44,96.29,3.71,59.46,83.63,82.34,90.87,52.25,10339,4421,194,998
314537,Novorizonte,31,0.616,0.5,0.582,0.804,299.95,0.43,26.98,40.58,21.86,9.79,96.75,3.25,42.99,56.56,98.83,95.52,76.07,4963,1717,93,476
314540,Olaria,31,0.636,0.49,0.638,0.823,423.44,0.41,11.54,19.19,17.68,8.95,97.09,2.91,41.41,82.54,99.42,97.72,60.69,1976,917,19,138
314545,Olhos-d'Água,31,0.626,0.498,0.607,0.812,348.9,0.46,25.92,40.33,17.98,8.98,97.44,2.56,45.51,72.01,98.03,98.98,63.53,5267,2866,101,513
314550,Olímpio Noronha,31,0.674,0.577,0.656,0.809,475.23,0.41,9.9,20.01,14.29,10.72,98.47,1.53,37.96,98.5,99.85,99.86,65.75,2533,2249,35,198
314560,Oliveira,31,0.699,0.587,0.691,0.842,588.2,0.45,6.88,13.94,6.12,9.1,95.18,4.82,37.3,96.61,100.0,99.45,69.05,39466,35185,547,2834
314570,Oliveira Fortes,31,0.635,0.523,0.616,0.794,369.25,0.44,19.28,33.44,16.44,10.3,94.23,5.77,46.41,87.67,100.0,94.72,71.05,2123,1177,29,145
314580,Onça de Pitangui,31,0.663,0.559,0.646,0.806,446.23,0.44,17.23,30.34,11.14,8.5,97.38,2.62,54.07,71.2,99.73,98.45,61.83,3055,1519,54,292
314585,Oratórios,31,0.637,0.5,0.627,0.824,395.74,0.39,14.94,27.35,15.82,8.36,98.63,1.37,46.94,95.17,99.84,98.25,43.93,4493,3241,74,382
314587,Orizânia,31,0.562,0.414,0.551,0.778,247.35,0.54,44.78,59.66,16.03,8.22,96.62,3.38,61.48,82.27,99.96,95.98,57.74,7284,2221,130,653
314590,Ouro Branco,31,0.764,0.68,0.753,0.872,866.02,0.52,5.91,10.62,4.69,9.34,98.86,1.14,20.97,93.94,99.95,99.12,62.27,35268,31609,437,2562
314600,Ouro Fino,31,0.722,0.622,0.703,0.861,635.38,0.45,6.48,14.44,8.66,9.38,95.76,4.24,36.17,93.51,99.64,100.0,68.5,31568,23763,417,2151
314610,Ouro Preto,31,0.741,0.677,0.721,0.834,710.55,0.5,9.05,18.59,4.95,10.2,98.77,1.23,23.08,92.09,99.67,98.8,70.52,70281,61120,982,5397
314620,Ouro Verde de Minas,31,0.595,0.459,0.582,0.789,298.76,0.51,38.44,57.04,27.63,8.18,96.56,3.44,52.4,92.1,99.36,94.71,53.56,6016,3629,111,560
314625,Padre Carvalho,31,0.599,0.471,0.575,0.795,286.32,0.44,31.27,44.25,26.37,9.53,92.17,7.83,39.11,77.42,93.99,57.8,76.4,5834,3462,125,632
314630,Padre Paraíso,31,0.596,0.478,0.556,0.797,253.77,0.54,46.43,62.49,22.68,8.41,94.81,5.19,50.26,75.73,97.65,91.34,56.76,18849,11520,323,1957
314640,Paineiras,31,0.669,0.526,0.691,0.824,589.16,0.46,7.47,14.61,10.96,9.59,98.18,1.82,43.7,94.23,98.4,91.06,67.83,4631,3598,52,294
314650,Pains,31,0.728,0.616,0.717,0.874,690.97,0.46,5.69,12.97,7.42,9.0,99.13,0.87,37.77,94.61,100.0,98.86,61.82,8014,6608,109,562
314655,Pai Pedro,31,0.59,0.52,0.52,0.76,203.93,0.46,45.47,61.42,31.18,8.62,95.41,4.59,45.01,58.35,96.43,97.23,61.67,5934,1749,86,549
314660,Paiva,31,0.72,0.672,0.657,0.845,476.35,0.44,11.05,21.06,12.86,9.43,99.31,0.69,37.96,87.6,99.65,93.63,70.64,1558,1219,17,93
314670,Palma,31,0.703,0.623,0.663,0.841,494.63,0.49,16.36,32.41,11.1,8.45,96.32,3.68,35.88,96.93,99.95,97.51,50.89,6545,5123,102,460
314675,Palmópolis,31,0.565,0.437,0.559,0.738,259.75,0.45,35.57,53.27,29.58,7.97,96.34,3.66,59.23,86.03,93.19,91.58,51.55,6931,4488,120,607
314690,Papagaios,31,0.666,0.545,0.65,0.833,455.96,0.49,16.28,27.29,9.28,9.14,96.91,3.09,38.73,97.41,99.83,97.64,66.12,14175,11920,243,1253
314700,Paracatu,31,0.744,0.685,0.704,0.854,637.8,0.51,9.34,15.82,7.56,10.23,97.05,2.95,21.81,95.16,99.58,99.12,76.34,84718,73772,1389,7552
314710,Pará de Minas,31,0.725,0.628,0.715,0.848,686.42,0.43,3.74,7.9,3.88,9.23,99.07,0.93,27.46,97.97,99.97,99.73,61.35,84215,79599,1141,6318
314720,Paraguaçu,31,0.715,0.623,0.69,0.85,587.36,0.41,6.84,12.73,7.25,8.64,99.37,0.63,29.4,95.83,99.64,99.85,61.02,20245,16679,247,1394
314730,Paraisópolis,31,0.729,0.657,0.692,0.852,592.61,0.46,9.52,19.78,8.26,9.02,95.11,4.89,29.26,90.31,99.79,99.12,63.8,19379,16058,220,1355
314740,Paraopeba,31,0.694,0.625,0.674,0.793,530.79,0.45,11.93,23.34,6.11,9.15,98.75,1.25,24.83,93.54,99.47,98.2,59.42,22563,19663,335,1863
314750,Passabém,31,0.642,0.533,0.631,0.787,405.19,0.41,15.05,28.19,17.76,10.15,97.94,2.06,34.23,62.3,98.87,93.86,65.96,1766,1012,19,122
314760,Passa Quatro,31,0.715,0.623,0.683,0.86,561.44,0.49,10.24,19.8,5.76,9.26,97.93,2.07,35.75,91.31,99.82,98.99,66.57,15582,11985,198,1206
314770,Passa Tempo,31,0.687,0.594,0.676,0.808,535.96,0.49,12.25,23.2,7.72,8.94,98.83,1.17,35.75,92.37,99.65,96.21,57.54,8197,6385,99,523
314780,Passa-Vinte,31,0.648,0.507,0.662,0.809,493.38,0.46,11.88,19.98,13.31,9.64,99.09,0.91,48.35,88.51,97.09,100.0,55.81,2079,1305,32,155
314790,Passos,31,0.756,0.658,0.741,0.886,802.97,0.49,4.42,8.98,5.52,9.3,96.82,3.18,25.99,99.02,99.93,99.81,69.68,106290,100842,1380,7488
314795,Patis,31,0.614,0.534,0.55,0.787,244.72,0.47,38.04,52.08,23.06,9.3,96.83,3.17,38.64,92.44,96.77,98.88,68.46,5579,2301,102,546
314800,Patos de Minas,31,0.765,0.698,0.749,0.855,843.57,0.5,4.55,9.58,5.36,9.86,98.59,1.41,20.63,96.53,99.86,99.65,66.94,138710,127724,1831,9619
314810,Patrocínio,31,0.729,0.628,0.723,0.852,720.59,0.49,5.59,11.14,6.52,9.26,97.91,2.09,30.01,96.47,99.57,99.21,67.42,82471,72758,1168,6584
314820,Patrocínio do Muriaé,31,0.682,0.576,0.691,0.796,590.26,0.49,10.36,21.06,9.82,9.57,99.17,0.83,38.3,97.49,99.78,98.34,61.87,5287,4308,66,364
314830,Paula Cândido,31,0.637,0.497,0.632,0.823,407.91,0.48,22.66,41.56,9.95,9.07,98.41,1.59,48.66,92.33,99.57,98.85,53.21,9271,4936,148,715
314840,Paulistas,31,0.625,0.521,0.593,0.791,321.22,0.52,35.66,58.21,20.05,9.48,98.31,1.69,49.42,89.18,97.03,91.38,62.33,4918,2303,88,489
314850,Pavão,31,0.627,0.507,0.599,0.813,333.55,0.53,30.87,44.18,23.49,8.45,97.08,2.92,35.85,92.77,98.75,87.47,54.96,8589,5204,152,708
314860,Peçanha,31,0.627,0.497,0.63,0.787,404.21,0.53,25.6,42.1,19.73,8.91,97.11,2.89,51.68,88.33,90.67,82.82,61.0,17260,9097,293,1639
314870,Pedra Azul,31,0.627,0.518,0.596,0.797,327.18,0.53,34.64,48.1,20.1,8.99,98.66,1.34,41.43,91.84,98.66,93.14,61.21,23839,21006,383,2282
314875,Pedra Bonita,31,0.573,0.457,0.557,0.74,256.67,0.5,40.94,58.29,14.75,7.96,97.44,2.56,56.46,77.43,94.39,100.0,55.93,6673,1807,145,705
314880,Pedra do Anta,31,0.624,0.466,0.636,0.821,418.07,0.54,24.36,39.34,19.38,8.07,97.55,2.45,50.0,93.35,99.79,97.21,55.55,3365,2192,45,231
314890,Pedra do Indaiá,31,0.708,0.611,0.688,0.843,578.46,0.41,5.16,13.14,10.85,9.19,97.96,2.04,32.53,92.67,100.0,98.98,61.58,3875,2053,40,247
314900,Pedra Dourada,31,0.655,0.539,0.631,0.827,406.3,0.53,24.78,39.71,13.09,9.27,97.56,2.44,44.27,80.68,99.66,99.71,54.4,2191,1301,33,177
314910,Pedralva,31,0.675,0.563,0.677,0.807,541.01,0.55,17.94,31.93,8.87,10.31,98.47,1.53,39.59,75.32,99.86,100.0,73.74,11467,5563,143,876
314915,Pedras de Maria da Cruz,31,0.614,0.521,0.564,0.787,268.27,0.47,33.61,46.94,22.96,9.42,98.51,1.49,42.56,75.56,98.84,81.58,61.99,10315,6328,164,1016
314920,Pedrinópolis,31,0.729,0.631,0.719,0.855,702.77,0.48,4.43,10.17,10.23,9.75,95.99,4.01,27.55,95.51,99.63,99.2,69.99,3490,2927,45,262
314930,Pedro Leopoldo,31,0.757,0.7,0.723,0.856,721.11,0.47,5.53,12.3,5.31,9.68,98.34,1.66,21.8,98.42,99.9,99.0,72.14,58740,49953,837,4453
314940,Pedro Teixeira,31,0.637,0.555,0.587,0.794,309.25,0.41,24.67,43.47,11.53,8.83,97.9,2.1,42.32,92.83,98.69,100.0,62.56,1785,965,25,149
314950,Pequeri,31,0.694,0.557,0.692,0.868,593.92,0.44,5.08,12.5,8.12,8.64,99.27,0.73,39.21,98.37,98.46,99.63,47.23,3165,2916,48,206
314960,Pequi,31,0.674,0.564,0.672,0.808,522.22,0.43,9.54,17.48,8.31,9.24,97.99,2.01,34.42,90.46,99.86,96.01,58.72,4076,2953,52,277
314970,Perdigão,31,0.703,0.579,0.711,0.843,668.59,0.35,1.18,2.0,6.85,7.96,94.73,5.27,31.93,95.08,100.0,97.87,64.12,8912,7862,138,718
314980,Perdizes,31,0.723,0.571,0.752,0.88,861.29,0.55,4.85,9.31,8.18,9.39,97.47,2.53,33.78,94.69,99.74,99.94,68.77,14404,9935,246,1253
314990,Perdões,31,0.744,0.661,0.71,0.878,663.06,0.52,7.45,14.44,7.44,9.5,96.95,3.05,28.16,97.3,100.0,99.5,70.89,20087,17776,253,1414
314995,Periquito,31,0.651,0.555,0.593,0.839,320.07,0.43,23.57,34.01,17.64,8.02,95.7,4.3,33.3,99.1,98.51,75.98,60.36,7036,5289,124,735
315000,Pescador,31,0.656,0.552,0.615,0.831,367.74,0.52,30.26,44.76,19.52,9.03,98.67,1.33,41.29,95.96,98.63,96.91,59.68,4128,3259,76,414
315010,Piau,31,0.629,0.467,0.647,0.824,449.68,0.42,13.26,26.64,13.81,9.15,94.35,5.65,46.18,88.06,100.0,99.43,66.51,2841,1670,31,171
315015,Piedade de Caratinga,31,0.612,0.477,0.621,0.773,381.36,0.46,21.55,36.67,17.66,9.72,97.08,2.92,55.6,98.6,99.96,99.7,72.98,7110,4602,105,663
315020,Piedade de Ponte Nova,31,0.639,0.528,0.616,0.802,368.71,0.38,13.59,22.27,15.91,8.14,98.05,1.95,45.87,97.74,99.93,98.43,53.6,4062,3178,54,314
315030,Piedade do Rio Grande,31,0.678,0.593,0.64,0.82,428.95,0.45,19.21,39.35,13.84,9.53,100.0,0.0,42.94,91.08,99.73,93.95,62.9,4709,3477,55,338
315040,Piedade dos Gerais,31,0.626,0.453,0.645,0.84,443.35,0.48,18.59,33.09,14.73,8.48,100.0,0.0,56.02,80.08,99.47,99.01,52.65,4640,2122,60,348
315050,Pimenta,31,0.686,0.556,0.697,0.832,613.61,0.45,5.71,15.57,8.62,8.71,97.59,2.41,46.51,96.14,100.0,99.18,58.29,8236,6945,99,583
315053,Pingo-d'Água,31,0.619,0.529,0.603,0.744,340.91,0.44,24.37,42.18,17.5,9.29,97.89,2.11,48.6,98.62,98.45,98.49,66.1,4420,4035,89,393
315057,Pintópolis,31,0.594,0.469,0.56,0.799,260.14,0.54,41.84,56.86,17.73,8.78,97.66,2.34,47.58,69.16,95.99,80.57,58.62,7211,2532,133,767
315060,Piracema,31,0.646,0.515,0.646,0.809,444.75,0.44,12.87,23.88,11.85,8.91,98.66,1.34,48.5,92.25,99.34,99.44,57.7,6406,3034,70,445
315070,Pirajuba,31,0.723,0.588,0.748,0.858,838.37,0.54,6.13,9.44,9.01,7.83,95.89,4.11,33.63,99.67,99.56,100.0,61.13,4656,4131,85,372
315080,Piranga,31,0.6,0.461,0.585,0.799,305.73,0.52,37.75,56.4,11.63,8.49,96.31,3.69,61.37,73.54,98.55,98.22,53.84,17232,5958,252,1446
315090,Piranguçu,31,0.685,0.599,0.666,0.806,504.1,0.46,9.33,16.12,10.83,10.32,99.56,0.44,28.06,70.04,99.17,100.0,72.84,5217,1772,69,375
315100,Piranguinho,31,0.717,0.651,0.672,0.841,523.5,0.43,13.14,25.45,7.6,9.47,99.19,0.81,28.28,88.83,100.0,99.48,61.19,8016,4953,95,609
315110,Pirapetinga,31,0.709,0.624,0.68,0.841,550.3,0.46,8.22,17.61,8.64,9.47,99.77,0.23,26.0,98.62,99.96,99.26,57.17,10364,9102,144,752
315120,Pirapora,31,0.731,0.68,0.693,0.828,596.44,0.55,13.06,22.28,7.01,9.63,98.26,1.74,21.14,98.17,99.61,98.23,66.07,53368,52385,841,4359
315130,Piraúba,31,0.684,0.564,0.673,0.843,527.81,0.37,3.56,8.95,9.62,8.68,96.59,3.41,46.82,98.85,99.22,98.4,59.11,10862,8814,137,704
315140,Pitangui,31,0.725,0.617,0.711,0.87,669.0,0.47,7.07,14.17,6.14,8.52,95.52,4.48,35.37,90.26,100.0,99.36,68.44,25311,22624,381,2042
315150,Piumhi,31,0.737,0.625,0.729,0.878,747.2,0.47,3.84,9.27,7.06,8.57,99.15,0.85,34.57,97.79,99.92,99.78,58.68,31883,28564,410,2199
315160,Planura,31,0.712,0.597,0.711,0.852,669.6,0.43,5.32,10.75,8.41,9.62,97.65,2.35,32.65,99.27,98.61,98.97,69.16,10384,10091,156,782
315170,Poço Fundo,31,0.691,0.541,0.705,0.866,644.47,0.44,6.26,13.39,6.95,9.23,97.14,2.86,47.34,79.73,99.55,99.23,63.72,15959,9281,185,1056
315180,Poços de Caldas,31,0.779,0.706,0.768,0.872,953.96,0.5,2.93,6.76,3.69,9.79,97.74,2.26,18.57,99.06,99.92,99.89,70.75,152435,148722,1779,10021
315190,Pocrane,31,0.626,0.5,0.614,0.799,365.67,0.46,25.52,45.31,18.84,8.86,97.51,2.49,47.63,93.66,99.49,97.44,69.23,8986,5399,111,624
315200,Pompéu,31,0.689,0.564,0.694,0.834,598.83,0.52,10.03,17.74,9.61,9.99,96.32,3.68,30.44,96.33,98.73,99.0,70.48,29105,25740,432,2482
315210,Ponte Nova,31,0.717,0.608,0.714,0.848,679.67,0.51,10.47,21.49,7.06,9.27,97.75,2.25,30.81,94.38,99.59,98.72,61.21,57390,51185,790,4002
315213,Ponto Chique,31,0.606,0.493,0.565,0.797,269.28,0.45,33.26,49.6,16.09,8.59,98.72,1.28,39.33,80.15,97.65,86.17,55.09,3966,2581,75,403
315217,Ponto dos Volantes,31,0.595,0.478,0.564,0.781,267.46,0.53,40.44,58.64,27.82,8.39,95.95,4.05,46.58,67.97,96.44,92.87,60.69,11345,4031,213,1245
315220,Porteirinha,31,0.651,0.585,0.593,0.796,320.48,0.5,32.0,44.2,21.22,9.99,98.62,1.38,37.49,75.87,98.49,89.05,75.22,37627,19338,556,2996
315230,Porto Firme,31,0.634,0.516,0.615,0.804,366.49,0.46,23.3,42.82,13.46,9.96,98.8,1.2,50.67,89.15,99.25,100.0,67.41,10417,4831,127,761
315240,Poté,31,0.624,0.515,0.584,0.809,303.44,0.48,31.29,49.52,25.48,10.14,98.18,1.82,51.2,89.54,97.99,85.66,66.97,15667,9337,253,1499
315250,Pouso Alegre,31,0.774,0.704,0.755,0.872,878.26,0.49,4.1,8.89,3.99,9.63,98.15,1.85,20.56,98.35,99.92,99.73,65.36,130615,119590,1675,9165
315260,Pouso Alto,31,0.71,0.573,0.736,0.847,778.57,0.63,10.41,20.41,8.51,8.29,98.49,1.51,37.25,82.9,99.39,96.46,57.2,6213,3658,72,366
315270,Prados,31,0.689,0.574,0.66,0.865,485.2,0.48,13.4,24.45,6.87,8.64,96.24,3.76,39.99,88.82,99.42,94.1,65.31,8391,5936,123,647
315280,Prata,31,0.695,0.536,0.736,0.852,782.28,0.51,3.06,6.64,9.67,8.27,96.08,3.92,38.41,96.93,99.36,96.86,59.35,25802,19381,356,2007
315290,Pratápolis,31,0.729,0.639,0.703,0.862,636.81,0.45,5.86,12.56,8.79,9.92,98.36,1.64,32.4,97.39,99.73,99.08,73.01,8807,7793,93,563
315300,Pratinha,31,0.721,0.607,0.71,0.871,663.39,0.52,9.37,14.45,11.5,8.06,96.0,4.0,24.99,90.84,99.73,99.54,70.13,3265,1759,37,211
315310,Presidente Bernardes,31,0.632,0.521,0.603,0.804,341.87,0.47,28.15,47.24,13.6,8.85,98.38,1.62,50.12,71.21,98.16,99.42,57.51,5537,1642,89,475
315320,Presidente Juscelino,31,0.614,0.483,0.603,0.796,340.94,0.41,22.25,39.46,19.64,8.77,96.33,3.67,44.6,64.23,97.81,98.31,61.72,3908,1846,66,333
315330,Presidente Kubitschek,31,0.595,0.468,0.573,0.787,282.93,0.44,29.85,41.91,13.28,8.31,95.32,4.68,50.93,90.13,98.55,99.74,54.61,2959,2017,43,255
315340,Presidente Olegário,31,0.701,0.611,0.679,0.831,546.68,0.45,9.8,16.31,10.76,10.01,98.79,1.21,33.09,89.24,98.86,91.51,73.29,18577,13150,264,1417
315350,Alto Jequitibá,31,0.66,0.554,0.66,0.787,486.73,0.51,19.31,36.75,10.58,9.58,97.99,2.01,45.4,88.47,99.92,98.36,73.5,8318,4300,136,649
315360,Prudente de Morais,31,0.69,0.629,0.658,0.795,481.48,0.42,12.74,22.17,6.51,9.4,97.67,2.33,30.48,97.08,100.0,99.53,70.02,9573,9199,140,742
315370,Quartel Geral,31,0.683,0.557,0.677,0.846,539.78,0.45,8.26,14.67,12.02,7.81,96.66,3.34,38.17,96.5,99.6,91.97,58.18,3303,2766,48,284
315380,Queluzito,31,0.682,0.575,0.669,0.823,513.72,0.46,8.58,18.59,6.79,8.55,99.28,0.72,25.94,81.89,100.0,99.81,62.19,1861,847,19,118
315390,Raposos,31,0.73,0.661,0.706,0.832,646.62,0.52,7.46,13.92,5.01,8.54,98.37,1.63,17.96,97.63,100.0,99.0,57.61,15342,14552,195,1154
315400,Raul Soares,31,0.655,0.52,0.658,0.823,480.45,0.51,20.58,38.62,13.89,8.69,94.3,5.7,43.78,92.38,99.41,95.51,60.17,23818,15484,318,1779
315410,Recreio,31,0.692,0.589,0.668,0.841,510.95,0.47,12.49,29.55,11.38,9.67,97.66,2.34,38.12,99.12,100.0,98.14,69.54,10299,9073,116,684
315415,Reduto,31,0.629,0.48,0.647,0.801,449.53,0.52,20.49,29.36,13.33,9.43,95.39,4.61,55.67,88.84,99.52,98.78,70.19,6569,3648,93,577
315420,Resende Costa,31,0.685,0.568,0.689,0.823,580.66,0.48,9.27,16.25,5.93,9.78,97.62,2.38,41.71,92.88,98.98,97.32,69.51,10913,8776,157,769
315430,Resplendor,31,0.67,0.543,0.666,0.833,504.18,0.52,17.92,31.75,14.76,7.99,97.13,2.87,46.0,94.67,98.46,96.15,58.35,17089,12832,242,1305
315440,Ressaquinha,31,0.683,0.599,0.638,0.834,424.03,0.42,15.2,20.65,10.72,10.04,98.61,1.39,35.14,78.03,99.39,87.63,74.26,4711,3023,60,330
315445,Riachinho,31,0.632,0.551,0.577,0.795,290.89,0.48,33.66,45.5,14.0,9.45,97.41,2.59,36.01,76.17,90.43,88.63,69.62,8007,4435,155,754
315450,Riacho dos Machados,31,0.627,0.547,0.557,0.808,255.57,0.44,36.99,52.71,22.06,8.93,95.33,4.67,36.98,65.96,95.96,80.35,56.98,9360,4499,163,861
315460,Ribeirão das Neves,31,0.684,0.591,0.658,0.822,479.77,0.39,9.25,16.58,6.31,9.0,96.54,3.46,30.97,97.97,99.83,97.03,64.5,296317,294153,4685,26262
315470,Ribeirão Vermelho,31,0.737,0.675,0.699,0.85,617.88,0.43,6.17,14.57,5.14,11.03,99.44,0.56,23.53,97.61,99.92,99.59,75.89,3826,3543,51,243
315480,Rio Acima,31,0.673,0.508,0.689,0.87,582.71,0.47,8.3,15.89,7.16,8.64,96.7,3.3,39.59,96.77,100.0,98.5,50.96,9090,7944,101,717
315490,Rio Casca,31,0.65,0.519,0.651,0.813,460.2,0.47,15.55,28.27,11.19,8.46,98.2,1.8,44.51,97.43,98.1,95.08,52.97,14201,11334,201,1154
315500,Rio Doce,31,0.664,0.567,0.644,0.801,439.86,0.44,13.07,31.12,14.39,9.42,99.02,0.98,49.47,90.58,99.82,100.0,61.13,2465,1653,34,183
315510,Rio do Prado,31,0.605,0.479,0.573,0.807,283.37,0.49,35.59,52.59,24.32,9.75,98.89,1.11,45.25,82.85,97.24,99.63,61.43,5217,2730,85,441
315520,Rio Espera,31,0.602,0.474,0.575,0.801,286.36,0.48,37.16,58.57,13.32,8.47,98.14,1.86,50.64,79.34,98.59,93.73,57.22,6070,2403,82,509
315530,Rio Manso,31,0.648,0.501,0.676,0.802,536.99,0.43,7.55,15.56,11.58,10.01,98.53,1.47,46.15,87.92,99.95,97.8,66.38,5276,2810,67,363
315540,Rio Novo,31,0.707,0.631,0.671,0.835,519.69,0.47,11.98,27.52,9.9,8.67,95.0,5.0,34.77,98.64,98.91,95.94,59.75,8712,7539,139,652
315550,Rio Paranaíba,31,0.709,0.575,0.725,0.855,727.2,0.5,6.3,11.94,8.74,9.73,98.7,1.3,46.74,89.35,99.45,99.05,65.56,11885,7288,189,926
315560,Rio Pardo de Minas,31,0.624,0.52,0.586,0.798,306.96,0.52,35.87,51.18,23.43,9.52,98.94,1.06,44.12,78.72,92.97,94.91,66.22,29099,11692,538,2934
315570,Rio Piracicaba,31,0.685,0.605,0.67,0.794,516.18,0.45,12.24,26.63,8.54,9.71,98.86,1.14,41.31,95.46,99.82,98.12,66.56,14149,11272,215,1075
315580,Rio Pomba,31,0.714,0.609,0.694,0.863,601.31,0.47,10.38,21.09,9.03,9.66,97.66,2.34,32.42,97.48,99.85,99.85,72.61,17110,14454,211,1172
315590,Rio Preto,31,0.679,0.557,0.665,0.847,501.52,0.51,17.99,37.95,12.26,8.6,98.83,1.17,41.03,90.4,96.52,98.91,54.12,5292,4451,77,381
315600,Rio Vermelho,31,0.558,0.389,0.566,0.787,271.44,0.56,44.86,61.12,26.9,7.01,93.01,6.99,51.94,66.71,91.24,82.11,41.24,13645,5481,253,1456
315610,Ritápolis,31,0.653,0.526,0.649,0.815,453.87,0.44,11.96,21.22,9.54,9.47,98.53,1.47,49.08,80.89,99.61,97.49,61.65,4925,3407,56,296
315620,Rochedo de Minas,31,0.684,0.569,0.663,0.849,494.36,0.39,6.51,13.55,9.44,8.76,96.15,3.85,40.46,87.62,99.58,97.41,60.94,2116,1914,30,175
315630,Rodeiro,31,0.668,0.532,0.703,0.797,635.26,0.46,3.33,7.59,8.15,8.74,95.19,4.81,37.54,98.14,99.96,99.75,64.2,6867,5556,104,544
315640,Romaria,31,0.708,0.604,0.722,0.813,716.47,0.54,2.5,4.55,8.22,8.64,100.0,0.0,26.21,96.83,100.0,99.13,59.08,3596,2715,65,273
315645,Rosário da Limeira,31,0.662,0.548,0.653,0.812,465.89,0.49,15.1,25.51,13.73,9.63,99.54,0.46,45.67,88.45,100.0,100.0,58.67,4247,2296,57,324
315650,Rubelita,31,0.582,0.443,0.552,0.808,248.99,0.5,41.65,61.97,24.43,9.33,96.7,3.3,50.15,65.68,94.15,91.72,61.04,7772,2516,119,784
315660,Rubim,31,0.609,0.469,0.589,0.817,311.79,0.48,33.72,54.67,26.66,9.16,98.35,1.65,53.57,88.15,96.63,92.84,64.79,9919,7703,156,858
315670,Sabará,31,0.731,0.67,0.699,0.833,619.93,0.45,7.08,12.49,4.96,9.06,97.34,2.66,27.04,97.28,99.91,96.05,60.91,126269,123084,1897,10404
315680,Sabinópolis,31,0.638,0.502,0.637,0.812,420.36,0.52,24.5,40.29,17.69,8.85,96.83,3.17,47.22,87.71,93.45,92.67,61.19,15704,10136,241,1371
315690,Sacramento,31,0.732,0.619,0.726,0.871,732.35,0.45,3.73,8.0,6.41,9.33,97.33,2.67,32.73,95.43,99.21,99.87,65.77,23896,19275,330,1716
315700,Salinas,31,0.679,0.551,0.697,0.815,613.65,0.65,23.1,36.9,17.28,9.23,97.15,2.85,38.24,84.53,98.25,95.69,68.93,39178,30716,615,3160
315710,Salto da Divisa,31,0.608,0.453,0.586,0.846,306.04,0.5,33.32,48.27,25.99,8.02,97.4,2.6,49.73,86.36,95.58,90.16,52.81,6859,5749,124,623
315720,Santa Bárbara,31,0.707,0.642,0.676,0.816,535.84,0.47,12.67,23.22,5.8,9.76,96.93,3.07,29.04,93.93,99.97,97.27,68.46,27876,24794,387,2114
315725,Santa Bárbara do Leste,31,0.613,0.473,0.608,0.8,351.59,0.44,24.16,40.71,13.52,8.7,96.45,3.55,50.45,84.78,99.92,98.34,60.33,7682,3974,118,621
315727,Santa Bárbara do Monte Verde,31,0.606,0.438,0.617,0.823,371.34,0.49,21.63,27.98,15.09,8.99,98.34,1.66,55.6,92.69,98.96,98.29,64.92,2788,1610,34,218
315730,Santa Bárbara do Tugúrio,31,0.637,0.517,0.616,0.81,370.7,0.43,18.84,30.55,14.29,10.26,97.32,2.68,40.11,76.53,99.6,97.44,73.74,4570,2187,57,335
315733,Santa Cruz de Minas,31,0.706,0.636,0.66,0.839,485.28,0.39,8.45,16.64,5.2,10.59,98.71,1.29,30.17,99.37,99.92,100.0,73.8,7865,7865,111,652
315737,Santa Cruz de Salinas,31,0.577,0.463,0.548,0.757,242.55,0.49,42.8,62.61,26.74,9.37,99.57,0.43,50.35,76.56,90.4,98.65,69.61,4397,1151,62,424
315740,Santa Cruz do Escalvado,31,0.625,0.485,0.618,0.815,374.23,0.46,23.35,42.77,15.48,8.33,97.18,2.82,50.51,95.16,99.86,94.51,52.36,4992,1730,74,410
315750,Santa Efigênia de Minas,31,0.607,0.487,0.579,0.793,293.27,0.47,31.64,44.67,19.75,8.13,95.26,4.74,47.19,85.26,99.88,81.4,56.24,4600,3053,79,437
315760,Santa Fé de Minas,31,0.615,0.492,0.589,0.804,313.25,0.53,32.46,43.75,18.53,8.94,97.16,2.84,36.78,71.09,89.95,43.98,63.98,3968,2291,88,400
315765,Santa Helena de Minas,31,0.567,0.474,0.531,0.723,218.43,0.48,47.38,65.5,31.66,7.99,89.2,10.8,57.27,73.79,96.65,96.39,55.02,6055,3769,110,649
315770,Santa Juliana,31,0.706,0.558,0.726,0.868,735.0,0.43,2.98,5.07,7.21,9.23,92.06,7.94,26.9,97.76,99.41,99.29,65.68,11337,9795,152,906
315780,Santa Luzia,31,0.715,0.625,0.682,0.859,557.62,0.43,7.99,14.57,4.79,9.64,96.74,3.26,28.22,98.74,99.86,97.18,68.24,202942,202378,3171,17364
315790,Santa Margarida,31,0.61,0.455,0.635,0.785,416.11,0.61,34.42,52.2,12.05,8.86,93.2,6.8,61.64,88.88,99.97,98.98,72.16,15011,7626,244,1410
315800,Santa Maria de Itabira,31,0.648,0.533,0.622,0.821,382.99,0.45,18.58,30.44,13.96,8.16,98.33,1.67,47.35,76.46,98.73,95.11,53.25,10552,6336,144,844
315810,Santa Maria do Salto,31,0.613,0.507,0.593,0.765,321.15,0.44,25.42,43.78,28.33,9.82,97.65,2.35,53.07,87.97,95.09,95.03,65.58,5284,3742,86,450
315820,Santa Maria do Suaçuí,31,0.64,0.511,0.629,0.817,401.16,0.54,28.32,49.18,24.05,8.73,96.91,3.09,52.82,90.75,98.07,75.61,61.67,14395,10722,237,1369
315830,Santana da Vargem,31,0.698,0.587,0.681,0.85,553.7,0.4,6.47,13.65,9.01,9.86,98.75,1.25,40.4,95.73,100.0,97.29,67.24,7231,5278,91,611
315840,Santana de Cataguases,31,0.694,0.655,0.643,0.793,437.81,0.41,14.07,30.75,11.33,9.99,100.0,0.0,29.09,94.88,99.78,100.0,71.51,3622,2917,42,238
315850,Santana de Pirapama,31,0.628,0.493,0.617,0.816,373.14,0.42,17.5,29.79,17.76,9.93,99.5,0.5,44.7,74.33,99.49,97.0,72.21,8009,3331,128,673
315860,Santana do Deserto,31,0.651,0.493,0.66,0.849,484.73,0.44,13.39,26.28,9.51,7.82,95.89,4.11,42.52,97.35,99.44,98.94,49.05,3860,1404,53,305
315870,Santana do Garambéu,31,0.667,0.558,0.648,0.822,452.48,0.54,21.99,39.41,16.73,10.12,99.02,0.98,45.01,86.19,99.59,95.2,67.37,2234,1652,37,170
315880,Santana do Jacaré,31,0.647,0.523,0.655,0.79,470.2,0.42,9.3,18.74,15.26,7.5,99.54,0.46,46.68,99.14,99.87,99.86,45.16,4607,4428,58,348
315890,Santana do Manhuaçu,31,0.621,0.475,0.622,0.809,383.28,0.5,25.93,42.19,17.56,7.56,96.0,4.0,54.53,79.21,99.34,98.13,58.22,8582,4142,142,835
315895,Santana do Paraíso,31,0.685,0.552,0.663,0.878,495.81,0.42,10.46,17.84,9.3,8.38,97.07,2.93,32.1,96.72,99.57,97.41,60.74,27265,25251,454,2422
315900,Santana do Riacho,31,0.665,0.551,0.641,0.834,432.77,0.5,19.28,30.45,15.38,10.6,98.22,1.78,40.14,78.32,99.65,95.26,63.91,4023,2279,48,298
315910,Santana dos Montes,31,0.647,0.557,0.608,0.801,352.48,0.4,20.12,37.38,11.04,9.75,96.77,3.23,36.38,81.75,99.61,90.44,65.94,3822,2292,51,333
315920,Santa Rita de Caldas,31,0.69,0.576,0.693,0.823,597.4,0.43,5.91,13.71,8.39,9.36,98.4,1.6,38.47,88.05,99.9,98.13,72.67,9027,5655,111,573
315930,Santa Rita de Jacutinga,31,0.682,0.567,0.676,0.826,535.45,0.47,11.37,23.96,12.31,9.14,99.03,0.97,43.35,91.76,98.96,93.01,58.23,4993,3754,58,293
315935,Santa Rita de Minas,31,0.613,0.464,0.627,0.791,395.61,0.44,19.32,34.38,16.22,7.88,95.73,4.27,56.44,92.23,99.76,97.72,54.98,6547,4774,92,540
315940,Santa Rita de Ibitipoca,31,0.63,0.505,0.625,0.793,391.79,0.51,25.37,46.34,17.33,9.67,99.09,0.91,49.45,77.85,97.44,96.56,67.84,3583,2233,57,288
315950,Santa Rita do Itueto,31,0.607,0.472,0.609,0.779,352.98,0.44,21.08,33.2,18.68,8.22,96.99,3.01,49.77,84.16,98.62,94.19,62.12,5697,2310,81,464
315960,Santa Rita do Sapucaí,31,0.721,0.62,0.727,0.83,738.4,0.48,4.96,10.28,8.55,9.18,98.03,1.97,33.78,96.81,99.97,99.6,63.1,37754,32458,520,2800
315970,Santa Rosa da Serra,31,0.705,0.583,0.695,0.866,603.01,0.46,8.64,15.88,12.49,9.95,98.77,1.23,38.59,97.18,98.66,99.53,73.18,3224,1973,63,268
315980,Santa Vitória,31,0.71,0.576,0.718,0.865,698.7,0.46,4.94,8.3,12.22,9.31,97.43,2.57,34.93,95.31,99.71,99.13,68.24,18138,14926,227,1223
315990,Santo Antônio do Amparo,31,0.672,0.576,0.641,0.823,431.56,0.43,12.46,22.02,12.58,8.86,96.96,3.04,35.62,91.96,99.6,98.87,60.5,17345,15187,272,1452
316000,Santo Antônio do Aventureiro,31,0.671,0.545,0.66,0.841,485.5,0.42,12.19,24.62,13.6,9.43,98.4,1.6,44.62,94.77,99.84,92.33,62.36,3538,2377,34,233
316010,Santo Antônio do Grama,31,0.633,0.493,0.626,0.823,393.12,0.41,18.65,35.97,15.12,9.33,97.04,2.96,49.61,99.43,100.0,98.39,50.15,4085,3365,55,292
316020,Santo Antônio do Itambé,31,0.558,0.408,0.537,0.794,225.85,0.48,45.53,64.69,23.09,9.03,94.59,5.41,65.77,75.44,92.55,97.63,55.01,4135,1230,100,468
316030,Santo Antônio do Jacinto,31,0.574,0.427,0.575,0.772,286.56,0.53,35.46,51.38,29.42,7.96,96.4,3.6,59.37,80.92,94.88,87.36,52.21,11775,6358,192,1040
316040,Santo Antônio do Monte,31,0.724,0.615,0.736,0.84,781.49,0.49,3.06,6.41,6.4,8.77,94.49,5.51,27.6,97.83,99.88,99.77,66.85,25975,22193,341,2036
316045,Santo Antônio do Retiro,31,0.57,0.469,0.504,0.784,183.75,0.58,57.66,71.09,31.36,9.85,95.85,4.15,53.15,62.35,94.71,95.78,70.26,6955,1590,126,720
316050,Santo Antônio do Rio Abaixo,31,0.669,0.591,0.616,0.823,370.28,0.53,30.24,54.68,18.59,7.88,99.23,0.77,39.23,76.69,99.55,96.29,49.84,1777,888,28,147
316060,Santo Hipólito,31,0.657,0.536,0.641,0.824,431.72,0.54,21.56,36.72,16.76,8.48,97.58,2.42,44.18,81.56,99.11,77.9,60.12,3238,2249,42,296
316070,Santos Dumont,31,0.741,0.697,0.688,0.847,578.64,0.5,12.75,23.74,7.26,9.6,96.56,3.44,21.38,93.04,99.97,98.66,70.91,46284,41320,581,3111
316080,São Bento Abade,31,0.672,0.581,0.651,0.801,458.65,0.42,9.59,18.75,12.91,9.06,100.0,0.0,34.49,97.72,99.32,100.0,61.89,4577,4238,75,433
316090,São Brás do Suaçuí,31,0.664,0.541,0.675,0.801,532.9,0.43,10.08,17.77,4.75,7.62,84.29,15.71,40.43,97.19,100.0,96.25,51.88,3513,3129,31,207
316095,São Domingos das Dores,31,0.638,0.539,0.602,0.8,338.29,0.47,29.01,42.86,12.77,9.72,98.11,1.89,49.19,86.61,99.8,100.0,71.72,5408,2578,93,499
316100,São Domingos do Prata,31,0.69,0.593,0.674,0.823,531.92,0.49,14.02,27.48,8.83,9.22,98.29,1.71,36.27,86.02,99.84,97.18,64.17,17357,10505,226,1221
316105,São Félix de Minas,31,0.62,0.51,0.589,0.795,312.33,0.47,30.01,49.94,22.35,8.85,99.08,0.92,51.92,92.97,99.19,95.47,58.81,3382,2089,57,293
316110,São Francisco,31,0.638,0.542,0.595,0.804,325.23,0.55,37.96,53.88,17.37,8.79,97.37,2.63,37.88,76.42,97.83,91.88,59.19,53828,34204,1004,5806
316120,São Francisco de Paula,31,0.66,0.537,0.66,0.812,484.92,0.39,5.54,11.37,13.3,8.49,96.74,3.26,38.55,93.07,99.69,97.35,59.95,6483,4651,80,512
316130,São Francisco de Sales,31,0.688,0.528,0.711,0.867,665.68,0.5,9.5,14.84,10.64,8.01,94.9,5.1,40.7,94.37,99.79,99.86,58.08,5776,4332,77,410
316140,São Francisco do Glória,31,0.663,0.541,0.647,0.833,449.2,0.47,16.22,28.34,15.28,10.19,96.32,3.68,41.87,88.85,99.58,98.41,77.59,5178,3132,74,408
316150,São Geraldo,31,0.651,0.507,0.656,0.831,474.14,0.41,10.4,20.96,10.44,8.3,96.83,3.17,51.32,94.6,99.65,99.26,62.59,10263,7270,157,752
316160,São Geraldo da Piedade,31,0.6,0.447,0.625,0.774,391.27,0.55,30.88,50.5,21.43,8.08,96.97,3.03,40.19,90.88,100.0,79.07,53.95,4389,1054,65,416
316165,São Geraldo do Baixio,31,0.63,0.482,0.631,0.824,404.81,0.48,20.52,31.42,20.99,8.03,97.42,2.58,47.1,92.66,99.45,91.24,59.71,3486,2440,58,322
316170,São Gonçalo do Abaeté,31,0.67,0.568,0.665,0.796,502.57,0.47,12.42,23.06,11.84,8.08,98.2,1.8,44.12,91.75,97.14,97.5,58.02,6264,4168,108,567
316180,São Gonçalo do Pará,31,0.689,0.57,0.682,0.842,558.07,0.4,6.15,13.42,6.6,8.08,98.01,1.99,39.36,97.63,99.45,98.05,55.73,10398,7960,152,771
316190,São Gonçalo do Rio Abaixo,31,0.667,0.569,0.658,0.792,479.04,0.49,17.61,31.29,11.79,9.68,98.64,1.36,40.65,91.39,99.4,100.0,66.55,9777,4649,143,874
316200,São Gonçalo do Sapucaí,31,0.715,0.609,0.706,0.85,648.31,0.52,9.82,19.83,8.04,8.15,98.79,1.21,37.5,92.61,99.95,99.65,56.5,23906,19742,402,1898
316210,São Gotardo,31,0.736,0.632,0.739,0.855,795.14,0.51,4.58,9.25,8.03,9.25,96.3,3.7,30.74,97.86,99.79,98.59,68.92,31819,30061,489,2527
316220,São João Batista do Glória,31,0.724,0.631,0.713,0.845,676.07,0.45,5.5,11.41,9.77,8.43,97.94,2.06,38.77,99.25,99.79,99.77,62.42,6887,5607,74,492
316225,São João da Lagoa,31,0.634,0.546,0.575,0.813,286.35,0.48,32.7,46.75,15.51,9.84,98.97,1.03,36.07,69.42,95.48,88.97,70.32,4656,2435,73,394
316230,São João da Mata,31,0.653,0.501,0.676,0.822,538.08,0.41,8.41,18.3,10.77,7.16,93.33,6.67,32.85,86.38,99.52,100.0,58.0,2731,1752,16,160
316240,São João da Ponte,31,0.569,0.419,0.559,0.786,258.77,0.48,37.87,53.64,28.92,7.79,98.0,2.0,55.89,90.42,98.83,58.18,42.64,25358,8656,467,2476
316245,São João das Missões,31,0.529,0.381,0.502,0.776,181.77,0.51,53.37,67.79,30.44,7.09,90.8,9.2,57.44,56.99,83.16,85.48,46.0,11715,2446,269,1536
316250,São João del Rei,31,0.758,0.69,0.733,0.86,764.74,0.52,7.22,15.08,3.97,9.96,99.1,0.9,22.23,98.18,99.78,98.85,71.62,84469,79857,1004,5514
316255,São João do Manhuaçu,31,0.65,0.498,0.659,0.836,484.15,0.57,24.73,34.68,14.25,7.99,96.7,3.3,51.78,84.08,99.87,97.77,58.75,10245,4806,180,950
316257,São João do Manteninha,31,0.64,0.522,0.623,0.805,385.78,0.42,16.36,24.66,21.33,8.35,96.54,3.46,41.18,93.72,99.66,97.15,63.92,5188,2905,76,377
316260,São João do Oriente,31,0.648,0.536,0.631,0.805,404.69,0.44,17.27,30.91,16.5,8.64,96.48,3.52,47.14,98.81,99.9,97.01,62.6,7874,6325,85,570
316265,São João do Pacuí,31,0.625,0.504,0.606,0.798,346.53,0.64,42.34,57.04,22.26,7.05,98.67,1.33,41.35,77.06,98.95,68.27,51.23,4060,1921,66,386
316270,São João do Paraíso,31,0.615,0.493,0.583,0.808,300.81,0.44,28.08,43.84,27.6,8.73,97.21,2.79,50.87,82.31,98.75,99.58,61.56,22319,10235,336,1937
316280,São João Evangelista,31,0.638,0.52,0.62,0.806,378.41,0.52,28.51,45.42,16.39,8.93,96.18,3.82,41.9,91.9,98.79,94.5,55.35,15553,10108,263,1359
316290,São João Nepomuceno,31,0.708,0.6,0.696,0.85,608.32,0.42,7.3,16.99,5.34,8.97,97.0,3.0,38.66,95.98,99.96,99.83,59.21,25057,23835,338,1753
316292,São Joaquim de Bicas,31,0.662,0.518,0.664,0.844,498.26,0.44,10.02,17.04,8.65,7.92,95.73,4.27,35.62,94.01,99.4,94.37,55.18,25537,18599,373,2104
316294,São José da Barra,31,0.739,0.637,0.722,0.876,714.22,0.5,6.67,13.77,6.63,8.5,99.14,0.86,29.96,89.55,100.0,99.85,57.98,6778,4894,91,499
316295,São José da Lapa,31,0.729,0.679,0.677,0.844,540.26,0.42,9.47,17.75,5.46,9.69,98.52,1.48,25.13,98.51,99.91,100.0,66.02,19799,11400,305,1730
316300,São José da Safira,31,0.583,0.432,0.6,0.765,334.87,0.47,24.85,38.15,23.66,7.25,95.51,4.49,52.07,89.68,98.74,88.37,53.84,4075,2945,102,443
316310,São José da Varginha,31,0.704,0.597,0.682,0.857,555.77,0.47,10.64,18.51,7.2,9.35,98.38,1.62,38.79,94.33,99.53,99.25,64.4,4198,2372,67,363
316320,São José do Alegre,31,0.717,0.652,0.676,0.837,537.13,0.47,10.85,22.66,9.48,10.79,99.04,0.96,34.49,92.59,99.92,100.0,78.68,3996,2901,58,312
316330,São José do Divino,31,0.658,0.583,0.627,0.778,396.81,0.56,28.37,45.19,20.86,10.12,97.74,2.26,39.22,92.01,99.28,93.85,72.39,3834,2725,66,350
316340,São José do Goiabal,31,0.666,0.553,0.657,0.814,476.92,0.52,18.46,31.82,12.33,10.64,98.84,1.16,39.26,87.93,98.3,97.81,69.91,5636,3689,75,416
316350,São José do Jacuri,31,0.566,0.417,0.582,0.749,298.57,0.49,36.15,56.88,20.02,8.48,95.8,4.2,54.87,76.69,97.23,96.76,57.38,6553,2006,94,585
316360,São José do Mantimento,31,0.657,0.562,0.612,0.823,359.93,0.48,25.15,34.11,16.37,9.27,95.85,4.15,48.72,78.43,100.0,100.0,65.49,2592,1449,41,257
316370,São Lourenço,31,0.759,0.673,0.746,0.871,831.32,0.51,5.89,12.05,4.25,9.66,98.33,1.67,22.93,99.39,99.98,99.07,66.86,41657,41657,517,2824
316380,São Miguel do Anta,31,0.644,0.523,0.616,0.828,370.37,0.44,20.84,30.89,16.93,9.25,98.49,1.51,52.66,91.3,99.91,97.86,60.37,6760,3746,92,495
316390,São Pedro da União,31,0.674,0.539,0.68,0.836,549.49,0.45,9.8,22.15,12.65,9.53,96.23,3.77,43.23,87.64,100.0,99.35,62.26,5040,2781,47,295
316400,São Pedro dos Ferros,31,0.659,0.576,0.631,0.789,406.87,0.43,15.94,26.36,15.41,9.07,97.36,2.64,36.56,98.62,99.06,99.23,62.09,8356,6783,110,642
316410,São Pedro do Suaçuí,31,0.622,0.501,0.611,0.785,358.75,0.48,27.86,43.03,19.21,8.34,96.87,3.13,51.78,84.27,97.8,88.87,54.89,5570,2302,79,470
316420,São Romão,31,0.64,0.568,0.586,0.787,307.02,0.53,35.65,49.85,14.64,8.42,97.37,2.63,30.87,76.27,91.24,87.39,56.59,10276,6469,169,1011
316430,São Roque de Minas,31,0.672,0.517,0.699,0.838,621.11,0.45,7.33,11.72,9.88,9.46,98.07,1.93,47.27,85.76,97.31,99.79,66.08,6686,4222,94,453
316440,São Sebastião da Bela Vista,31,0.692,0.569,0.687,0.848,573.43,0.43,6.35,12.66,14.42,8.42,97.58,2.42,30.76,88.47,99.96,99.61,65.02,4948,2889,65,361
316443,São Sebastião da Vargem Alegre,31,0.66,0.552,0.631,0.827,406.33,0.42,14.83,21.23,12.32,8.82,97.79,2.21,41.16,88.95,100.0,97.26,60.99,2798,1603,41,182
316447,São Sebastião do Anta,31,0.607,0.49,0.597,0.766,327.54,0.44,25.46,37.31,18.14,9.12,98.43,1.57,55.78,93.81,99.11,97.9,61.49,5739,4210,117,608
316450,São Sebastião do Maranhão,31,0.581,0.427,0.564,0.816,267.28,0.54,42.71,62.51,25.04,8.51,95.97,4.03,59.34,80.99,94.88,76.09,59.36,10647,3250,197,1166
316460,São Sebastião do Oeste,31,0.626,0.434,0.678,0.832,545.07,0.39,5.94,13.91,9.71,7.67,97.31,2.69,53.37,95.17,99.92,97.3,50.72,5805,3247,101,402
316470,São Sebastião do Paraíso,31,0.722,0.613,0.735,0.836,775.73,0.47,4.09,8.7,6.33,9.66,97.78,2.22,30.34,98.75,99.59,99.71,70.98,64980,59953,853,4698
316480,São Sebastião do Rio Preto,31,0.632,0.472,0.662,0.809,493.59,0.5,17.21,29.19,13.98,9.05,95.88,4.12,47.8,76.7,98.79,90.79,59.7,1613,876,20,126
316490,São Sebastião do Rio Verde,31,0.676,0.568,0.645,0.845,442.98,0.42,12.18,25.74,9.96,9.48,98.71,1.29,29.99,81.67,99.26,100.0,68.52,2110,1321,23,125
316500,São Tiago,31,0.662,0.533,0.66,0.825,486.69,0.44,10.99,23.31,8.16,9.52,96.99,3.01,46.63,94.4,99.71,99.37,71.61,10561,8471,127,824
316510,São Tomás de Aquino,31,0.7,0.568,0.692,0.874,593.38,0.43,5.94,12.1,11.86,9.7,97.62,2.38,41.3,95.81,99.86,99.75,67.49,7093,5522,105,573
316520,São Thomé das Letras,31,0.667,0.578,0.64,0.801,428.33,0.4,13.48,22.23,12.95,9.25,98.04,1.96,39.97,84.51,98.36,100.0,63.87,6655,3857,103,602
316530,São Vicente de Minas,31,0.715,0.644,0.673,0.845,527.55,0.53,19.83,37.43,7.11,9.68,97.52,2.48,28.82,99.32,100.0,100.0,62.82,7008,5940,96,585
316540,Sapucaí-Mirim,31,0.68,0.563,0.664,0.842,497.65,0.44,9.34,19.49,10.4,9.25,98.22,1.78,41.98,78.59,99.93,100.0,65.14,6241,3783,89,551
316550,Sardoá,31,0.636,0.533,0.594,0.812,321.6,0.5,31.97,44.25,17.86,9.31,97.32,2.68,42.79,91.62,99.0,94.78,67.37,5594,1997,113,560
316553,Sarzedo,31,0.734,0.643,0.706,0.871,648.26,0.46,5.52,10.41,5.86,9.52,98.96,1.04,20.26,97.29,100.0,99.41,67.31,25814,25532,456,2356
316555,Setubinha,31,0.542,0.4,0.536,0.743,224.63,0.55,50.45,64.61,32.25,9.06,95.14,4.86,62.47,68.39,95.3,66.73,53.73,10885,2802,258,1421
316556,Sem-Peixe,31,0.654,0.543,0.623,0.826,386.22,0.44,20.32,36.4,15.6,9.87,99.7,0.3,34.5,80.22,99.45,88.99,62.58,2847,1507,37,174
316557,Senador Amaral,31,0.661,0.564,0.623,0.821,385.29,0.45,24.03,37.77,12.77,9.5,98.91,1.09,35.21,82.57,99.88,100.0,66.15,5219,3101,88,456
316560,Senador Cortes,31,0.674,0.534,0.689,0.834,581.34,0.58,13.2,29.76,11.93,8.84,99.22,0.78,40.06,95.72,100.0,100.0,52.35,1988,1512,23,150
316570,Senador Firmino,31,0.644,0.505,0.639,0.829,426.49,0.43,13.99,25.52,9.98,8.59,93.57,6.43,45.56,93.23,99.76,99.54,61.25,7230,4683,88,531
316580,Senador José Bento,31,0.684,0.585,0.663,0.824,493.87,0.4,8.76,21.15,11.98,10.22,100.0,0.0,37.87,78.38,99.71,98.72,75.07,1868,683,14,116
316590,Senador Modestino Gonçalves,31,0.62,0.539,0.566,0.782,271.55,0.43,32.31,48.27,24.18,8.97,98.7,1.3,40.64,80.58,96.0,98.58,57.66,4574,1803,70,422
316600,Senhora de Oliveira,31,0.631,0.521,0.603,0.801,339.95,0.45,22.94,35.78,12.81,8.99,96.07,3.93,44.69,91.69,99.78,99.22,63.6,5683,3256,88,469
316610,Senhora do Porto,31,0.565,0.378,0.595,0.802,324.4,0.47,29.04,50.18,18.77,8.56,97.74,2.26,72.37,83.83,97.11,77.12,49.57,3497,1286,73,331
316620,Senhora dos Remédios,31,0.626,0.548,0.578,0.776,292.26,0.43,30.44,49.6,13.76,10.29,97.38,2.62,55.36,82.3,99.29,96.96,75.21,10196,3430,146,770
316630,Sericita,31,0.56,0.375,0.602,0.776,338.3,0.45,25.3,42.25,17.78,8.44,93.91,6.09,65.12,86.45,98.26,97.62,59.36,7128,3718,119,666
316640,Seritinga,31,0.66,0.512,0.657,0.853,476.43,0.42,12.23,23.38,9.1,8.62,97.25,2.75,31.17,91.84,100.0,100.0,39.52,1789,1483,14,109
316650,Serra Azul de Minas,31,0.557,0.398,0.537,0.809,226.22,0.54,52.42,72.21,26.62,7.68,90.8,9.2,62.54,65.74,93.92,77.11,46.87,4220,1710,70,484
316660,Serra da Saudade,31,0.677,0.542,0.663,0.863,494.31,0.38,10.9,22.28,13.46,9.42,96.13,3.87,33.59,94.12,97.48,100.0,59.49,815,527,11,68
316670,Serra dos Aimorés,31,0.651,0.539,0.653,0.784,464.82,0.56,23.54,34.96,19.73,8.46,97.49,2.51,29.98,94.5,98.7,83.7,59.88,8412,6774,154,817
316680,Serra do Salitre,31,0.696,0.549,0.722,0.852,715.23,0.53,6.6,9.25,9.02,9.88,97.17,2.83,40.7,94.37,99.03,99.11,68.21,10549,7755,159,901
316690,Serrania,31,0.677,0.569,0.655,0.833,470.34,0.44,11.44,23.17,13.57,8.34,96.16,3.84,38.77,98.88,99.61,99.39,63.22,7542,6576,130,636
316695,Serranópolis de Minas,31,0.633,0.539,0.608,0.773,351.46,0.54,31.41,46.16,23.19,10.5,99.31,0.69,38.4,53.73,98.26,99.27,80.44,4425,1728,76,388
316700,Serranos,31,0.643,0.499,0.638,0.834,425.18,0.5,23.66,42.38,16.77,8.32,97.21,2.79,56.51,91.65,99.01,97.83,52.7,1995,1543,21,162
316710,Serro,31,0.656,0.52,0.65,0.834,457.27,0.65,36.35,56.25,18.68,8.67,97.85,2.15,50.82,78.1,96.39,83.28,56.48,20835,12895,354,2132
316720,Sete Lagoas,31,0.76,0.705,0.742,0.84,809.26,0.53,6.11,12.76,3.99,9.95,98.62,1.38,21.55,99.0,99.93,98.76,71.96,214152,208956,2872,15473
316730,Silveirânia,31,0.652,0.511,0.645,0.841,441.85,0.4,10.68,20.19,11.34,8.32,94.62,5.38,35.83,92.93,99.34,93.28,57.32,2192,1429,31,147
316740,Silvianópolis,31,0.699,0.559,0.706,0.865,647.64,0.47,7.67,18.87,11.78,8.51,98.39,1.61,42.81,92.99,99.59,100.0,58.54,6027,3645,73,417
316750,Simão Pereira,31,0.638,0.478,0.645,0.843,442.7,0.5,21.99,41.38,10.86,8.21,91.89,8.11,61.5,94.3,100.0,100.0,58.07,2537,1496,36,200
316760,Simonésia,31,0.632,0.493,0.622,0.823,383.01,0.5,27.29,41.86,16.99,8.46,97.72,2.28,47.5,81.66,99.82,97.5,63.3,18298,7096,326,1647
316770,Sobrália,31,0.631,0.51,0.611,0.805,357.73,0.47,24.14,39.81,19.79,9.08,98.09,1.91,44.73,97.48,99.95,95.21,63.82,5830,4129,109,487
316780,Soledade de Minas,31,0.697,0.606,0.673,0.831,526.23,0.46,11.6,23.35,8.92,9.74,97.14,2.86,34.25,84.59,99.82,99.75,67.75,5676,3761,72,379
316790,Tabuleiro,31,0.681,0.578,0.666,0.821,503.88,0.45,11.23,22.64,12.76,9.75,99.66,0.34,39.37,92.92,100.0,96.98,66.23,4079,2701,47,277
316800,Taiobeiras,31,0.67,0.578,0.639,0.815,426.91,0.51,22.67,37.1,17.68,9.92,98.35,1.65,40.11,92.91,98.95,98.28,70.58,30917,25060,499,2701
316805,Taparuba,31,0.645,0.557,0.604,0.799,344.16,0.39,19.0,32.88,18.45,9.46,97.56,2.44,42.5,89.84,97.31,96.22,67.0,3137,1405,43,219
316810,Tapira,31,0.712,0.561,0.759,0.847,902.0,0.54,7.19,13.46,6.65,9.06,97.28,2.72,29.63,91.69,99.4,89.52,62.85,4112,2744,48,284
316820,Tapiraí,31,0.667,0.522,0.67,0.847,517.65,0.45,13.76,30.52,12.83,9.1,95.81,4.19,57.06,86.6,98.23,98.59,59.8,1873,1085,21,135
316830,Taquaraçu de Minas,31,0.651,0.525,0.643,0.818,436.05,0.45,20.38,38.74,14.22,8.74,98.75,1.25,41.57,75.47,99.65,92.96,53.93,3794,1755,57,296
316840,Tarumirim,31,0.633,0.499,0.614,0.829,364.41,0.47,23.85,35.78,17.98,8.6,97.13,2.87,48.19,89.98,98.91,96.72,59.42,14293,8019,193,1173
316850,Teixeiras,31,0.675,0.558,0.685,0.804,568.91,0.55,13.73,26.95,10.15,9.12,96.43,3.57,32.77,96.76,99.7,97.77,64.38,11355,7623,146,755
316860,Teófilo Otoni,31,0.701,0.598,0.698,0.824,615.34,0.57,17.79,31.77,12.92,9.42,96.6,3.4,35.53,94.78,98.78,96.72,64.67,134745,110076,1870,10757
316870,Timóteo,31,0.77,0.742,0.737,0.836,786.68,0.48,5.57,11.8,4.44,9.96,98.57,1.43,15.92,96.25,99.91,98.9,68.95,81243,81124,1101,5878
316880,Tiradentes,31,0.74,0.619,0.741,0.885,802.39,0.57,7.07,13.19,5.88,8.91,98.05,1.95,35.08,97.66,99.39,99.89,60.49,6961,5376,89,464
316890,Tiros,31,0.683,0.532,0.703,0.852,634.3,0.52,10.7,18.17,10.68,9.05,97.74,2.26,36.02,89.51,99.54,99.18,70.82,6906,4815,89,462
316900,Tocantins,31,0.688,0.597,0.682,0.8,557.55,0.42,7.41,15.83,8.72,9.28,98.21,1.79,40.82,98.12,99.81,98.97,58.67,15823,12909,185,1069
316905,Tocos do Moji,31,0.696,0.631,0.661,0.808,489.05,0.41,10.23,17.62,10.17,9.6,98.8,1.2,33.75,75.93,99.67,100.0,74.49,3950,1018,48,237
316910,Toledo,31,0.661,0.546,0.66,0.802,486.02,0.4,9.45,17.61,16.45,9.87,98.14,1.86,35.54,81.95,99.83,100.0,77.7,5764,2190,82,448
316920,Tombos,31,0.718,0.607,0.699,0.871,621.05,0.52,15.86,34.05,12.24,9.25,97.55,2.45,39.45,93.47,99.79,99.19,63.6,9537,7602,116,634
316930,Três Corações,31,0.744,0.66,0.73,0.855,749.86,0.56,8.84,17.81,6.97,9.25,97.66,2.34,22.83,98.66,99.76,99.77,67.22,72765,65826,1072,5856
316935,Três Marias,31,0.752,0.695,0.706,0.866,645.33,0.52,10.14,20.25,7.2,9.72,98.6,1.4,27.59,96.82,98.91,97.24,71.24,28318,26840,396,2313
316940,Três Pontas,31,0.731,0.643,0.714,0.85,682.15,0.51,6.9,14.45,8.74,9.46,97.77,2.23,32.54,98.36,99.99,99.5,70.49,53860,46280,754,4288
316950,Tumiritinga,31,0.626,0.482,0.615,0.827,366.89,0.45,21.85,35.5,17.45,8.22,97.48,2.52,44.78,94.26,97.7,91.21,62.1,6293,4323,114,621
316960,Tupaciguara,31,0.719,0.605,0.711,0.863,665.76,0.49,6.81,13.26,9.46,8.91,97.69,2.31,33.98,97.67,99.6,98.6,60.23,24188,22042,315,1695
316970,Turmalina,31,0.682,0.602,0.646,0.816,446.26,0.5,19.79,31.8,14.79,9.89,99.24,0.76,33.75,80.9,99.44,97.56,67.19,18055,12926,286,1633
316980,Turvolândia,31,0.696,0.576,0.707,0.829,649.97,0.49,5.79,12.02,10.93,8.23,98.43,1.57,44.54,89.93,98.93,99.77,57.94,4658,2910,81,393
316990,Ubá,31,0.724,0.62,0.727,0.841,739.56,0.5,5.43,10.93,5.8,8.92,96.97,3.03,33.83,98.45,99.85,98.35,64.59,101519,97636,1331,7481
317000,Ubaí,31,0.609,0.519,0.552,0.787,247.91,0.49,43.56,58.95,20.1,8.81,96.05,3.95,39.19,90.46,97.72,83.53,58.24,11681,5665,229,1262
317005,Ubaporanga,31,0.614,0.475,0.604,0.805,342.3,0.41,20.47,32.65,14.7,8.71,96.86,3.14,54.92,83.35,99.47,90.63,65.98,12040,6434,204,993
317010,Uberaba,31,0.772,0.705,0.772,0.845,978.01,0.5,3.4,8.13,4.19,9.94,97.66,2.34,20.65,98.9,99.85,99.75,68.61,295988,289376,3491,18897
317020,Uberlândia,31,0.789,0.716,0.776,0.885,1001.45,0.5,2.98,6.84,3.74,9.92,97.98,2.02,17.8,99.52,99.92,99.85,71.49,604013,587266,8215,41496
317030,Umburatiba,31,0.638,0.531,0.599,0.815,332.13,0.49,29.24,45.16,26.83,9.22,98.24,1.76,45.22,94.15,98.33,99.55,65.49,2705,1558,58,273
317040,Unaí,31,0.736,0.651,0.723,0.847,720.51,0.54,10.33,18.35,8.66,9.69,97.6,2.4,27.92,92.37,97.34,98.68,72.59,77565,62329,1110,6290
317043,União de Minas,31,0.672,0.534,0.684,0.829,562.84,0.48,12.41,19.18,14.11,7.76,97.32,2.68,44.48,86.1,99.67,98.89,47.62,4418,2726,66,327
317047,Uruana de Minas,31,0.664,0.602,0.612,0.793,360.58,0.51,28.09,41.45,17.94,9.8,99.15,0.85,31.76,76.74,93.99,99.5,81.59,3235,1818,53,302
317050,Urucânia,31,0.633,0.498,0.628,0.811,397.46,0.41,14.93,28.06,15.07,8.98,98.98,1.02,50.75,88.08,99.3,90.64,57.04,10291,7946,163,861
317052,Urucuia,31,0.619,0.543,0.559,0.781,259.38,0.47,35.63,46.91,13.52,8.62,95.56,4.44,28.05,69.3,89.57,96.06,56.73,13604,6165,263,1600
317057,Vargem Alegre,31,0.631,0.486,0.631,0.819,407.13,0.49,24.08,40.88,18.81,8.53,98.46,1.54,49.95,89.99,99.55,94.99,63.75,6461,4771,88,523
317060,Vargem Bonita,31,0.696,0.597,0.667,0.847,508.67,0.38,7.21,11.36,8.05,9.21,100.0,0.0,31.88,90.23,98.92,99.7,67.94,2163,1142,33,134
317065,Vargem Grande do Rio Pardo,31,0.634,0.559,0.563,0.811,265.02,0.45,34.97,50.69,25.27,10.08,96.79,3.21,35.66,61.05,96.62,88.58,72.69,4733,2421,84,475
317070,Varginha,31,0.778,0.707,0.76,0.875,904.57,0.51,3.83,8.31,4.65,9.74,97.94,2.06,18.37,99.4,99.97,99.88,70.89,123081,119061,1594,8721
317075,Varjão de Minas,31,0.711,0.631,0.673,0.847,528.14,0.39,7.68,11.17,8.96,9.76,99.03,0.97,26.44,92.2,98.36,99.76,71.47,6054,5021,96,513
317080,Várzea da Palma,31,0.666,0.573,0.634,0.814,413.59,0.46,16.62,25.89,12.0,8.66,96.9,3.1,33.56,95.04,99.13,97.24,61.34,35809,31313,630,3198
317090,Varzelândia,31,0.594,0.477,0.546,0.806,238.92,0.51,43.84,59.76,24.45,8.72,97.07,2.93,49.27,86.33,98.34,67.62,57.43,19116,8904,363,2001
317100,Vazante,31,0.742,0.666,0.707,0.866,650.88,0.44,5.39,10.13,7.37,10.48,97.26,2.74,22.87,94.74,99.85,99.05,74.72,19723,15919,289,1514
317103,Verdelândia,31,0.584,0.462,0.542,0.797,233.27,0.45,37.92,49.54,26.85,8.83,95.52,4.48,56.88,81.63,95.35,95.64,60.18,8346,4762,194,948
317107,Veredinha,31,0.632,0.555,0.579,0.785,293.08,0.43,29.45,43.46,21.97,9.15,97.99,2.01,28.99,76.96,98.21,94.88,65.13,5549,3769,73,476
317110,Veríssimo,31,0.667,0.501,0.683,0.869,560.98,0.45,9.47,18.97,12.27,7.77,94.38,5.62,45.19,90.1,97.77,100.0,53.09,3483,2037,39,277
317115,Vermelho Novo,31,0.612,0.475,0.61,0.79,355.42,0.52,30.07,47.95,13.38,8.77,94.29,5.71,43.38,87.9,99.93,99.19,59.17,4689,1852,66,386
317120,Vespasiano,31,0.688,0.592,0.677,0.811,539.05,0.42,8.06,14.05,5.88,8.44,96.68,3.32,31.65,99.59,99.96,95.66,56.1,104527,104527,1699,9455
317130,Viçosa,31,0.775,0.696,0.758,0.883,892.25,0.56,7.35,15.12,5.61,10.24,98.99,1.01,27.66,98.3,99.9,98.58,69.21,72220,67305,901,4945
317140,Vieiras,31,0.668,0.592,0.623,0.808,386.39,0.42,18.1,29.31,14.61,9.4,99.23,0.77,35.51,79.21,99.92,99.17,66.5,3731,1853,36,224
317150,Mathias Lobato,31,0.612,0.483,0.596,0.795,326.18,0.54,34.68,51.25,20.42,9.35,96.74,3.26,52.79,98.38,98.96,61.46,56.8,3370,3060,55,331
317160,Virgem da Lapa,31,0.61,0.488,0.585,0.797,305.36,0.49,34.31,52.24,22.18,8.79,92.08,7.92,46.91,68.79,97.59,93.92,65.99,13619,6840,210,1171
317170,Virgínia,31,0.651,0.523,0.635,0.829,415.41,0.47,19.33,34.98,12.51,9.63,96.88,3.12,41.58,76.37,99.61,100.0,66.92,8623,3936,121,630
317180,Virginópolis,31,0.675,0.58,0.638,0.831,423.01,0.49,19.28,32.35,12.93,9.04,98.24,1.76,33.19,92.4,98.51,96.07,58.26,10572,6208,156,910
317190,Virgolândia,31,0.62,0.497,0.602,0.795,339.03,0.51,31.97,51.23,21.33,8.93,98.43,1.57,49.77,82.14,96.51,80.1,57.46,5658,3402,102,520
317200,Visconde do Rio Branco,31,0.709,0.591,0.709,0.85,658.96,0.49,6.47,14.02,8.74,8.84,97.55,2.45,41.57,97.02,99.9,99.44,63.3,37942,31380,491,2806
317210,Volta Grande,31,0.669,0.531,0.669,0.841,515.46,0.51,15.66,26.82,12.32,8.01,98.02,1.98,44.8,97.13,99.87,95.86,51.16,5070,3802,78,440
317220,Wenceslau Braz,31,0.678,0.576,0.644,0.842,439.73,0.44,15.09,31.51,5.53,9.09,98.23,1.77,38.79,44.96,99.52,100.0,63.92,2553,1270,43,196
320010,AFONSO CLÁUDIO,32,0.667,0.544,0.661,0.825,489.59,0.5,19.02,28.87,14.3,8.43,93.98,6.02,45.66,87.72,99.97,98.36,63.19,31091,15855,460,2379
320013,ÁGUIA BRANCA,32,0.678,0.595,0.66,0.792,487.28,0.53,20.37,32.48,14.83,9.78,97.8,2.2,38.28,89.53,100.0,98.49,72.95,9519,3051,144,789
320016,ÁGUA DOCE DO NORTE,32,0.652,0.546,0.619,0.819,377.39,0.49,24.05,35.94,20.0,9.74,98.66,1.34,40.25,88.18,99.76,93.68,67.37,11771,6699,159,971
320020,ALEGRE,32,0.721,0.63,0.708,0.839,655.72,0.52,13.08,22.7,13.54,9.75,97.65,2.35,35.47,93.05,99.85,99.78,65.2,30768,21512,398,2310
320030,ALFREDO CHAVES,32,0.71,0.611,0.703,0.832,634.97,0.48,8.68,15.1,7.89,9.31,98.61,1.39,33.08,78.8,100.0,98.26,71.41,13955,6545,183,890
320035,ALTO RIO NOVO,32,0.664,0.567,0.634,0.815,413.59,0.52,26.19,44.42,17.01,10.1,97.28,2.72,41.08,93.57,99.6,98.65,66.97,7317,4256,116,631
320040,ANCHIETA,32,0.73,0.654,0.696,0.856,608.42,0.46,10.53,19.34,6.75,8.78,99.08,0.92,26.47,93.02,99.78,98.46,57.9,23902,18161,365,1918
320050,APIACÁ,32,0.673,0.549,0.659,0.841,482.94,0.53,21.7,37.37,15.25,8.8,96.87,3.13,38.17,90.84,99.43,99.83,55.37,7512,5211,106,553
320060,ARACRUZ,32,0.752,0.707,0.717,0.838,695.25,0.5,9.67,16.49,7.42,10.26,98.39,1.61,21.99,96.81,99.83,99.3,72.43,81832,71451,1274,6827
320070,ATILIO VIVACQUA,32,0.708,0.637,0.663,0.841,493.81,0.44,13.14,25.95,10.46,9.66,97.61,2.39,30.5,94.18,100.0,99.74,63.88,9850,6116,155,762
320080,BAIXO GUANDU,32,0.702,0.637,0.67,0.811,516.34,0.48,12.82,22.47,13.15,9.87,97.19,2.81,32.75,94.81,99.94,97.05,78.47,29081,22512,429,2286
320090,BARRA DE SÃO FRANCISCO,32,0.683,0.58,0.673,0.815,527.84,0.5,16.38,26.86,15.72,9.0,96.23,3.77,32.26,96.39,99.92,97.53,64.23,40649,26357,592,3148
320100,BOA ESPERANÇA,32,0.679,0.59,0.651,0.816,460.69,0.45,13.43,21.88,16.51,9.22,97.56,2.44,34.55,98.7,98.84,97.95,67.46,14199,10239,248,1223
320110,BOM JESUS DO NORTE,32,0.734,0.673,0.689,0.854,584.06,0.48,10.41,19.1,9.15,9.93,98.73,1.27,14.21,97.95,98.97,99.64,68.62,9476,8699,147,703
320115,BREJETUBA,32,0.656,0.54,0.63,0.828,402.56,0.48,21.79,34.54,18.93,9.47,97.45,2.55,48.26,86.74,99.87,95.74,68.96,11915,3416,202,1158
320120,CACHOEIRO DE ITAPEMIRIM,32,0.746,0.677,0.733,0.837,763.71,0.52,6.64,13.32,5.71,9.61,97.22,2.78,25.25,97.12,99.8,99.16,67.34,189889,173589,2640,13911
320130,CARIACICA,32,0.718,0.628,0.699,0.844,620.89,0.45,7.87,14.74,6.08,9.38,94.81,5.19,26.98,99.26,99.96,94.44,67.96,348738,337643,5424,28865
320140,CASTELO,32,0.726,0.639,0.703,0.852,636.49,0.45,6.8,13.79,8.42,8.07,97.76,2.24,31.96,93.38,100.0,99.02,59.51,34747,21817,471,2416
320150,COLATINA,32,0.746,0.668,0.738,0.841,788.29,0.51,5.75,10.52,7.71,8.89,98.56,1.44,24.7,97.67,99.85,99.08,60.07,111788,98395,1475,7802
320160,CONCEIÇÃO DA BARRA,32,0.681,0.603,0.648,0.81,450.71,0.5,19.26,29.07,15.23,9.73,98.34,1.66,35.2,95.02,98.47,96.94,67.49,28449,22575,512,2747
320170,CONCEIÇÃO DO CASTELO,32,0.67,0.541,0.685,0.81,567.83,0.51,13.9,22.98,12.1,8.08,98.14,1.86,45.77,88.84,99.75,99.01,53.82,11681,5898,173,926
320180,DIVINO DE SÃO LOURENÇO,32,0.632,0.496,0.622,0.819,383.78,0.51,29.79,49.0,15.09,9.39,97.84,2.16,54.04,79.6,99.95,99.82,63.89,4516,1742,67,385
320190,DOMINGOS MARTINS,32,0.669,0.528,0.68,0.833,551.74,0.48,12.83,21.92,10.98,8.52,96.47,3.53,49.13,89.74,100.0,99.54,67.34,31847,7741,429,2435
320200,DORES DO RIO PRETO,32,0.654,0.542,0.635,0.813,414.87,0.49,21.22,33.33,17.59,10.04,94.08,5.92,43.24,93.49,99.71,99.9,75.57,6397,3547,98,570
320210,ECOPORANGA,32,0.662,0.562,0.631,0.819,406.49,0.49,20.65,35.06,20.41,9.16,98.02,1.98,39.52,89.78,98.67,90.15,58.26,23212,14779,363,1889
320220,FUNDÃO,32,0.718,0.623,0.708,0.839,657.18,0.49,10.94,18.21,9.26,8.83,98.67,1.33,35.84,94.96,99.72,98.3,62.57,17025,14378,236,1385
320225,GOVERNADOR LINDENBERG,32,0.694,0.608,0.669,0.823,515.11,0.45,14.26,23.74,11.39,9.69,97.54,2.46,40.66,95.05,100.0,97.16,71.27,10869,4226,156,815
320230,GUAÇUÍ,32,0.703,0.595,0.691,0.846,587.91,0.52,14.56,28.33,12.84,8.97,96.95,3.05,37.81,92.81,99.5,97.78,62.72,27851,22401,421,2314
320240,GUARAPARI,32,0.731,0.626,0.746,0.837,830.51,0.58,8.94,16.63,6.59,8.91,96.24,3.76,29.22,97.29,99.73,96.49,58.71,105286,100528,1565,8429
320245,IBATIBA,32,0.647,0.501,0.651,0.83,458.35,0.45,16.89,26.88,17.9,8.39,97.34,2.66,45.7,86.74,99.89,96.15,55.28,22366,13378,340,1934
320250,IBIRAÇU,32,0.726,0.625,0.733,0.835,764.33,0.56,7.23,14.22,8.08,8.74,97.73,2.27,33.24,94.93,99.57,99.82,64.03,11178,8466,162,839
320255,IBITIRAMA,32,0.622,0.481,0.609,0.821,353.86,0.47,28.31,44.75,19.04,9.44,96.45,3.55,57.09,79.32,99.7,99.64,63.5,8957,3177,151,882
320260,ICONHA,32,0.729,0.658,0.709,0.83,660.78,0.45,7.14,16.44,8.28,9.09,98.8,1.2,26.03,84.28,99.27,99.75,62.44,12523,7277,138,770
320265,IRUPI,32,0.637,0.493,0.658,0.798,481.28,0.51,17.29,28.1,18.56,7.82,96.37,3.63,53.4,76.2,99.88,98.58,55.91,11723,4437,192,1041
320270,ITAGUAÇU,32,0.702,0.641,0.672,0.802,522.25,0.43,11.8,26.73,13.42,9.78,98.67,1.33,32.83,92.03,99.93,97.89,76.18,14134,8054,193,977
320280,ITAPEMIRIM,32,0.654,0.54,0.64,0.808,428.61,0.44,15.71,26.3,11.57,8.94,97.6,2.4,38.27,94.94,99.78,99.29,61.08,30988,19330,517,2669
320290,ITARANA,32,0.684,0.568,0.696,0.809,607.49,0.47,11.56,23.28,10.05,9.24,97.01,2.99,41.31,91.28,100.0,100.0,72.21,10881,4095,139,842
320300,IÚNA,32,0.666,0.537,0.665,0.829,501.21,0.5,13.91,22.6,15.25,9.1,97.42,2.58,51.79,83.83,100.0,99.72,63.18,27328,15620,423,2319
320305,JAGUARÉ,32,0.678,0.568,0.678,0.81,543.6,0.56,21.88,35.69,13.7,8.66,96.9,3.1,41.88,97.5,99.9,98.38,62.96,24678,15033,429,2300
320310,JERÔNIMO MONTEIRO,32,0.698,0.589,0.685,0.844,566.32,0.54,14.62,26.04,13.11,9.55,98.48,1.52,32.78,95.17,99.84,97.09,63.21,10879,8535,144,783
320313,JOÃO NEIVA,32,0.753,0.663,0.751,0.857,859.01,0.53,6.98,11.67,7.71,9.55,98.64,1.36,21.8,98.57,99.88,99.63,69.55,15809,12752,199,1032
320316,LARANJA DA TERRA,32,0.656,0.55,0.633,0.81,411.93,0.47,23.68,37.02,13.21,10.42,97.49,2.51,45.93,88.11,99.93,98.84,78.0,10826,3528,130,703
320320,LINHARES,32,0.724,0.63,0.721,0.834,711.38,0.52,10.78,20.61,9.62,8.97,97.7,2.3,32.67,97.81,99.76,98.63,61.67,141306,121567,2290,12162
320330,MANTENÓPOLIS,32,0.657,0.551,0.636,0.81,417.83,0.52,24.91,41.98,18.61,9.01,99.24,0.76,46.12,95.63,99.69,93.24,64.95,13612,8647,204,1146
320332,MARATAÍZES,32,0.696,0.588,0.676,0.847,538.07,0.52,15.65,24.43,9.78,8.61,98.04,1.96,36.52,98.78,99.59,96.64,60.2,34140,27614,506,2752
320334,MARECHAL FLORIANO,32,0.71,0.589,0.715,0.849,683.63,0.48,6.68,12.41,9.61,9.29,98.49,1.51,32.51,91.52,99.92,99.68,67.2,14262,7421,204,1047
320335,MARILÂNDIA,32,0.696,0.612,0.668,0.823,510.91,0.39,9.0,18.87,12.11,8.57,97.67,2.33,40.68,94.83,99.69,99.85,66.24,11107,5648,127,716
320340,MIMOSO DO SUL,32,0.67,0.541,0.672,0.827,523.04,0.49,13.65,22.84,12.85,8.19,97.17,2.83,37.65,91.03,99.49,96.32,57.03,25902,16232,332,1799
320350,MONTANHA,32,0.667,0.535,0.679,0.816,547.46,0.52,14.05,24.28,17.39,9.49,98.83,1.17,40.38,96.91,99.69,98.71,65.89,17849,13522,281,1438
320360,MUCURICI,32,0.666,0.577,0.617,0.828,372.63,0.48,22.4,35.41,19.87,9.22,98.85,1.15,33.98,92.1,98.97,95.22,57.59,5655,3590,86,475
320370,MUNIZ FREIRE,32,0.645,0.512,0.637,0.821,421.86,0.51,25.85,41.28,14.69,8.77,96.65,3.35,55.99,87.07,99.44,99.23,56.83,18397,8670,298,1550
320380,MUQUI,32,0.694,0.619,0.673,0.802,528.68,0.52,17.5,30.92,11.48,9.39,97.64,2.36,34.62,90.69,99.94,98.43,67.44,14396,9309,212,1078
320390,NOVA VENÉCIA,32,0.712,0.621,0.692,0.841,592.06,0.48,11.77,21.64,11.39,9.52,97.97,2.03,31.76,97.0,99.86,96.63,66.61,46031,30831,659,3661
320400,PANCAS,32,0.667,0.562,0.648,0.815,451.21,0.5,18.93,29.67,17.56,8.87,97.22,2.78,39.69,91.61,99.78,96.48,65.82,21548,10099,370,1949
320405,PEDRO CANÁRIO,32,0.654,0.536,0.643,0.812,437.08,0.46,17.32,27.41,18.05,8.51,97.5,2.5,42.38,97.06,98.73,96.72,54.48,23794,22053,411,2170
320410,PINHEIROS,32,0.673,0.558,0.668,0.816,509.45,0.49,13.49,23.32,17.21,10.1,97.42,2.58,44.4,97.01,99.55,98.8,72.37,23895,18718,380,2020
320420,PIÚMA,32,0.727,0.643,0.702,0.852,629.9,0.49,10.36,19.51,7.61,9.04,98.41,1.59,30.06,98.99,99.64,99.07,63.53,18123,17449,262,1474
320425,PONTO BELO,32,0.669,0.605,0.631,0.783,405.19,0.5,20.91,30.1,21.69,9.57,98.7,1.3,32.43,97.36,98.77,98.8,64.59,6979,5588,119,603
320430,PRESIDENTE KENNEDY,32,0.657,0.553,0.636,0.808,419.97,0.48,20.53,36.09,17.11,9.34,97.13,2.87,39.94,92.37,99.26,95.35,65.41,10314,3440,160,836
320435,RIO BANANAL,32,0.681,0.579,0.68,0.802,550.55,0.5,14.64,24.58,13.27,9.19,95.4,4.6,42.72,95.79,99.9,99.29,67.28,17530,6788,253,1319
320440,RIO NOVO DO SUL,32,0.711,0.62,0.692,0.837,594.24,0.48,9.0,18.18,9.03,8.7,97.78,2.22,35.84,88.37,99.79,98.9,60.79,11325,5946,151,816
320450,SANTA LEOPOLDINA,32,0.626,0.477,0.646,0.797,445.57,0.55,26.35,42.12,13.26,9.15,93.64,6.36,55.88,85.34,99.87,95.41,66.27,12240,2615,179,937
320455,SANTA MARIA DE JETIBÁ,32,0.671,0.521,0.695,0.834,603.33,0.49,11.4,18.46,10.92,8.72,95.92,4.08,51.05,85.81,99.87,97.79,67.76,34176,11797,535,2753
320460,SANTA TERESA,32,0.714,0.604,0.722,0.834,716.25,0.48,5.69,11.83,9.84,9.21,98.16,1.84,33.35,91.22,100.0,99.57,62.24,21823,11768,257,1499
320465,SÃO DOMINGOS DO NORTE,32,0.682,0.575,0.679,0.811,547.57,0.49,12.37,23.42,12.11,9.78,93.71,6.29,36.1,95.18,100.0,99.49,74.64,8001,3437,98,595
320470,SÃO GABRIEL DA PALHA,32,0.709,0.578,0.739,0.835,792.54,0.6,11.49,20.36,10.57,9.21,96.48,3.52,35.53,97.98,99.93,97.36,70.42,31859,24325,451,2304
320480,SÃO JOSÉ DO CALÇADO,32,0.688,0.599,0.669,0.814,514.57,0.51,17.61,31.56,12.34,8.97,97.14,2.86,32.56,96.4,99.91,99.42,63.11,10408,8350,146,735
320490,SÃO MATEUS,32,0.735,0.655,0.719,0.843,699.99,0.57,14.44,24.41,9.76,9.25,97.26,2.74,31.65,96.62,99.74,97.61,62.71,109028,84541,1829,9661
320495,SÃO ROQUE DO CANAÃ,32,0.7,0.623,0.686,0.803,572.42,0.43,7.94,14.95,9.73,9.96,99.33,0.67,36.22,95.36,99.8,97.97,75.69,11273,5584,140,797
320500,SERRA,32,0.739,0.664,0.72,0.844,705.89,0.47,6.1,11.33,5.55,9.4,96.94,3.06,24.14,99.07,99.95,98.45,66.09,409267,406450,6558,34353
320501,SOORETAMA,32,0.662,0.556,0.65,0.802,457.49,0.5,17.95,29.04,14.59,8.69,95.07,4.93,43.4,97.08,99.81,85.56,66.13,23843,16873,483,2436
320503,VARGEM ALTA,32,0.663,0.544,0.658,0.814,480.01,0.45,13.74,25.59,11.3,9.07,98.27,1.73,44.08,67.78,99.66,97.45,61.85,19130,6722,276,1636
320506,VENDA NOVA DO IMIGRANTE,32,0.728,0.624,0.731,0.845,754.66,0.52,9.28,17.63,8.43,9.43,98.88,1.12,33.96,92.73,100.0,99.61,67.59,20447,14809,299,1534
320510,VIANA,32,0.686,0.589,0.672,0.816,523.61,0.42,10.17,16.94,7.03,8.48,94.83,5.17,32.27,96.09,99.86,91.62,61.97,65001,59632,952,5229
320515,VILA PAVÃO,32,0.681,0.588,0.647,0.83,449.3,0.48,18.1,27.77,14.23,9.41,97.26,2.74,36.91,92.64,100.0,97.16,63.9,8672,2998,133,657
320517,VILA VALÉRIO,32,0.675,0.549,0.686,0.816,569.82,0.51,15.83,26.46,14.07,9.28,96.83,3.17,42.98,93.81,99.66,99.34,70.29,13830,5042,209,1170
320520,VILA VELHA,32,0.8,0.734,0.807,0.864,1211.79,0.56,4.27,9.45,3.57,9.83,96.75,3.25,16.29,99.49,99.92,99.32,71.16,414586,412575,5551,29122
320530,VITÓRIA,32,0.845,0.805,0.876,0.855,1866.58,0.6,3.51,8.39,2.98,10.04,97.61,2.39,12.47,99.92,99.98,99.88,73.12,327801,327801,3892,20751
330010,ANGRA DOS REIS,33,0.724,0.605,0.74,0.846,798.68,0.5,6.69,11.88,5.13,9.0,96.38,3.62,28.59,92.49,99.77,99.26,56.23,169511,163290,2653,14501
330015,APERIBÉ,33,0.692,0.631,0.67,0.785,516.14,0.43,9.4,16.9,10.6,8.95,96.7,3.3,20.02,96.84,100.0,97.07,63.96,10213,8878,143,760
330020,ARARUAMA,33,0.718,0.617,0.714,0.839,680.88,0.54,11.6,22.52,7.41,8.84,98.29,1.71,30.75,96.08,99.75,95.64,52.08,112008,106486,1646,8753
330022,AREAL,33,0.684,0.566,0.686,0.823,571.74,0.48,11.13,24.47,7.29,9.21,98.0,2.0,40.05,85.66,99.61,98.57,58.83,11423,9923,158,900
330023,ARMAÇÃO DOS BÚZIOS,33,0.728,0.624,0.75,0.824,851.39,0.51,3.69,5.61,4.56,9.09,97.66,2.34,24.42,83.53,100.0,98.55,54.34,27560,27560,393,2208
330025,ARRAIAL DO CABO,33,0.733,0.677,0.722,0.805,714.47,0.47,6.93,12.57,4.55,9.49,99.17,0.83,20.55,93.91,100.0,99.79,54.37,27715,27715,384,2059
330030,BARRA DO PIRAÍ,33,0.733,0.665,0.723,0.819,719.16,0.51,8.48,17.54,4.48,9.15,98.65,1.35,21.42,94.55,99.74,98.9,56.26,94778,91957,1246,6671
330040,BARRA MANSA,33,0.729,0.657,0.72,0.819,705.1,0.48,5.94,11.91,3.94,9.42,98.37,1.63,21.88,96.83,99.95,99.51,65.57,177813,176193,2196,12130
330045,BELFORD ROXO,33,0.684,0.598,0.662,0.808,491.51,0.42,11.55,19.2,4.97,8.88,96.16,3.84,24.9,94.35,99.89,88.07,56.51,469332,469332,7304,39921
330050,BOM JARDIM,33,0.66,0.503,0.707,0.809,649.62,0.48,8.43,16.59,10.74,8.25,97.36,2.64,46.45,84.01,99.97,99.47,51.59,25333,15266,342,1894
330060,BOM JESUS DO ITABAPOANA,33,0.732,0.662,0.723,0.819,717.69,0.56,10.53,20.4,9.76,9.45,98.08,1.92,26.91,96.3,99.96,98.77,64.28,35411,29927,482,2572
330070,CABO FRIO,33,0.735,0.64,0.743,0.836,815.75,0.54,8.73,16.49,5.02,8.61,96.89,3.11,26.36,90.22,99.86,99.13,51.75,186227,140486,2856,14912
330080,CACHOEIRAS DE MACACU,33,0.7,0.603,0.695,0.817,604.45,0.49,10.38,20.44,9.31,8.73,98.43,1.57,31.44,88.76,99.63,96.77,50.77,54273,46944,758,4100
330090,CAMBUCI,33,0.691,0.608,0.672,0.809,524.88,0.47,11.39,20.25,12.69,9.5,98.81,1.19,34.72,89.49,100.0,97.11,60.89,14827,11292,200,1005
330093,CARAPEBUS,33,0.713,0.644,0.699,0.805,620.35,0.42,6.2,9.25,8.42,9.07,98.75,1.25,18.66,94.7,99.62,96.97,55.24,13359,10542,204,983
330095,COMENDADOR LEVY GASPARIAN,33,0.685,0.605,0.676,0.785,537.66,0.44,10.46,22.78,7.36,9.25,99.39,0.61,26.27,97.67,99.94,99.03,53.26,8180,7862,100,571
330100,CAMPOS DOS GOYTACAZES,33,0.716,0.619,0.715,0.83,682.59,0.55,13.49,24.02,6.85,8.5,97.34,2.66,29.76,97.44,99.81,98.65,51.63,463731,418725,6725,36170
330110,CANTAGALO,33,0.709,0.614,0.705,0.822,641.61,0.48,8.6,18.93,9.42,8.73,95.41,4.59,31.27,93.85,99.78,99.02,51.35,19830,14022,266,1463
330115,CARDOSO MOREIRA,33,0.648,0.534,0.653,0.782,465.04,0.45,14.0,25.2,15.2,7.58,98.59,1.41,34.84,91.4,99.21,97.66,42.07,12600,8757,166,883
330120,CARMO,33,0.696,0.608,0.683,0.813,559.66,0.47,10.31,19.99,9.91,8.24,98.62,1.38,29.7,96.41,99.97,99.12,51.93,17434,13470,251,1303
330130,CASIMIRO DE ABREU,33,0.726,0.642,0.734,0.811,768.45,0.48,5.75,10.09,6.98,9.04,98.49,1.51,27.35,98.07,100.0,99.87,57.01,35347,28521,541,2844
330140,CONCEIÇÃO DE MACABU,33,0.712,0.642,0.698,0.806,614.57,0.48,12.79,24.81,9.73,9.15,98.82,1.18,33.78,95.69,100.0,99.03,57.56,21211,18337,301,1639
330150,CORDEIRO,33,0.729,0.649,0.724,0.826,724.29,0.48,4.8,9.86,5.84,9.15,97.61,2.39,27.35,96.61,99.98,99.55,59.92,20430,19862,271,1502
330160,DUAS BARRAS,33,0.659,0.534,0.677,0.79,540.35,0.44,7.93,16.71,11.73,8.4,97.84,2.16,45.94,81.1,99.62,99.11,46.2,10930,7736,172,856
330170,DUQUE DE CAXIAS,33,0.711,0.624,0.692,0.833,592.81,0.46,9.88,18.19,4.99,9.02,96.09,3.91,25.75,94.78,99.95,95.44,57.96,855048,852138,12784,69884
330180,ENGENHEIRO PAULO DE FRONTIN,33,0.722,0.694,0.674,0.805,529.05,0.45,11.7,24.23,5.78,9.55,98.55,1.45,22.35,88.92,99.85,99.12,60.33,13237,9523,160,905
330185,GUAPIMIRIM,33,0.698,0.604,0.692,0.812,594.06,0.5,10.48,18.83,7.51,8.83,97.6,2.4,29.49,89.68,100.0,94.43,56.35,51483,49746,756,4430
330187,IGUABA GRANDE,33,0.761,0.704,0.744,0.841,818.01,0.56,9.25,16.05,4.24,9.66,98.13,1.87,18.79,83.97,99.64,99.16,59.85,22851,22851,312,1624
330190,ITABORAÍ,33,0.693,0.593,0.69,0.813,584.35,0.48,10.21,18.2,6.56,8.65,97.09,2.91,29.13,88.73,99.85,93.06,52.46,218008,215412,3099,17056
330200,ITAGUAÍ,33,0.715,0.638,0.703,0.814,635.5,0.47,8.95,16.26,5.44,8.9,97.55,2.45,25.22,95.54,99.77,98.83,56.01,109091,104209,1675,9170
330205,ITALVA,33,0.688,0.595,0.692,0.792,593.88,0.47,10.16,18.95,11.06,8.89,98.6,1.4,28.68,95.26,99.97,97.01,54.55,14063,10242,194,950
330210,ITAOCARA,33,0.713,0.635,0.696,0.82,607.18,0.49,10.53,19.31,11.05,9.45,99.62,0.38,29.26,96.28,99.95,97.86,57.86,22899,17326,296,1507
330220,ITAPERUNA,33,0.73,0.649,0.716,0.837,688.83,0.47,6.57,12.93,7.62,9.14,96.06,3.94,26.91,96.62,100.0,98.85,57.55,95841,88368,1205,6549
330225,ITATIAIA,33,0.737,0.652,0.735,0.836,773.48,0.51,7.13,15.16,5.83,9.36,98.17,1.83,25.4,93.42,99.47,97.83,62.77,28783,27813,380,2253
330227,JAPERI,33,0.659,0.555,0.637,0.809,420.15,0.42,14.19,22.98,7.09,8.61,96.64,3.36,32.93,95.7,99.92,84.86,51.78,95492,95492,1512,8471
330230,LAJE DO MURIAÉ,33,0.668,0.575,0.649,0.8,453.97,0.46,14.7,25.89,13.76,9.24,97.94,2.06,37.48,94.61,99.78,98.37,54.95,7487,5637,109,600
330240,MACAÉ,33,0.764,0.681,0.792,0.828,1103.42,0.56,4.63,9.0,4.22,8.53,96.91,3.09,21.12,93.88,99.91,98.83,52.0,206728,202859,2911,15597
330245,MACUCO,33,0.703,0.631,0.687,0.801,574.96,0.5,13.88,25.41,7.92,8.86,97.68,2.32,27.34,99.39,100.0,99.3,51.2,5269,4593,93,436
330250,MAGÉ,33,0.709,0.626,0.685,0.832,567.59,0.49,12.19,21.33,5.86,8.99,97.67,2.33,28.34,85.89,99.85,96.8,56.14,227322,215236,3480,19078
330260,MANGARATIBA,33,0.753,0.676,0.746,0.845,832.15,0.51,6.71,12.76,4.1,9.63,96.71,3.29,23.01,63.9,98.8,99.12,58.44,36456,32120,489,2844
330270,MARICÁ,33,0.765,0.692,0.761,0.85,910.41,0.49,4.88,9.61,4.53,9.03,96.45,3.55,21.36,93.07,99.99,94.43,54.97,127461,125491,1601,8784
330280,MENDES,33,0.736,0.7,0.707,0.806,649.4,0.48,8.63,19.98,5.48,9.75,99.37,0.63,19.38,93.4,99.97,96.81,60.7,17935,17701,198,1210
330285,MESQUITA,33,0.737,0.678,0.704,0.839,640.37,0.47,9.13,17.17,3.45,9.51,97.88,2.12,16.91,96.45,99.95,98.67,60.93,168376,168376,2311,12849
330290,MIGUEL PEREIRA,33,0.745,0.675,0.74,0.828,801.63,0.55,7.89,16.95,6.8,9.28,98.56,1.44,23.9,90.41,99.49,99.24,63.47,24642,21501,291,1724
330300,MIRACEMA,33,0.713,0.646,0.696,0.805,608.62,0.5,12.53,24.41,10.79,8.78,97.54,2.46,24.34,97.75,99.82,99.36,46.8,26843,24741,385,2098
330310,NATIVIDADE,33,0.73,0.683,0.707,0.806,653.23,0.52,10.15,20.14,11.23,10.19,98.56,1.44,21.77,97.52,99.63,98.92,69.34,15082,12046,193,1052
330320,NILÓPOLIS,33,0.753,0.716,0.731,0.817,755.26,0.45,5.15,9.81,2.15,9.75,96.72,3.28,13.19,98.61,99.83,99.56,64.34,157425,157425,2063,11122
330330,NITERÓI,33,0.837,0.773,0.887,0.854,2000.29,0.59,3.34,8.02,2.27,9.68,96.98,3.02,15.79,98.88,99.98,98.63,65.45,487562,487562,5068,27484
330340,NOVA FRIBURGO,33,0.745,0.645,0.758,0.846,894.75,0.51,4.08,9.23,5.03,9.03,98.67,1.33,29.62,89.24,99.97,99.54,56.69,182082,159372,2344,12527
330350,NOVA IGUAÇU,33,0.713,0.641,0.691,0.818,591.0,0.48,10.56,19.29,4.63,9.25,96.22,3.78,22.75,96.48,99.9,95.39,60.28,796257,787563,11885,65184
330360,PARACAMBI,33,0.72,0.666,0.689,0.812,580.49,0.44,9.53,18.16,5.46,9.17,96.12,3.88,23.06,89.26,99.92,99.51,57.36,47124,41722,458,2842
330370,PARAÍBA DO SUL,33,0.702,0.61,0.697,0.812,613.56,0.5,10.9,20.18,6.06,9.03,98.62,1.38,27.44,97.22,99.82,97.79,62.19,41084,36154,538,3014
330380,PARATY,33,0.693,0.544,0.726,0.842,734.36,0.52,9.5,16.22,8.3,7.92,93.81,6.19,36.59,81.38,98.02,98.3,46.21,37533,27689,595,3257
330385,PATY DO ALFERES,33,0.671,0.549,0.683,0.806,562.52,0.56,16.13,30.31,12.3,8.5,97.67,2.33,44.9,89.55,99.39,97.11,55.81,26359,18585,361,2135
330390,PETRÓPOLIS,33,0.745,0.639,0.763,0.847,922.49,0.55,5.94,12.97,3.97,9.36,97.4,2.6,27.03,77.38,99.91,99.21,61.58,295917,281286,3832,20862
330395,PINHEIRAL,33,0.715,0.643,0.709,0.801,657.99,0.51,10.4,18.27,5.3,8.46,96.72,3.28,26.98,97.47,99.86,99.64,53.24,22719,20411,279,1634
330400,PIRAÍ,33,0.708,0.62,0.714,0.803,678.3,0.5,9.58,17.05,7.17,9.06,97.67,2.33,24.75,96.15,99.9,99.65,52.25,26314,20836,323,1982
330410,PORCIÚNCULA,33,0.697,0.606,0.698,0.802,615.63,0.56,18.05,32.59,11.51,9.14,99.1,0.9,38.41,93.13,99.8,98.54,51.19,17760,13890,254,1364
330411,PORTO REAL,33,0.713,0.645,0.688,0.817,577.07,0.42,6.44,12.05,6.33,8.97,98.93,1.07,23.95,99.11,100.0,98.87,61.6,16592,16497,249,1384
330412,QUATIS,33,0.69,0.603,0.676,0.806,535.96,0.42,10.71,18.11,6.75,8.16,97.64,2.36,32.88,97.46,99.89,100.0,53.22,12793,12029,182,980
330414,QUEIMADOS,33,0.68,0.589,0.659,0.81,484.4,0.43,12.92,21.05,5.68,8.78,95.7,4.3,29.27,97.97,99.83,93.32,56.34,137962,137962,2199,11765
330415,QUISSAMÃ,33,0.704,0.61,0.698,0.821,616.31,0.53,12.4,20.38,8.84,9.11,98.53,1.47,25.7,95.54,99.93,99.08,54.74,20242,12996,309,1666
330420,RESENDE,33,0.768,0.709,0.762,0.839,915.21,0.52,5.28,10.28,4.21,9.62,96.99,3.01,18.41,98.28,99.89,99.76,64.68,119769,112331,1608,8806
330430,RIO BONITO,33,0.71,0.62,0.705,0.819,643.54,0.48,7.94,15.05,7.89,8.89,97.23,2.77,28.68,92.56,99.7,98.65,55.12,55551,41259,767,4303
330440,RIO CLARO,33,0.683,0.567,0.7,0.801,623.62,0.5,10.76,22.82,10.23,8.99,97.69,2.31,41.43,82.14,99.45,98.27,53.61,17425,13769,240,1407
330450,RIO DAS FLORES,33,0.68,0.575,0.664,0.822,499.13,0.46,10.93,22.78,8.65,8.86,98.52,1.48,36.68,91.9,100.0,99.72,56.99,8561,5959,130,674
330452,RIO DAS OSTRAS,33,0.773,0.689,0.784,0.854,1051.19,0.53,5.26,10.72,3.73,9.18,98.15,1.85,23.38,90.61,99.9,99.81,58.48,105676,99905,1612,8475
330455,RIO DE JANEIRO,33,0.799,0.719,0.84,0.845,1492.63,0.62,5.01,10.95,2.88,9.39,96.89,3.11,18.03,99.02,99.97,99.17,60.48,6320446,6320446,76513,415306
330460,SANTA MARIA MADALENA,33,0.668,0.556,0.672,0.797,522.66,0.48,16.13,30.34,12.79,8.59,98.35,1.65,41.46,69.06,99.49,99.56,44.22,10321,5932,120,745
330470,SANTO ANTÔNIO DE PÁDUA,33,0.718,0.648,0.709,0.806,657.53,0.51,8.58,15.53,9.25,8.97,98.07,1.93,25.47,95.03,99.95,97.99,61.15,40589,31100,564,2924
330475,SÃO FRANCISCO DE ITABAPOANA,33,0.639,0.533,0.618,0.791,375.49,0.49,23.92,37.51,18.75,8.2,97.98,2.02,46.74,95.84,99.5,94.59,49.59,41354,21092,630,3390
330480,SÃO FIDÉLIS,33,0.691,0.611,0.685,0.787,567.23,0.47,12.22,24.68,10.18,9.47,97.1,2.9,30.56,92.33,99.76,98.87,60.8,37543,29679,459,2600
330490,SÃO GONÇALO,33,0.739,0.681,0.711,0.833,669.3,0.43,6.19,11.5,3.58,9.08,96.71,3.29,18.7,92.75,99.97,93.71,59.41,999728,998999,12770,70489
330500,SÃO JOÃO DA BARRA,33,0.671,0.551,0.686,0.8,570.38,0.48,11.99,23.23,9.8,8.39,97.53,2.47,38.46,97.81,99.78,98.93,49.21,32747,25693,401,2309
330510,SÃO JOÃO DE MERITI,33,0.719,0.646,0.693,0.831,597.57,0.43,7.91,15.24,3.38,9.22,96.58,3.42,21.43,97.73,99.94,97.82,59.75,458673,458673,6423,35683
330513,SÃO JOSÉ DE UBÁ,33,0.652,0.548,0.633,0.798,410.44,0.47,20.63,38.13,14.71,8.92,99.23,0.77,42.94,88.01,99.95,99.73,64.15,7003,3098,94,471
330515,SÃO JOSÉ DO VALE DO RIO PRETO,33,0.66,0.533,0.67,0.806,517.99,0.47,14.13,25.85,10.12,8.71,98.35,1.65,46.2,90.17,100.0,99.52,55.4,20251,9007,301,1591
330520,SÃO PEDRO DA ALDEIA,33,0.712,0.626,0.721,0.801,710.04,0.5,9.11,16.03,6.16,8.98,97.89,2.11,24.2,88.41,99.92,97.68,53.26,87875,82148,1307,7226
330530,SÃO SEBASTIÃO DO ALTO,33,0.646,0.536,0.638,0.789,423.88,0.42,14.3,25.89,14.49,8.47,94.58,5.42,41.46,93.04,99.6,98.4,52.24,8895,4612,107,631
330540,SAPUCAIA,33,0.675,0.561,0.682,0.804,558.94,0.5,14.99,27.37,10.13,8.46,97.31,2.69,44.38,91.94,99.91,98.65,56.23,17525,13273,249,1295
330550,SAQUAREMA,33,0.709,0.621,0.714,0.804,681.62,0.52,8.5,15.86,6.27,8.62,96.26,3.74,27.26,93.43,100.0,95.78,51.04,74234,70456,984,5602
330555,SEROPÉDICA,33,0.713,0.648,0.695,0.805,604.82,0.47,9.95,18.01,5.9,9.28,97.48,2.52,26.26,98.72,99.97,94.9,58.41,78186,64285,1117,6230
330560,SILVA JARDIM,33,0.654,0.536,0.657,0.793,476.99,0.49,17.33,27.17,13.24,8.24,98.79,1.21,44.05,96.17,98.62,98.41,47.71,21349,16121,338,1899
330570,SUMIDOURO,33,0.611,0.436,0.658,0.796,479.46,0.47,16.04,28.88,16.0,7.33,93.48,6.52,64.32,69.94,99.1,97.19,48.05,14900,5440,211,1089
330575,TANGUÁ,33,0.654,0.548,0.644,0.793,440.84,0.42,14.37,25.8,8.92,8.61,98.09,1.91,39.79,93.03,99.86,96.99,46.64,30732,27428,410,2462
330580,TERESÓPOLIS,33,0.73,0.605,0.752,0.855,859.79,0.56,7.06,14.14,6.48,8.82,96.17,3.83,31.69,83.86,99.89,98.83,55.59,163746,146207,2261,12471
330590,TRAJANO DE MORAES,33,0.667,0.547,0.668,0.813,510.96,0.51,17.96,30.05,14.54,8.88,98.37,1.63,36.42,65.79,98.99,93.11,57.17,10289,4780,151,776
330600,TRÊS RIOS,33,0.725,0.656,0.725,0.801,726.83,0.52,9.23,19.36,5.47,8.95,97.88,2.12,23.82,98.42,99.89,98.17,51.26,77432,75165,1035,5609
330610,VALENÇA,33,0.738,0.666,0.713,0.848,675.62,0.52,10.17,21.36,6.0,8.81,97.72,2.28,22.31,94.92,99.81,99.28,50.95,71843,62224,903,5159
330615,VARRE-SAI,33,0.659,0.555,0.636,0.81,418.62,0.44,13.16,23.09,11.6,8.37,96.79,3.21,42.51,91.37,100.0,100.0,57.38,9475,5790,195,860
330620,VASSOURAS,33,0.714,0.624,0.719,0.813,701.06,0.52,11.32,21.39,7.61,8.85,98.76,1.24,32.68,94.55,99.9,99.09,50.68,34410,23199,471,2554
330630,VOLTA REDONDA,33,0.771,0.72,0.763,0.833,920.51,0.5,4.77,10.4,3.3,9.82,98.52,1.48,17.2,99.47,99.98,99.84,68.5,257803,257686,3052,17046
350010,ADAMANTINA,35,0.79,0.75,0.772,0.852,975.43,0.51,2.57,6.66,6.14,10.39,97.55,2.45,13.05,99.54,99.97,100.0,80.75,33797,31948,356,1910
350020,ADOLFO,35,0.73,0.648,0.71,0.844,661.65,0.38,3.43,5.72,8.13,10.13,98.72,1.28,20.89,97.75,100.0,99.9,79.35,3557,3200,45,243
350030,AGUAÍ,35,0.715,0.606,0.703,0.858,636.07,0.47,6.89,14.89,7.73,8.57,95.79,4.21,30.31,98.9,100.0,99.55,58.74,32148,29001,423,2406
350040,ÁGUAS DA PRATA,35,0.781,0.716,0.75,0.886,853.39,0.52,3.56,8.19,6.04,9.4,98.8,1.2,17.61,97.13,100.0,99.43,68.19,7584,6771,75,451
350050,ÁGUAS DE LINDÓIA,35,0.745,0.675,0.725,0.846,730.13,0.43,2.38,3.41,5.96,9.92,96.26,3.74,26.22,98.11,100.0,99.12,78.15,17266,17111,236,1166
350055,ÁGUAS DE SANTA BÁRBARA,35,0.757,0.695,0.744,0.84,818.15,0.48,4.79,9.86,5.16,9.17,98.18,1.82,21.21,91.34,99.94,100.0,72.23,5601,4259,71,414
350060,ÁGUAS DE SÃO PEDRO,35,0.854,0.825,0.849,0.89,1580.72,0.54,0.8,0.67,1.45,10.83,98.43,1.57,14.42,100.0,100.0,100.0,74.51,2707,2707,28,148
350070,AGUDOS,35,0.745,0.694,0.705,0.845,642.59,0.41,6.61,11.28,5.21,10.03,97.9,2.1,19.95,98.81,100.0,99.66,74.57,34524,32993,438,2537
350075,ALAMBARI,35,0.712,0.658,0.682,0.805,556.36,0.44,7.61,12.62,6.59,10.52,99.25,0.75,26.44,97.77,100.0,100.0,74.06,4884,3672,82,432
350080,ALFREDO MARCONDES,35,0.741,0.71,0.682,0.84,558.38,0.36,4.66,11.92,10.13,11.04,98.7,1.3,12.65,99.04,99.92,98.69,78.36,3891,3255,41,239
350090,ALTAIR,35,0.687,0.581,0.698,0.8,616.38,0.42,5.38,9.92,10.2,7.62,96.1,3.9,31.81,99.49,100.0,100.0,64.47,3815,3022,62,281
350100,ALTINÓPOLIS,35,0.73,0.635,0.726,0.843,731.49,0.45,2.84,5.9,6.08,10.6,99.31,0.69,23.45,97.54,100.0,100.0,79.91,15607,13636,201,1126
350110,ALTO ALEGRE,35,0.7,0.616,0.683,0.817,560.3,0.35,3.63,7.62,8.56,10.8,95.2,4.8,30.47,96.15,100.0,99.93,81.08,4102,3234,38,232
350115,ALUMÍNIO,35,0.766,0.732,0.729,0.841,747.27,0.42,5.73,8.39,4.6,10.54,98.76,1.24,13.47,94.94,99.88,100.0,76.08,16839,14123,264,1471
350120,ÁLVARES FLORENCE,35,0.728,0.683,0.701,0.806,627.14,0.41,3.15,8.32,9.55,10.13,99.39,0.61,16.1,87.75,100.0,99.6,80.75,3897,2648,39,203
350130,ÁLVARES MACHADO,35,0.758,0.732,0.712,0.834,672.03,0.46,5.37,11.05,6.99,10.58,98.35,1.65,22.25,99.34,99.92,98.93,77.04,23513,21183,348,1779
350140,ÁLVARO DE CARVALHO,35,0.688,0.605,0.669,0.805,512.99,0.38,4.59,10.55,8.84,11.27,99.31,0.69,23.48,99.6,99.86,100.0,79.73,4650,2952,55,250
350150,ALVINLÂNDIA,35,0.722,0.659,0.721,0.791,710.49,0.53,5.36,11.18,10.52,11.33,99.42,0.58,21.69,99.01,100.0,100.0,75.71,3000,2693,44,236
350160,AMERICANA,35,0.811,0.76,0.8,0.876,1161.68,0.47,1.39,2.92,2.74,10.6,97.98,2.02,12.39,99.64,99.97,99.89,81.77,210638,209654,2387,12722
350170,AMÉRICO BRASILIENSE,35,0.751,0.701,0.709,0.852,659.67,0.39,3.72,6.77,6.89,11.2,98.63,1.37,26.51,99.88,99.87,99.86,86.05,34478,34217,509,2645
350180,AMÉRICO DE CAMPOS,35,0.745,0.708,0.715,0.817,686.56,0.43,4.45,9.44,7.88,11.61,98.25,1.75,18.4,95.24,100.0,99.8,90.03,5706,4788,79,373
350190,AMPARO,35,0.785,0.711,0.78,0.871,1027.6,0.5,2.49,5.57,4.7,9.68,95.7,4.3,18.58,96.39,99.99,99.92,72.13,65829,51811,781,4248
350200,ANALÂNDIA,35,0.754,0.668,0.745,0.861,823.33,0.53,4.81,8.99,6.61,11.46,99.66,0.34,28.92,97.74,99.8,100.0,74.66,4293,3408,52,307
350210,ANDRADINA,35,0.779,0.702,0.762,0.885,919.36,0.51,3.57,8.76,5.88,10.38,98.17,1.83,16.78,98.86,99.79,99.64,79.46,55334,51649,650,3473
350220,ANGATUBA,35,0.719,0.648,0.693,0.827,597.99,0.45,6.84,12.08,6.63,9.55,98.27,1.73,24.86,94.82,99.94,99.62,71.19,22210,15953,321,1775
350230,ANHEMBI,35,0.721,0.637,0.681,0.863,554.16,0.42,6.42,10.61,6.54,10.19,97.25,2.75,26.03,78.44,100.0,99.94,77.61,5653,4271,81,407
350240,ANHUMAS,35,0.741,0.706,0.683,0.845,561.82,0.42,6.9,14.79,7.91,10.35,98.35,1.65,23.25,97.23,100.0,100.0,78.44,3738,3059,52,274
350250,APARECIDA,35,0.755,0.706,0.735,0.828,775.17,0.46,4.54,9.77,3.43,10.5,98.45,1.55,13.52,99.53,99.76,99.41,75.25,35007,34498,473,2392
350260,APARECIDA D'OESTE,35,0.721,0.67,0.697,0.804,611.22,0.47,7.74,18.26,12.12,11.48,97.79,2.21,26.15,99.48,99.95,100.0,86.94,4450,3645,46,289
350270,APIAÍ,35,0.71,0.647,0.662,0.835,492.43,0.55,21.67,30.49,7.62,10.82,97.27,2.73,26.04,90.5,98.23,97.59,81.41,25191,18218,410,2249
350275,ARAÇARIGUAMA,35,0.704,0.597,0.717,0.814,691.69,0.46,5.2,9.15,6.72,9.99,98.21,1.79,29.41,89.94,99.78,90.35,67.59,17080,17080,273,1556
350280,ARAÇATUBA,35,0.788,0.744,0.782,0.841,1036.09,0.52,3.14,6.82,3.83,11.08,97.64,2.36,14.43,99.59,99.71,99.91,81.22,181579,178077,1984,11135
350290,ARAÇOIABA DA SERRA,35,0.776,0.723,0.751,0.86,853.87,0.52,4.14,8.57,4.9,11.47,99.38,0.62,17.96,95.82,100.0,99.34,89.35,27299,18764,360,2033
350300,ARAMINA,35,0.74,0.656,0.723,0.856,721.56,0.43,3.04,7.59,6.2,8.56,98.59,1.41,24.16,97.94,99.46,99.33,52.62,5152,4816,76,348
350310,ARANDU,35,0.685,0.592,0.675,0.806,535.27,0.39,6.53,13.18,8.71,8.64,98.43,1.57,29.92,96.21,100.0,99.55,65.75,6123,4614,93,473
350315,ARAPEÍ,35,0.68,0.612,0.634,0.812,414.19,0.39,15.5,26.85,7.68,9.83,98.75,1.25,32.53,94.85,98.75,99.64,74.42,2493,1875,33,190
350320,ARARAQUARA,35,0.815,0.782,0.788,0.877,1080.66,0.5,2.64,5.86,3.61,10.85,98.71,1.29,11.71,99.49,99.92,99.97,80.01,208662,202730,2386,12413
350330,ARARAS,35,0.781,0.728,0.763,0.859,921.76,0.47,2.31,4.91,4.75,10.15,97.54,2.46,16.67,99.45,99.98,99.93,73.49,118843,112444,1474,7486
350335,ARCO-ÍRIS,35,0.722,0.694,0.671,0.809,520.01,0.4,9.52,19.32,15.3,10.37,99.27,0.73,22.38,95.02,99.78,99.79,82.95,1925,1097,20,129
350340,AREALVA,35,0.744,0.683,0.718,0.84,697.3,0.45,4.87,10.07,7.39,11.61,99.61,0.39,22.23,98.5,100.0,99.76,86.89,7841,6176,101,516
350350,AREIAS,35,0.697,0.672,0.627,0.803,396.78,0.44,18.7,31.37,8.44,11.1,96.83,3.17,33.51,96.67,99.14,98.89,85.43,3696,2478,51,342
350360,AREIÓPOLIS,35,0.695,0.594,0.686,0.823,570.09,0.36,4.7,7.09,10.33,10.94,97.33,2.67,26.77,99.11,100.0,100.0,76.33,10579,9401,181,913
350370,ARIRANHA,35,0.733,0.663,0.73,0.813,751.35,0.4,2.34,4.33,7.87,11.75,99.62,0.38,27.0,95.76,99.9,100.0,87.59,8547,8094,109,593
350380,ARTUR NOGUEIRA,35,0.749,0.681,0.745,0.827,823.24,0.46,3.01,5.05,5.55,9.93,98.29,1.71,21.88,96.64,99.94,99.83,74.51,44177,39998,645,3463
350390,ARUJÁ,35,0.784,0.73,0.761,0.866,910.67,0.56,6.21,10.52,4.91,10.75,98.2,1.8,17.01,98.76,99.94,99.76,81.44,74905,71916,1181,6392
350395,ASPÁSIA,35,0.735,0.657,0.699,0.864,619.43,0.44,5.08,10.44,13.16,12.18,96.93,3.07,16.26,84.96,99.89,100.0,91.44,1809,1257,18,94
350400,ASSIS,35,0.805,0.781,0.771,0.865,967.39,0.5,3.24,7.15,4.11,10.41,98.93,1.07,9.87,99.76,99.97,99.87,77.04,95144,90991,1106,5953
350410,ATIBAIA,35,0.765,0.67,0.786,0.851,1063.52,0.53,4.52,8.95,4.92,9.68,97.31,2.69,24.4,97.66,99.96,99.44,70.32,126603,115229,1692,9350
350420,AURIFLAMA,35,0.773,0.738,0.746,0.84,829.68,0.47,1.41,2.36,7.43,10.26,98.78,1.22,11.82,98.67,100.0,99.08,81.51,14202,12948,184,872
350430,AVAÍ,35,0.714,0.65,0.674,0.83,531.2,0.47,14.95,28.77,7.86,10.71,99.38,0.62,24.25,89.12,99.63,99.9,80.76,4959,3330,67,382
350440,AVANHANDAVA,35,0.705,0.623,0.688,0.817,579.71,0.42,5.21,7.3,8.75,10.13,97.21,2.79,25.94,99.58,100.0,99.86,73.31,11310,9563,146,806
350450,AVARÉ,35,0.767,0.695,0.751,0.866,854.42,0.47,3.83,8.92,4.81,10.1,97.88,2.12,20.79,98.8,99.84,99.83,74.27,82934,79391,1145,5793
350460,BADY BASSITT,35,0.746,0.701,0.737,0.805,783.57,0.36,0.95,2.07,3.9,11.1,98.53,1.47,16.29,99.07,100.0,100.0,79.7,14603,13659,175,1009
350470,BALBINOS,35,0.669,0.537,0.69,0.809,586.02,0.38,8.17,22.42,10.68,11.4,98.91,1.09,17.96,91.93,100.0,100.0,89.06,3702,1191,15,91
350480,BÁLSAMO,35,0.756,0.695,0.746,0.835,832.51,0.44,1.62,2.72,7.59,11.08,98.99,1.01,19.96,98.84,100.0,99.65,86.92,8160,7474,86,443
350490,BANANAL,35,0.733,0.653,0.693,0.872,595.74,0.51,11.21,21.25,8.02,10.86,97.12,2.88,31.67,91.68,98.28,100.0,80.96,10223,8157,156,761
350500,BARÃO DE ANTONINA,35,0.711,0.649,0.676,0.82,536.63,0.47,11.05,18.4,9.32,10.57,100.0,0.0,30.78,79.9,99.8,98.1,78.35,3116,1913,57,233
350510,BARBOSA,35,0.699,0.599,0.676,0.843,536.37,0.4,7.67,15.19,9.96,10.29,98.37,1.63,34.69,98.54,99.25,99.95,73.55,6593,5575,105,525
350520,BARIRI,35,0.75,0.662,0.736,0.867,781.34,0.42,2.58,5.71,5.85,9.93,96.33,3.67,20.47,99.52,99.98,99.92,78.1,31593,29975,402,2297
350530,BARRA BONITA,35,0.788,0.739,0.762,0.869,915.28,0.45,1.54,3.51,5.58,10.77,99.8,0.2,16.42,99.61,100.0,99.74,80.09,35246,34507,378,2165
350535,BARRA DO CHAPÉU,35,0.66,0.599,0.617,0.779,370.97,0.54,26.79,37.17,12.26,11.07,96.87,3.13,41.32,80.2,99.53,97.48,81.28,5244,1544,91,508
350540,BARRA DO TURVO,35,0.641,0.532,0.625,0.792,390.88,0.5,25.8,39.18,17.1,10.46,95.57,4.43,47.23,59.86,85.04,100.0,83.8,7729,3174,139,774
350550,BARRETOS,35,0.789,0.738,0.762,0.875,917.0,0.48,2.94,6.89,4.01,10.42,97.79,2.21,17.49,99.61,99.94,99.59,78.34,112101,108686,1362,7265
350560,BARRINHA,35,0.725,0.646,0.711,0.829,668.32,0.4,3.8,6.81,8.41,11.19,97.5,2.5,30.11,99.45,99.81,99.87,91.11,28496,28180,445,2361
350570,BARUERI,35,0.786,0.708,0.791,0.866,1095.84,0.61,5.65,9.94,4.04,9.83,97.76,2.24,17.26,99.45,100.0,99.92,69.49,240749,240749,3638,19526
350580,BASTOS,35,0.751,0.718,0.696,0.848,609.76,0.41,3.94,6.28,6.84,10.92,98.52,1.48,21.1,99.42,99.86,99.73,77.74,20445,17608,307,1516
350590,BATATAIS,35,0.761,0.685,0.766,0.84,941.79,0.5,3.88,7.93,4.98,10.42,97.67,2.33,22.75,99.74,99.93,99.8,78.93,56476,49945,714,3847
350600,BAURU,35,0.801,0.752,0.8,0.854,1163.86,0.55,3.71,8.36,3.08,10.58,96.94,3.06,16.0,99.58,99.9,99.46,79.36,343937,338184,4372,23125
350610,BEBEDOURO,35,0.78,0.735,0.756,0.853,881.64,0.51,3.7,7.3,4.82,11.18,98.5,1.5,15.89,98.3,99.94,99.74,82.39,75035,71503,963,4959
350620,BENTO DE ABREU,35,0.744,0.712,0.706,0.82,647.1,0.38,3.09,7.53,7.87,9.68,98.01,1.99,16.43,99.88,99.65,100.0,79.77,2674,2444,41,194
350630,BERNARDINO DE CAMPOS,35,0.734,0.662,0.713,0.838,676.6,0.45,4.42,11.87,6.19,10.69,98.35,1.65,27.06,99.31,99.91,100.0,78.27,10775,9658,121,724
350635,BERTIOGA,35,0.73,0.654,0.727,0.817,736.03,0.48,5.64,10.67,5.46,10.08,98.08,1.92,29.35,90.88,99.6,99.56,74.95,47645,46867,835,4349
350640,BILAC,35,0.768,0.722,0.743,0.845,816.06,0.43,1.43,4.22,7.76,10.4,99.02,0.98,20.24,99.71,100.0,99.49,71.72,7048,6481,89,423
350650,BIRIGUI,35,0.78,0.734,0.743,0.869,812.51,0.42,2.24,4.97,4.5,10.62,98.04,1.96,15.18,99.46,99.98,99.69,83.42,108728,105487,1262,6891
350660,BIRITIBA-MIRIM,35,0.712,0.64,0.71,0.795,662.23,0.53,9.77,18.6,8.79,10.16,97.72,2.28,26.16,97.9,99.32,97.03,76.33,28575,24525,463,2461
350670,BOA ESPERANÇA DO SUL,35,0.681,0.562,0.692,0.811,593.36,0.44,8.69,17.01,10.63,9.45,96.02,3.98,35.46,99.01,99.38,100.0,78.35,13645,12184,217,1094
350680,BOCAINA,35,0.742,0.656,0.741,0.84,805.99,0.42,1.31,3.52,6.37,10.44,99.27,0.73,21.64,99.31,100.0,98.76,76.64,10859,10006,145,792
350690,BOFETE,35,0.705,0.609,0.7,0.821,622.11,0.46,8.21,17.5,8.12,9.6,95.07,4.93,37.06,95.39,99.49,99.55,66.32,9618,6132,141,794
350700,BOITUVA,35,0.78,0.728,0.757,0.861,889.51,0.49,4.2,9.14,4.93,11.02,98.66,1.34,23.19,98.38,100.0,99.35,83.9,48314,45448,661,3587
350710,BOM JESUS DOS PERDÕES,35,0.713,0.631,0.716,0.802,688.02,0.41,4.18,7.73,6.35,9.09,97.72,2.28,27.64,97.91,99.92,100.0,65.11,19708,17376,329,1607
350715,BOM SUCESSO DE ITARARÉ,35,0.66,0.613,0.605,0.775,344.32,0.44,21.85,30.57,11.33,10.48,98.3,1.7,36.55,76.19,98.66,99.86,73.27,3571,2430,71,379
350720,BORÁ,35,0.746,0.675,0.712,0.863,670.27,0.4,2.86,7.78,9.58,11.92,94.65,5.35,8.45,98.74,100.0,100.0,95.41,805,627,11,46
350730,BORACÉIA,35,0.754,0.685,0.723,0.866,719.42,0.38,2.45,4.41,7.64,10.61,99.42,0.58,25.38,99.12,100.0,98.4,78.0,4268,3827,63,323
350740,BORBOREMA,35,0.73,0.658,0.71,0.831,664.64,0.42,4.54,10.64,8.16,10.38,98.35,1.65,24.96,98.87,100.0,100.0,82.23,14529,13095,208,1007
350745,BOREBI,35,0.705,0.615,0.674,0.846,529.08,0.39,6.63,10.99,9.25,9.73,99.39,0.61,30.07,94.29,96.09,99.75,70.45,2293,2000,40,192
350750,BOTUCATU,35,0.8,0.746,0.79,0.869,1089.1,0.54,3.3,7.33,4.11,10.45,97.84,2.16,17.85,98.85,99.78,99.69,78.8,127328,122678,1640,8943
350760,BRAGANÇA PAULISTA,35,0.776,0.704,0.772,0.861,974.08,0.52,3.22,6.64,4.37,10.18,96.99,3.01,18.3,97.92,99.96,99.51,74.21,146744,142255,1797,10001
350770,BRAÚNA,35,0.737,0.664,0.725,0.83,726.71,0.43,1.58,2.48,8.97,11.35,98.53,1.47,24.66,96.91,99.94,99.72,87.24,5021,4390,71,313
350775,BREJO ALEGRE,35,0.71,0.618,0.702,0.826,631.02,0.39,2.01,4.87,11.7,9.08,95.97,4.03,21.1,88.16,99.49,100.0,63.47,2573,2110,28,156
350780,BRODOWSKI,35,0.755,0.675,0.738,0.864,787.91,0.44,3.8,6.98,4.14,9.96,97.52,2.48,20.86,99.61,100.0,99.67,77.92,21107,20597,312,1638
350790,BROTAS,35,0.74,0.688,0.724,0.815,722.76,0.41,3.34,5.61,6.52,9.19,99.12,0.88,24.26,98.23,99.96,99.21,68.51,21580,18599,302,1558
350800,BURI,35,0.667,0.578,0.642,0.799,435.15,0.5,18.74,31.04,9.31,10.52,98.49,1.51,39.45,96.24,99.7,98.83,74.52,18563,14992,344,1765
350810,BURITAMA,35,0.763,0.72,0.736,0.839,779.78,0.44,4.57,10.03,8.71,10.59,96.68,3.32,19.06,98.48,100.0,99.81,81.13,15418,14526,189,952
350820,BURITIZAL,35,0.735,0.643,0.743,0.83,817.16,0.46,5.19,10.09,5.8,10.03,99.32,0.68,34.37,98.18,99.82,100.0,58.67,4053,3306,54,257
350830,CABRÁLIA PAULISTA,35,0.694,0.619,0.667,0.811,507.41,0.4,7.01,13.28,9.67,11.25,97.43,2.57,30.3,97.17,97.03,100.0,87.0,4365,3777,67,348
350840,CABREÚVA,35,0.738,0.678,0.717,0.828,694.03,0.42,4.5,8.75,6.22,9.62,97.28,2.72,26.65,98.56,99.75,99.77,70.11,41604,35261,682,3578
350850,CAÇAPAVA,35,0.788,0.755,0.754,0.858,871.87,0.5,5.17,10.8,4.16,10.94,98.01,1.99,14.26,99.45,99.91,99.75,79.82,84752,72517,1169,6128
350860,CACHOEIRA PAULISTA,35,0.764,0.728,0.733,0.837,764.6,0.52,7.63,14.94,4.18,10.33,98.01,1.99,19.04,98.18,99.8,99.64,72.41,30091,24572,420,2192
350870,CACONDE,35,0.72,0.62,0.701,0.858,627.0,0.5,9.0,18.67,7.79,9.92,97.74,2.26,39.08,92.22,99.86,99.58,75.08,18538,12639,280,1568
350880,CAFELÂNDIA,35,0.742,0.661,0.714,0.867,680.71,0.46,5.8,13.33,7.1,9.83,96.75,3.25,26.83,95.5,99.86,99.83,76.02,16607,14426,210,1139
350890,CAIABU,35,0.729,0.691,0.682,0.823,559.13,0.37,5.09,8.51,12.48,11.78,98.92,1.08,23.12,98.78,100.0,97.11,83.44,4072,3315,52,275
350900,CAIEIRAS,35,0.781,0.749,0.74,0.861,800.15,0.47,5.08,9.12,3.93,11.08,94.83,5.17,16.97,97.43,99.93,99.9,85.02,86529,84386,1289,6888
350910,CAIUÁ,35,0.697,0.635,0.665,0.802,500.47,0.45,13.35,22.5,11.71,11.4,99.28,0.72,23.71,72.38,99.49,99.36,80.96,5039,1930,79,389
350920,CAJAMAR,35,0.728,0.668,0.713,0.81,676.5,0.43,7.21,11.54,5.19,10.45,96.5,3.5,21.47,96.75,99.77,99.32,79.0,64114,62823,980,5284
350925,CAJATI,35,0.694,0.611,0.658,0.832,481.48,0.47,14.4,24.04,9.94,10.39,98.37,1.63,33.86,90.63,98.93,99.42,76.6,28372,20720,525,2700
350930,CAJOBI,35,0.734,0.674,0.714,0.822,679.75,0.4,2.77,6.34,7.82,11.75,99.66,0.34,28.02,99.42,99.94,99.9,83.29,9768,9133,131,678
350940,CAJURU,35,0.713,0.633,0.693,0.825,597.11,0.4,4.61,9.93,5.97,9.92,97.11,2.89,32.19,98.17,100.0,99.95,77.06,23371,20795,359,1780
350945,CAMPINA DO MONTE ALEGRE,35,0.717,0.634,0.687,0.846,575.66,0.53,11.03,21.93,8.28,10.87,97.54,2.46,35.01,97.57,99.87,99.35,84.18,5567,4710,76,466
350950,CAMPINAS,35,0.805,0.731,0.829,0.86,1390.83,0.56,3.16,6.75,3.26,10.1,95.95,4.05,16.94,99.42,99.98,99.81,75.32,1080113,1061540,12857,68563
350960,CAMPO LIMPO PAULISTA,35,0.769,0.739,0.733,0.84,767.85,0.43,3.64,7.09,4.22,10.4,96.67,3.33,16.69,99.49,99.94,99.75,75.75,74074,74074,1087,5613
350970,CAMPOS DO JORDÃO,35,0.749,0.648,0.761,0.852,911.4,0.59,5.41,10.59,4.41,10.35,97.15,2.85,27.35,92.06,100.0,99.35,77.77,47789,47491,763,3892
350980,CAMPOS NOVOS PAULISTA,35,0.706,0.638,0.67,0.824,516.26,0.43,9.24,16.37,9.98,10.47,97.9,2.1,30.9,97.58,99.7,100.0,77.84,4539,3528,78,393
350990,CANANÉIA,35,0.72,0.649,0.677,0.851,540.54,0.49,13.88,25.5,7.42,10.77,97.32,2.68,30.5,90.61,97.87,99.05,77.61,12226,10436,195,1051
350995,CANAS,35,0.704,0.677,0.646,0.797,444.72,0.43,15.21,28.79,6.15,10.27,98.37,1.63,32.86,99.09,98.8,100.0,70.05,4385,4070,71,395
351000,CÂNDIDO MOTA,35,0.747,0.704,0.701,0.845,627.55,0.41,5.38,10.69,6.94,10.75,98.18,1.82,20.21,99.68,99.89,99.98,85.53,29884,28096,361,1995
351010,CÂNDIDO RODRIGUES,35,0.789,0.762,0.747,0.863,837.17,0.48,1.97,1.81,8.62,11.99,98.84,1.16,17.05,99.65,100.0,99.71,84.02,2668,2153,33,157
351015,CANITAR,35,0.68,0.605,0.658,0.791,480.52,0.4,7.22,14.84,10.35,11.72,96.17,3.83,34.11,99.1,100.0,100.0,81.9,4369,4138,85,461
351020,CAPÃO BONITO,35,0.721,0.671,0.675,0.826,534.75,0.5,14.66,24.66,9.06,11.72,98.73,1.27,28.35,97.03,99.58,99.45,80.74,46178,37824,795,4022
351030,CAPELA DO ALTO,35,0.699,0.617,0.673,0.823,526.28,0.4,7.03,15.03,7.0,9.74,96.53,3.47,29.82,98.78,99.82,99.93,76.61,17532,14522,279,1518
351040,CAPIVARI,35,0.75,0.669,0.744,0.848,820.46,0.46,2.91,5.78,5.0,9.08,97.29,2.71,23.04,95.85,99.85,99.26,65.56,48576,45904,696,3669
351050,CARAGUATATUBA,35,0.759,0.705,0.735,0.845,773.99,0.5,6.41,11.82,4.7,11.01,97.67,2.33,18.5,97.8,99.62,99.73,81.58,100840,96673,1545,7955
351060,CARAPICUÍBA,35,0.749,0.693,0.721,0.842,712.78,0.46,6.12,10.57,4.36,10.22,96.15,3.85,18.45,98.35,99.93,99.51,76.79,369584,369584,5740,30231
351070,CARDOSO,35,0.722,0.636,0.695,0.853,605.99,0.42,6.96,17.37,9.11,10.38,96.82,3.18,25.57,99.64,100.0,98.62,78.13,11805,10730,158,790
351080,CASA BRANCA,35,0.73,0.64,0.727,0.835,737.96,0.49,5.86,12.49,5.02,9.25,96.94,3.06,23.54,99.59,99.53,99.63,63.99,28307,23154,344,1841
351090,CÁSSIA DOS COQUEIROS,35,0.734,0.673,0.68,0.864,551.4,0.43,7.85,19.15,10.11,9.75,99.48,0.52,23.12,96.77,100.0,100.0,69.06,2634,1795,36,204
351100,CASTILHO,35,0.731,0.686,0.688,0.827,579.36,0.46,12.17,21.6,8.67,11.28,99.08,0.92,21.6,91.19,98.4,99.72,82.24,18003,13586,225,1268
351110,CATANDUVA,35,0.785,0.74,0.767,0.853,945.05,0.46,2.35,5.11,4.67,10.71,98.12,1.88,14.46,98.88,99.88,99.76,79.73,112820,111914,1162,6346
351120,CATIGUÁ,35,0.751,0.676,0.734,0.852,771.78,0.43,1.92,5.54,9.05,10.72,98.42,1.58,22.32,99.69,100.0,99.65,81.85,7127,6569,94,480
351130,CEDRAL,35,0.766,0.689,0.749,0.872,845.41,0.42,2.77,5.63,6.31,10.47,98.73,1.27,14.45,94.68,99.88,99.28,75.65,7972,6307,113,498
351140,CERQUEIRA CÉSAR,35,0.729,0.666,0.71,0.821,665.36,0.43,5.64,11.85,6.67,11.21,98.17,1.83,24.84,98.84,99.74,100.0,81.87,17532,15716,262,1374
351150,CERQUILHO,35,0.782,0.739,0.758,0.854,894.52,0.42,1.15,2.03,3.56,10.64,99.57,0.43,15.06,98.51,100.0,99.44,85.3,39617,37567,508,2762
351160,CESÁRIO LANGE,35,0.706,0.611,0.715,0.804,684.95,0.43,3.82,6.85,5.45,9.99,96.27,3.73,31.05,98.25,99.91,99.43,73.7,15540,10492,170,1093
351170,CHARQUEADA,35,0.736,0.675,0.72,0.82,705.01,0.4,2.72,5.42,7.03,9.19,97.93,2.07,21.96,99.75,99.96,99.28,70.76,15085,13686,202,1126
351190,CLEMENTINA,35,0.725,0.66,0.704,0.821,640.87,0.37,3.34,6.69,9.14,10.46,98.05,1.95,28.47,99.81,100.0,99.67,75.57,7065,6734,97,500
351200,COLINA,35,0.757,0.712,0.72,0.845,706.69,0.46,4.36,8.77,6.2,10.29,98.34,1.66,21.73,99.4,99.98,99.78,72.36,17371,16223,210,1201
351210,COLÔMBIA,35,0.71,0.647,0.689,0.802,582.53,0.4,5.04,8.89,9.95,10.29,99.17,0.83,22.39,98.95,99.61,98.73,75.87,5994,4332,80,442
351220,CONCHAL,35,0.708,0.614,0.699,0.827,617.76,0.43,6.76,13.12,9.63,10.87,96.68,3.32,30.17,99.55,100.0,100.0,82.26,25229,23839,374,2032
351230,CONCHAS,35,0.736,0.658,0.725,0.837,730.42,0.49,4.51,9.16,5.63,9.62,97.56,2.44,28.38,94.91,100.0,99.54,73.69,16288,13197,227,1180
351240,CORDEIRÓPOLIS,35,0.758,0.674,0.754,0.858,873.87,0.44,3.05,6.51,4.78,9.26,96.69,3.31,25.81,97.83,100.0,99.88,70.62,21080,18934,280,1538
351250,COROADOS,35,0.719,0.648,0.704,0.816,638.21,0.39,3.34,5.52,6.84,9.65,98.36,1.64,22.33,98.06,99.94,100.0,72.39,5238,4242,50,324
351260,CORONEL MACEDO,35,0.69,0.619,0.653,0.811,465.29,0.45,13.91,26.31,12.67,11.49,99.08,0.92,35.88,99.02,99.73,100.0,82.3,5001,3865,69,392
351270,CORUMBATAÍ,35,0.754,0.7,0.728,0.841,741.32,0.48,5.24,10.83,7.03,10.37,96.96,3.04,20.79,95.47,99.75,99.71,77.88,3874,2093,57,312
351280,COSMÓPOLIS,35,0.769,0.697,0.746,0.876,829.25,0.42,2.83,5.22,4.83,10.4,98.04,1.96,19.15,98.99,100.0,100.0,74.82,58827,54634,924,4582
351290,COSMORAMA,35,0.722,0.63,0.705,0.849,643.1,0.4,3.62,7.06,9.08,10.92,97.88,2.12,30.22,98.13,100.0,99.75,84.55,7214,4945,86,412
351300,COTIA,35,0.78,0.707,0.789,0.851,1085.66,0.57,4.72,8.61,4.42,10.48,97.51,2.49,18.21,99.03,99.82,98.8,77.49,201150,201150,3151,16721
351310,CRAVINHOS,35,0.756,0.683,0.737,0.857,784.4,0.42,2.46,5.52,6.38,10.21,98.12,1.88,21.47,99.58,99.85,100.0,68.53,31691,30902,414,2306
351320,CRISTAIS PAULISTA,35,0.734,0.682,0.723,0.802,721.31,0.48,5.54,12.93,8.0,10.44,98.18,1.82,28.18,97.1,100.0,100.0,78.63,7588,5528,120,597
351330,CRUZÁLIA,35,0.774,0.778,0.698,0.853,614.17,0.43,7.83,13.0,7.63,11.28,97.93,2.07,18.12,99.36,99.83,100.0,93.83,2274,1510,24,141
351340,CRUZEIRO,35,0.788,0.758,0.742,0.871,809.24,0.53,6.44,13.14,2.86,10.7,97.64,2.36,12.64,98.56,99.77,99.46,77.48,77039,75076,1012,5493
351350,CUBATÃO,35,0.737,0.681,0.716,0.821,689.21,0.45,7.29,13.09,5.32,10.1,98.05,1.95,23.78,87.94,99.99,98.66,71.04,118720,118720,1830,9761
351360,CUNHA,35,0.684,0.576,0.672,0.826,525.19,0.54,17.12,26.98,10.45,10.3,98.05,1.95,43.44,85.51,99.9,98.39,76.87,21866,12167,310,1740
351370,DESCALVADO,35,0.76,0.687,0.74,0.865,798.74,0.45,5.24,10.29,5.5,10.53,98.6,1.4,18.97,98.14,99.69,99.92,78.33,31056,27712,401,1977
351380,DIADEMA,35,0.757,0.716,0.717,0.844,694.55,0.43,5.51,9.69,4.36,9.59,96.84,3.16,17.55,99.52,99.99,99.52,73.89,386089,386089,5646,30615
351385,DIRCE REIS,35,0.741,0.704,0.686,0.842,570.51,0.37,3.74,8.97,13.9,11.28,100.0,0.0,23.22,100.0,99.81,99.68,87.54,1689,1279,16,87
351390,DIVINOLÂNDIA,35,0.734,0.645,0.72,0.85,707.97,0.48,5.51,12.5,6.32,9.59,98.61,1.39,35.58,94.47,99.77,100.0,69.89,11208,7500,110,689
351400,DOBRADA,35,0.718,0.655,0.691,0.818,589.47,0.38,4.6,9.59,15.11,11.18,99.5,0.5,35.85,99.92,100.0,100.0,83.28,7939,7762,120,627
351410,DOIS CÓRREGOS,35,0.725,0.616,0.725,0.853,727.28,0.46,5.37,12.64,8.26,10.45,96.69,3.31,35.57,98.37,100.0,100.0,81.86,24761,23446,314,1761
351420,DOLCINÓPOLIS,35,0.742,0.709,0.699,0.825,620.98,0.36,2.37,6.57,12.23,12.24,100.0,0.0,17.36,98.35,100.0,100.0,93.94,2096,1949,33,131
351430,DOURADO,35,0.738,0.689,0.718,0.811,697.37,0.37,1.93,5.44,7.76,10.97,100.0,0.0,19.1,99.58,100.0,100.0,81.38,8609,7869,114,556
351440,DRACENA,35,0.776,0.737,0.752,0.842,862.86,0.44,2.4,5.38,5.88,10.16,98.19,1.81,16.39,98.97,99.81,99.88,75.75,43258,39946,475,2455
351450,DUARTINA,35,0.748,0.698,0.716,0.837,688.4,0.43,4.24,9.93,6.86,11.26,98.3,1.7,23.55,99.18,99.68,99.95,86.26,12251,10997,149,790
351460,DUMONT,35,0.744,0.674,0.72,0.849,705.3,0.39,0.85,1.35,7.21,10.79,97.62,2.38,24.48,96.22,100.0,100.0,84.67,8143,7854,100,590
351470,ECHAPORÃ,35,0.745,0.69,0.719,0.834,703.55,0.53,6.25,12.62,9.8,10.59,98.79,1.21,24.47,97.27,99.95,100.0,77.39,6318,5032,81,451
351480,ELDORADO,35,0.691,0.615,0.633,0.847,411.0,0.49,23.26,37.56,11.23,9.81,97.3,2.7,28.87,84.43,99.16,99.93,69.36,14641,7205,276,1469
351490,ELIAS FAUSTO,35,0.695,0.583,0.701,0.822,625.66,0.42,4.87,6.72,7.41,9.54,97.29,2.71,29.83,93.65,99.94,100.0,69.53,15775,12558,206,1232
351492,ELISIÁRIO,35,0.747,0.712,0.711,0.825,666.93,0.33,1.4,3.51,9.82,11.93,98.49,1.51,19.87,100.0,100.0,100.0,84.37,3120,2858,33,174
351495,EMBAÚBA,35,0.73,0.641,0.723,0.84,717.97,0.36,1.96,4.46,8.15,10.75,100.0,0.0,18.15,99.63,99.89,99.78,83.46,2423,2060,37,153
351500,EMBU,35,0.735,0.676,0.7,0.839,622.77,0.45,7.05,12.11,4.96,9.98,96.78,3.22,22.72,98.54,99.95,99.49,74.39,240230,240230,3656,20422
351510,EMBU-GUAÇU,35,0.749,0.708,0.713,0.834,676.52,0.5,8.98,16.18,6.07,10.22,97.07,2.93,16.42,97.2,99.9,97.69,76.23,62769,61095,987,5458
351512,EMILIANÓPOLIS,35,0.727,0.691,0.69,0.805,584.76,0.38,4.81,8.38,11.55,11.12,97.29,2.71,21.3,96.06,99.79,98.94,76.88,3020,2497,38,195
351515,ENGENHEIRO COELHO,35,0.732,0.668,0.72,0.815,707.37,0.45,5.92,11.12,8.78,9.68,98.49,1.51,34.84,91.87,100.0,99.5,67.67,15721,11498,251,1321
351518,ESPÍRITO SANTO DO PINHAL,35,0.787,0.712,0.784,0.872,1048.6,0.57,2.94,6.55,5.71,10.03,97.91,2.09,21.43,98.92,100.0,99.88,75.99,41907,37245,498,2767
351519,ESPÍRITO SANTO DO TURVO,35,0.696,0.609,0.675,0.819,533.76,0.38,3.0,4.87,8.88,9.18,97.33,2.67,22.97,95.5,99.92,100.0,69.75,4244,3630,72,366
351520,ESTRELA D'OESTE,35,0.76,0.705,0.712,0.873,670.65,0.39,4.95,11.47,8.21,9.75,99.02,0.98,21.4,99.52,100.0,100.0,74.75,8208,6831,100,517
351530,ESTRELA DO NORTE,35,0.74,0.714,0.693,0.818,597.74,0.43,3.82,6.73,9.33,11.93,98.89,1.11,13.3,98.5,99.88,99.49,89.41,2658,2099,30,179
351535,EUCLIDES DA CUNHA PAULISTA,35,0.704,0.655,0.663,0.802,493.91,0.45,14.46,25.95,13.78,10.49,98.52,1.48,27.65,88.73,99.3,98.62,78.6,9585,6111,141,788
351540,FARTURA,35,0.732,0.648,0.699,0.867,618.77,0.43,6.9,14.87,6.3,9.53,97.38,2.62,23.22,96.31,99.85,100.0,69.52,15320,12238,190,1085
351550,FERNANDÓPOLIS,35,0.797,0.758,0.767,0.872,944.0,0.49,2.46,6.37,5.91,11.22,99.39,0.61,12.92,99.68,99.95,99.87,82.44,64696,62714,728,3946
351560,FERNANDO PRESTES,35,0.758,0.68,0.746,0.859,832.72,0.41,0.42,0.87,7.79,10.54,96.57,3.43,24.3,99.35,100.0,100.0,81.89,5534,4698,59,323
351565,FERNÃO,35,0.703,0.617,0.668,0.843,510.09,0.4,5.17,10.19,8.55,11.92,98.93,1.07,23.31,94.16,99.74,100.0,87.16,1563,850,26,107
351570,FERRAZ DE VASCONCELOS,35,0.738,0.703,0.691,0.828,587.83,0.43,7.58,13.28,4.91,10.77,97.59,2.41,17.9,99.18,99.86,99.78,81.49,168306,160754,2718,14661
351580,FLORA RICA,35,0.727,0.723,0.668,0.796,511.8,0.4,7.92,17.31,14.41,12.45,99.31,0.69,17.79,96.95,100.0,99.29,81.14,1752,1418,14,108
351590,FLOREAL,35,0.747,0.726,0.71,0.808,663.83,0.37,2.41,7.93,8.79,9.89,96.13,3.87,10.28,99.35,100.0,100.0,75.65,3003,2439,27,160
351600,FLÓRIDA PAULISTA,35,0.715,0.646,0.702,0.807,632.97,0.41,6.0,10.42,10.22,10.76,98.87,1.13,25.37,99.04,100.0,100.0,81.47,12848,10137,132,805
351610,FLORÍNIA,35,0.713,0.652,0.678,0.82,544.03,0.46,14.89,29.64,9.29,7.92,96.59,3.41,22.7,96.82,100.0,100.0,62.59,2829,2512,37,204
351620,FRANCA,35,0.78,0.753,0.749,0.842,846.57,0.46,3.34,7.07,3.44,11.19,98.16,1.84,15.49,99.79,99.98,99.93,84.75,318640,313046,4427,24093
351630,FRANCISCO MORATO,35,0.703,0.647,0.659,0.815,483.98,0.4,9.32,14.93,6.94,10.32,95.79,4.21,23.64,98.81,99.85,97.89,76.62,154472,154158,2715,14359
351640,FRANCO DA ROCHA,35,0.731,0.654,0.702,0.852,632.42,0.44,6.83,12.12,5.97,10.2,95.7,4.3,21.91,97.81,99.9,98.51,78.02,131604,121244,1970,10640
351650,GABRIEL MONTEIRO,35,0.763,0.762,0.721,0.809,712.72,0.37,0.88,1.86,8.88,10.07,99.5,0.5,9.87,94.17,100.0,99.82,73.82,2708,2257,35,141
351660,GÁLIA,35,0.709,0.634,0.684,0.823,565.41,0.42,5.68,12.86,10.6,11.09,96.94,3.06,29.36,97.21,99.69,99.78,82.43,7011,5225,81,437
351670,GARÇA,35,0.769,0.728,0.737,0.849,786.83,0.5,6.94,15.22,7.33,11.0,98.12,1.88,18.42,99.19,99.68,99.88,81.02,43115,39192,544,2914
351680,GASTÃO VIDIGAL,35,0.723,0.635,0.727,0.817,736.47,0.42,2.39,4.86,9.57,10.31,96.55,3.45,29.1,95.77,100.0,99.67,77.29,4193,3756,52,248
351685,GAVIÃO PEIXOTO,35,0.719,0.676,0.687,0.802,575.08,0.35,7.38,17.38,8.83,10.91,98.73,1.27,30.98,99.47,100.0,100.0,76.3,4419,3575,68,330
351690,GENERAL SALGADO,35,0.747,0.702,0.734,0.808,771.92,0.45,2.29,4.45,8.0,11.26,98.55,1.45,20.37,99.67,100.0,99.81,83.52,10669,9084,120,649
351700,GETULINA,35,0.717,0.652,0.696,0.813,608.58,0.45,6.15,12.57,9.11,10.66,99.43,0.57,27.12,97.83,99.33,99.26,79.57,10765,8334,142,715
351710,GLICÉRIO,35,0.735,0.63,0.735,0.858,777.37,0.52,5.82,12.25,8.85,10.97,98.45,1.55,26.52,99.44,100.0,100.0,80.11,4565,3362,50,320
351720,GUAIÇARA,35,0.739,0.679,0.697,0.853,610.2,0.38,4.47,9.27,6.76,10.73,98.44,1.56,17.19,98.95,99.62,99.64,78.13,10670,9694,140,808
351730,GUAIMBÊ,35,0.728,0.689,0.675,0.83,532.14,0.4,6.49,13.26,11.33,10.49,98.95,1.05,26.88,98.88,99.49,99.9,73.26,5425,4740,82,414
351740,GUAÍRA,35,0.753,0.683,0.759,0.824,901.23,0.53,4.08,8.08,5.59,10.21,97.84,2.16,24.12,99.72,100.0,99.9,75.33,37404,36059,519,2571
351750,GUAPIAÇU,35,0.725,0.605,0.728,0.866,741.42,0.41,3.52,7.61,7.02,8.67,98.02,1.98,26.09,93.49,99.68,99.83,58.38,17869,15805,202,1158
351760,GUAPIARA,35,0.675,0.602,0.634,0.806,412.51,0.55,28.17,42.22,12.68,9.55,96.7,3.3,37.36,82.07,99.56,99.45,66.33,17998,7233,300,1644
351770,GUARÁ,35,0.718,0.63,0.71,0.826,664.56,0.49,8.09,14.67,9.53,10.74,98.02,1.98,30.6,98.89,99.85,99.8,83.43,19858,19223,319,1735
351780,GUARAÇAÍ,35,0.719,0.663,0.699,0.803,619.41,0.42,7.02,17.52,8.93,11.09,98.0,2.0,19.67,94.34,97.65,100.0,86.66,8435,6654,106,537
351790,GUARACI,35,0.737,0.682,0.698,0.84,615.78,0.42,5.7,11.04,8.25,9.67,96.97,3.03,24.93,98.48,100.0,99.68,73.33,9976,8927,138,707
351800,GUARANI D'OESTE,35,0.732,0.714,0.682,0.806,557.58,0.4,6.43,11.88,11.01,10.92,95.65,4.35,20.51,99.01,100.0,100.0,78.16,1970,1735,23,127
351810,GUARANTÃ,35,0.713,0.623,0.698,0.832,615.97,0.48,5.71,10.52,9.96,11.74,98.9,1.1,28.53,97.53,99.77,99.8,89.55,6404,5462,122,565
351820,GUARARAPES,35,0.763,0.726,0.727,0.84,739.89,0.43,3.29,6.69,6.76,10.72,99.59,0.41,18.17,99.52,99.86,99.71,79.27,30597,28318,391,1976
351830,GUARAREMA,35,0.731,0.656,0.729,0.817,748.79,0.47,5.51,11.19,7.17,10.67,97.35,2.65,24.46,98.62,99.8,98.39,80.12,25844,22240,373,2096
351840,GUARATINGUETÁ,35,0.798,0.751,0.764,0.886,926.78,0.54,5.95,12.32,2.91,11.02,97.82,2.18,15.45,99.09,99.85,99.76,78.76,112072,106762,1415,7601
351850,GUAREÍ,35,0.687,0.583,0.692,0.805,594.42,0.44,4.37,8.81,7.67,10.29,96.32,3.68,41.13,95.8,99.32,98.99,77.69,14565,8413,159,904
351860,GUARIBA,35,0.719,0.645,0.712,0.811,671.34,0.43,5.39,10.07,9.91,10.37,97.28,2.72,21.33,99.8,99.97,100.0,73.83,35486,34748,532,2741
351870,GUARUJÁ,35,0.751,0.679,0.729,0.854,745.0,0.5,7.04,12.33,5.1,10.0,95.85,4.15,19.86,93.6,99.99,98.95,75.01,290752,290696,4548,23897
351880,GUARULHOS,35,0.763,0.717,0.746,0.831,829.91,0.51,6.5,11.36,4.1,10.15,97.08,2.92,17.42,99.05,99.91,99.69,77.37,1221979,1221979,18622,101178
351885,GUATAPARÁ,35,0.743,0.688,0.724,0.822,723.83,0.53,8.23,13.0,9.85,10.28,99.07,0.93,18.44,94.37,99.85,97.57,75.72,6966,5116,117,567
351890,GUZOLÂNDIA,35,0.697,0.621,0.676,0.808,537.05,0.41,6.14,12.01,13.6,9.68,85.3,14.7,22.33,99.67,99.86,100.0,92.63,4754,4021,71,340
351900,HERCULÂNDIA,35,0.727,0.698,0.68,0.809,549.27,0.44,8.78,17.22,9.02,11.56,98.42,1.58,25.34,99.28,99.74,99.45,87.61,8696,7921,148,706
351905,HOLAMBRA,35,0.793,0.698,0.815,0.878,1274.53,0.54,2.86,5.36,5.42,10.44,98.81,1.19,22.47,97.24,100.0,100.0,76.68,11299,8184,152,853
351907,HORTOLÂNDIA,35,0.756,0.703,0.716,0.859,686.96,0.41,3.95,7.47,4.65,10.97,97.54,2.46,15.9,98.8,99.93,99.8,80.39,192692,192692,2770,15013
351910,IACANGA,35,0.745,0.675,0.721,0.851,712.15,0.4,3.57,8.96,6.9,9.7,96.64,3.36,18.68,98.71,100.0,99.81,78.26,10013,8726,113,687
351920,IACRI,35,0.733,0.655,0.701,0.857,628.14,0.44,5.43,12.62,9.81,11.51,99.38,0.62,29.43,96.25,99.9,100.0,87.78,6419,5050,71,405
351925,IARAS,35,0.674,0.543,0.664,0.848,497.81,0.52,23.43,30.57,7.47,11.0,98.54,1.46,25.1,74.89,91.76,98.27,76.08,6376,2837,72,435
351930,IBATÉ,35,0.703,0.627,0.681,0.814,552.79,0.37,5.05,8.62,7.33,9.72,97.57,2.43,29.65,99.74,99.73,100.0,71.61,30734,29508,459,2428
351940,IBIRÁ,35,0.74,0.65,0.741,0.841,803.36,0.48,3.88,9.1,8.55,9.17,98.44,1.56,32.2,99.2,100.0,100.0,71.23,10896,10045,122,651
351950,IBIRAREMA,35,0.708,0.628,0.692,0.817,593.7,0.43,6.41,12.69,6.83,9.61,97.35,2.65,28.96,99.77,99.95,100.0,71.23,6725,6212,103,506
351960,IBITINGA,35,0.747,0.667,0.738,0.846,791.99,0.43,2.33,5.13,5.47,9.61,95.77,4.23,27.44,99.66,99.88,99.63,79.74,53158,51057,637,3454
351970,IBIÚNA,35,0.71,0.614,0.7,0.832,624.55,0.48,8.3,15.05,8.7,10.2,95.76,4.24,35.25,95.36,99.74,98.81,79.86,71217,24933,1133,6138
351980,ICÉM,35,0.72,0.646,0.716,0.806,690.78,0.45,5.11,11.25,6.92,10.32,98.51,1.49,27.78,93.71,99.78,99.6,71.0,7462,6404,93,528
351990,IEPÊ,35,0.736,0.7,0.7,0.814,623.96,0.44,7.4,13.07,8.27,11.12,97.9,2.1,23.27,98.25,99.78,99.61,87.78,7628,6773,88,533
352000,IGARAÇU DO TIETÊ,35,0.727,0.664,0.691,0.838,590.77,0.36,4.13,8.69,9.52,10.5,98.83,1.17,27.84,99.94,100.0,99.73,82.12,23362,23228,316,1671
352010,IGARAPAVA,35,0.768,0.671,0.809,0.835,1228.09,0.67,3.15,6.85,8.14,10.31,97.83,2.17,27.14,96.54,99.96,99.21,75.76,27952,26362,377,1897
352020,IGARATÁ,35,0.711,0.616,0.683,0.855,561.31,0.41,7.25,14.96,9.96,9.75,99.1,0.9,27.93,85.26,99.43,98.12,70.22,8831,7005,132,729
352030,IGUAPE,35,0.726,0.653,0.691,0.847,588.36,0.55,18.75,32.85,7.99,10.09,99.51,0.49,28.01,90.58,98.66,93.63,75.4,28841,24687,507,2577
352040,ILHABELA,35,0.756,0.693,0.739,0.843,794.57,0.49,4.48,8.73,5.22,10.63,98.33,1.67,23.51,81.89,99.09,99.45,80.7,28196,28002,437,2378
352042,ILHA COMPRIDA,35,0.725,0.666,0.696,0.823,608.83,0.46,11.23,16.4,5.04,10.15,98.18,1.82,21.85,97.72,99.35,97.45,70.33,9025,9025,124,725
352044,ILHA SOLTEIRA,35,0.812,0.782,0.786,0.871,1063.04,0.48,2.58,4.85,4.28,12.13,99.26,0.74,8.88,98.71,99.74,98.13,82.43,25064,23520,282,1462
352050,INDAIATUBA,35,0.788,0.738,0.791,0.837,1098.31,0.47,1.43,2.86,3.38,10.68,98.18,1.82,14.07,99.32,100.0,99.79,76.81,201619,199592,2659,14110
352060,INDIANA,35,0.761,0.733,0.714,0.843,681.29,0.45,4.42,8.79,6.59,12.55,97.96,2.04,18.86,99.63,99.77,100.0,85.79,4825,4127,60,316
352070,INDIAPORÃ,35,0.751,0.71,0.714,0.835,680.85,0.47,4.6,9.69,11.38,10.77,98.41,1.59,22.98,99.37,100.0,98.48,84.52,3903,3379,39,214
352080,INÚBIA PAULISTA,35,0.759,0.75,0.688,0.849,576.91,0.37,1.81,3.83,9.71,11.34,98.26,1.74,16.89,92.27,100.0,100.0,81.86,3630,3177,40,216
352090,IPAUSSU,35,0.727,0.65,0.713,0.828,677.42,0.48,5.14,12.4,7.02,10.13,97.89,2.11,30.69,99.39,99.88,100.0,73.98,13663,12588,199,1043
352100,IPERÓ,35,0.719,0.672,0.68,0.814,551.75,0.4,7.35,12.05,5.04,10.37,98.94,1.06,22.16,96.55,99.78,100.0,80.65,28300,17463,426,2308
352110,IPEÚNA,35,0.753,0.685,0.737,0.845,785.15,0.46,3.87,7.94,5.78,10.83,98.8,1.2,22.8,99.1,100.0,100.0,79.9,6016,5178,91,518
352115,IPIGUÁ,35,0.73,0.666,0.696,0.839,608.53,0.36,3.51,4.57,6.93,10.24,98.5,1.5,24.54,90.85,99.71,100.0,75.74,4463,2697,52,284
352120,IPORANGA,35,0.703,0.668,0.637,0.816,421.14,0.53,25.24,42.25,12.59,11.78,97.26,2.74,26.03,84.02,88.89,99.91,84.73,4299,2401,87,392
352130,IPUÃ,35,0.749,0.654,0.759,0.848,900.48,0.59,4.06,7.32,9.14,10.82,97.99,2.01,30.17,99.18,100.0,99.69,76.01,14148,13562,222,1158
352140,IRACEMÁPOLIS,35,0.776,0.729,0.742,0.863,808.74,0.4,2.93,6.66,3.45,10.18,95.68,4.32,16.83,99.66,100.0,100.0,76.13,20029,19616,288,1405
352150,IRAPUÃ,35,0.713,0.624,0.688,0.844,579.58,0.36,3.8,9.7,10.08,9.96,97.93,2.07,28.68,99.24,100.0,99.65,76.91,7275,6489,102,478
352160,IRAPURU,35,0.712,0.622,0.691,0.839,589.82,0.44,9.54,18.75,10.28,9.53,95.07,4.93,19.83,97.34,99.95,99.52,72.46,7789,5507,62,388
352170,ITABERÁ,35,0.693,0.636,0.652,0.803,462.03,0.5,19.98,31.56,8.68,10.07,97.95,2.05,29.83,91.8,99.91,99.56,80.66,17858,12139,264,1428
352180,ITAÍ,35,0.713,0.63,0.692,0.83,594.77,0.45,8.51,15.23,8.29,10.52,97.86,2.14,30.7,96.62,99.7,99.66,85.4,24008,18852,371,1802
352190,ITAJOBI,35,0.73,0.644,0.727,0.832,739.45,0.38,1.84,3.59,7.62,10.0,94.91,5.09,29.47,98.58,100.0,99.2,78.93,14556,12142,172,851
352200,ITAJU,35,0.705,0.613,0.696,0.823,609.08,0.37,5.33,13.25,7.64,10.91,98.76,1.24,30.41,98.87,100.0,100.0,78.09,3246,2361,40,239
352210,ITANHAÉM,35,0.745,0.701,0.716,0.823,690.67,0.5,10.29,19.12,5.86,11.36,97.54,2.46,21.76,97.2,99.46,97.16,80.51,87057,86242,1352,7196
352215,ITAÓCA,35,0.68,0.637,0.627,0.787,395.32,0.54,29.08,49.4,15.72,11.82,98.88,1.12,26.8,82.54,99.69,96.41,90.04,3228,1760,56,289
352220,ITAPECERICA DA SERRA,35,0.742,0.687,0.699,0.852,619.82,0.45,7.44,12.76,5.62,10.49,96.84,3.16,20.21,98.24,99.89,98.79,80.61,152614,151349,2335,13245
352230,ITAPETININGA,35,0.763,0.705,0.728,0.864,741.64,0.49,7.16,13.77,4.63,9.83,96.36,3.64,21.33,98.9,99.57,99.54,73.34,144377,131050,2098,11626
352240,ITAPEVA,35,0.732,0.697,0.702,0.803,630.48,0.53,12.0,19.69,6.22,10.76,98.39,1.61,22.1,96.76,99.75,99.44,80.0,87753,73956,1362,7648
352250,ITAPEVI,35,0.735,0.677,0.687,0.855,575.72,0.45,8.33,14.04,5.38,10.94,96.52,3.48,23.36,98.66,99.86,99.24,83.51,200769,200769,3562,18716
352260,ITAPIRA,35,0.762,0.692,0.75,0.852,849.81,0.45,2.78,7.35,5.74,9.29,98.03,1.97,20.31,97.29,99.98,99.77,66.35,68537,63576,743,4167
352265,ITAPIRAPUÃ PAULISTA,35,0.661,0.594,0.595,0.816,323.42,0.53,35.11,46.71,12.98,10.23,98.97,1.03,37.25,77.91,97.45,97.07,69.7,3880,1892,78,432
352270,ITÁPOLIS,35,0.744,0.667,0.738,0.836,787.75,0.45,3.27,7.16,6.96,10.06,98.44,1.56,26.04,99.44,100.0,99.95,78.1,40051,36325,484,2584
352280,ITAPORANGA,35,0.719,0.653,0.681,0.835,552.76,0.53,14.74,28.25,10.72,10.5,97.9,2.1,31.77,95.68,99.63,99.56,82.01,14549,11033,214,1165
352290,ITAPUÍ,35,0.725,0.633,0.716,0.841,687.46,0.41,2.39,5.1,6.01,10.49,96.48,3.52,31.86,93.45,99.96,99.9,83.56,12173,11630,165,898
352300,ITAPURA,35,0.72,0.673,0.682,0.813,556.29,0.45,8.71,15.51,11.44,10.32,98.02,1.98,20.34,93.26,99.33,99.32,78.38,4357,3482,70,336
352310,ITAQUAQUECETUBA,35,0.714,0.648,0.665,0.844,502.85,0.42,10.21,16.71,5.66,10.19,96.39,3.61,24.32,98.57,99.82,98.7,76.38,321770,321770,5598,30557
352320,ITARARÉ,35,0.703,0.649,0.668,0.803,510.2,0.48,16.15,26.5,6.51,10.16,98.05,1.95,29.91,98.45,99.81,99.73,82.54,47934,44270,701,3988
352330,ITARIRI,35,0.677,0.577,0.642,0.837,434.58,0.5,20.98,33.07,9.3,10.87,96.37,3.63,31.91,91.64,98.49,93.49,83.35,15471,9879,287,1519
352340,ITATIBA,35,0.778,0.708,0.788,0.844,1080.74,0.48,1.92,4.26,3.87,10.52,97.85,2.15,19.66,97.4,99.99,99.89,79.16,101471,85666,1329,7132
352350,ITATINGA,35,0.706,0.61,0.685,0.841,568.58,0.43,7.75,16.28,8.08,10.16,97.96,2.04,29.18,98.14,99.87,99.81,71.58,18052,16420,287,1544
352360,ITIRAPINA,35,0.724,0.636,0.734,0.813,772.14,0.48,5.31,9.79,8.64,10.51,97.82,2.18,25.84,95.36,100.0,100.0,76.53,15524,14001,181,962
352370,ITIRAPUÃ,35,0.707,0.636,0.673,0.826,526.62,0.44,10.23,18.97,8.5,11.27,99.09,0.91,30.59,96.38,100.0,99.87,83.31,5914,4929,97,519
352380,ITOBI,35,0.717,0.646,0.697,0.82,611.41,0.41,4.49,10.77,8.23,10.71,98.6,1.4,32.27,98.69,100.0,99.65,86.25,7546,6800,89,556
352390,ITU,35,0.773,0.692,0.782,0.854,1038.14,0.52,2.84,6.15,4.42,9.83,94.32,5.68,19.76,98.25,99.84,99.65,73.45,154147,144269,2085,11244
352400,ITUPEVA,35,0.762,0.699,0.75,0.844,848.65,0.43,3.6,6.84,4.69,9.69,97.38,2.62,18.12,97.33,100.0,99.94,74.31,44859,38955,668,3577
352410,ITUVERAVA,35,0.765,0.694,0.768,0.841,950.39,0.52,3.1,7.55,6.57,10.59,97.9,2.1,20.41,99.83,100.0,99.97,75.83,38695,36430,501,2659
352420,JABORANDI,35,0.711,0.627,0.679,0.845,548.22,0.39,4.48,8.95,7.79,9.62,98.33,1.67,27.1,98.67,100.0,100.0,72.68,6592,6166,89,439
352430,JABOTICABAL,35,0.778,0.71,0.778,0.851,1015.51,0.52,3.8,7.91,4.91,10.36,97.91,2.09,20.0,99.62,99.76,99.74,77.64,71662,69527,878,4861
352440,JACAREÍ,35,0.777,0.749,0.749,0.837,846.53,0.49,4.8,9.75,3.77,10.9,98.28,1.72,14.36,98.77,99.84,99.54,81.74,211214,208297,2894,15326
352450,JACI,35,0.723,0.659,0.7,0.818,624.57,0.35,3.1,6.68,9.1,10.76,97.78,2.22,24.78,99.49,100.0,99.87,83.37,5657,4871,65,390
352460,JACUPIRANGA,35,0.717,0.644,0.687,0.832,574.52,0.53,16.01,30.09,9.24,10.16,97.37,2.63,29.56,88.24,99.32,99.94,74.33,17208,9369,295,1468
352470,JAGUARIÚNA,35,0.784,0.715,0.782,0.862,1038.61,0.49,2.26,4.67,4.3,10.44,98.04,1.96,15.4,99.51,100.0,99.76,73.69,44311,43033,582,3088
352480,JALES,35,0.776,0.73,0.75,0.855,850.11,0.46,3.37,7.93,5.62,10.87,98.84,1.16,19.75,99.77,99.93,99.89,81.66,47012,44239,517,2760
352490,JAMBEIRO,35,0.756,0.69,0.727,0.86,738.52,0.49,4.88,11.15,7.14,9.67,97.79,2.21,20.42,95.69,100.0,99.18,69.08,5349,2561,82,432
352500,JANDIRA,35,0.76,0.706,0.738,0.841,792.33,0.48,4.4,7.99,4.44,10.91,96.93,3.07,20.61,99.79,100.0,99.99,81.24,108344,108344,1654,9041
352510,JARDINÓPOLIS,35,0.735,0.64,0.728,0.853,742.74,0.48,4.94,9.36,5.39,9.42,97.06,2.94,24.71,98.18,99.7,99.94,68.95,37661,36141,552,2986
352520,JARINU,35,0.733,0.659,0.723,0.826,718.61,0.45,3.06,6.11,7.14,10.07,98.19,1.81,25.64,97.0,99.95,97.94,78.08,23847,18429,360,1929
352530,JAÚ,35,0.778,0.693,0.768,0.886,951.17,0.45,2.45,5.94,4.69,10.3,97.81,2.19,23.17,99.72,99.97,99.93,77.62,131040,126943,1635,8932
352540,JERIQUARA,35,0.703,0.628,0.68,0.814,549.1,0.42,8.05,11.81,9.91,9.86,98.08,1.92,29.24,97.63,99.65,99.81,63.49,3160,2606,39,269
352550,JOANÓPOLIS,35,0.699,0.585,0.707,0.824,650.99,0.43,6.28,13.26,7.8,10.39,95.8,4.2,38.06,96.63,99.91,99.12,74.94,11768,11768,141,773
352560,JOÃO RAMALHO,35,0.741,0.71,0.701,0.818,627.59,0.42,7.16,14.19,11.27,10.98,99.28,0.72,22.25,95.49,99.67,100.0,87.36,4150,3543,58,315
352570,JOSÉ BONIFÁCIO,35,0.777,0.717,0.752,0.869,863.34,0.45,1.18,2.03,5.92,10.44,98.99,1.01,19.69,99.74,100.0,99.74,77.0,32763,29684,386,2224
352580,JÚLIO MESQUITA,35,0.716,0.686,0.659,0.813,482.86,0.41,11.22,24.93,11.88,11.49,97.69,2.31,21.17,99.49,99.84,99.07,90.14,4430,4214,85,394
352585,JUMIRIM,35,0.741,0.655,0.721,0.863,710.27,0.39,3.46,6.89,6.6,9.81,99.26,0.74,34.54,93.09,100.0,99.7,72.78,2798,1623,43,216
352590,JUNDIAÍ,35,0.822,0.768,0.834,0.866,1431.55,0.53,1.87,4.12,3.08,10.79,98.25,1.75,13.11,99.03,99.97,99.92,82.91,370126,354204,4436,23537
352600,JUNQUEIRÓPOLIS,35,0.745,0.662,0.727,0.86,737.14,0.43,3.76,8.98,8.56,10.21,96.8,3.2,17.73,97.27,100.0,99.89,75.47,18726,15399,222,1092
352610,JUQUIÁ,35,0.7,0.637,0.654,0.823,467.35,0.49,18.23,32.37,11.06,10.64,97.64,2.36,33.84,85.22,98.95,97.39,83.27,19246,12139,307,1804
352620,JUQUITIBA,35,0.709,0.662,0.68,0.791,550.32,0.49,9.97,16.61,10.82,9.97,98.45,1.55,22.44,96.18,99.68,95.86,75.08,28737,22240,507,2711
352630,LAGOINHA,35,0.693,0.609,0.686,0.797,573.28,0.48,9.07,17.85,10.56,10.56,99.02,0.98,34.68,89.44,99.73,99.14,85.9,4841,3138,61,347
352640,LARANJAL PAULISTA,35,0.729,0.639,0.732,0.829,760.58,0.41,3.1,7.1,4.76,9.82,98.09,1.91,24.31,99.05,100.0,98.57,70.57,25251,22612,341,1811
352650,LAVÍNIA,35,0.721,0.655,0.698,0.82,614.14,0.38,4.57,12.13,7.88,11.04,98.55,1.45,18.9,99.04,100.0,99.87,79.93,8779,4285,50,306
352660,LAVRINHAS,35,0.729,0.707,0.665,0.823,500.59,0.55,20.14,30.28,6.33,11.13,98.47,1.53,19.88,95.21,99.95,99.41,79.52,6590,6049,98,557
352670,LEME,35,0.744,0.665,0.729,0.851,746.15,0.48,5.09,11.25,7.16,9.5,97.7,2.3,30.68,99.64,99.86,99.56,75.67,91756,89862,1305,6817
352680,LENÇÓIS PAULISTA,35,0.764,0.717,0.743,0.837,816.48,0.43,2.73,5.4,5.1,10.11,99.03,0.97,16.54,99.66,99.97,99.88,74.1,61428,60051,877,4573
352690,LIMEIRA,35,0.775,0.719,0.761,0.852,910.85,0.48,3.25,6.31,3.99,10.53,97.65,2.35,16.9,99.12,99.91,99.67,77.7,276022,267785,3621,18804
352700,LINDÓIA,35,0.742,0.654,0.722,0.864,714.18,0.4,1.79,4.15,5.9,8.87,97.43,2.57,26.31,96.48,99.95,98.03,60.4,6712,6712,88,457
352710,LINS,35,0.786,0.733,0.762,0.869,919.53,0.45,2.89,6.83,4.6,11.13,98.4,1.6,13.73,99.76,99.99,99.89,83.85,71432,70597,804,4588
352720,LORENA,35,0.766,0.713,0.736,0.856,781.28,0.52,8.5,16.16,3.69,9.79,97.24,2.76,13.28,98.88,99.68,99.62,70.13,82537,80173,1151,6051
352725,LOURDES,35,0.742,0.717,0.697,0.816,612.0,0.37,6.1,18.06,10.58,10.26,98.51,1.49,17.62,89.2,100.0,99.65,81.36,2128,1744,23,124
352730,LOUVEIRA,35,0.777,0.697,0.783,0.861,1047.17,0.5,0.93,1.68,4.32,9.61,97.31,2.69,20.15,98.16,100.0,99.7,72.34,37125,35695,514,2665
352740,LUCÉLIA,35,0.752,0.695,0.728,0.841,743.2,0.46,4.1,8.62,6.58,10.96,99.42,0.58,16.5,99.28,100.0,99.69,76.83,19882,17219,250,1311
352750,LUCIANÓPOLIS,35,0.733,0.662,0.736,0.809,779.84,0.51,2.62,4.54,7.96,11.99,99.11,0.89,19.57,94.93,99.64,100.0,92.02,2249,1780,24,186
352760,LUÍS ANTÔNIO,35,0.731,0.671,0.709,0.822,661.22,0.42,4.87,8.24,5.99,10.61,99.46,0.54,24.58,98.32,100.0,99.73,72.41,11286,10901,163,940
352770,LUIZIÂNIA,35,0.702,0.623,0.682,0.815,557.06,0.35,2.18,5.09,12.16,9.52,92.81,7.19,29.12,97.31,100.0,100.0,71.62,5030,4611,68,325
352780,LUPÉRCIO,35,0.724,0.674,0.679,0.83,547.3,0.4,5.33,11.17,10.98,9.93,94.44,5.56,26.15,99.47,99.93,99.17,77.66,4353,3865,66,326
352790,LUTÉCIA,35,0.72,0.659,0.67,0.846,516.35,0.42,8.28,15.28,9.25,9.93,93.72,6.28,23.69,97.83,100.0,99.14,76.43,2714,2158,34,203
352800,MACATUBA,35,0.77,0.697,0.763,0.859,920.95,0.55,2.69,5.38,8.38,10.88,99.28,0.72,21.45,99.23,99.83,100.0,76.68,16259,15776,233,1272
352810,MACAUBAL,35,0.743,0.676,0.72,0.844,704.61,0.43,2.74,7.53,7.86,11.33,97.95,2.05,27.97,99.63,99.96,99.52,85.06,7663,6773,81,400
352820,MACEDÔNIA,35,0.74,0.675,0.705,0.852,644.23,0.42,3.91,8.65,10.05,10.94,99.4,0.6,17.73,99.36,100.0,99.61,76.19,3664,2777,51,238
352830,MAGDA,35,0.753,0.717,0.724,0.823,725.51,0.44,4.28,7.42,10.07,11.01,96.57,3.43,16.12,99.91,99.91,100.0,78.89,3200,2655,31,171
352840,MAIRINQUE,35,0.743,0.684,0.721,0.831,710.18,0.44,5.48,9.66,5.41,9.85,96.86,3.14,21.26,97.45,99.67,99.74,71.81,43223,34690,644,3527
352850,MAIRIPORÃ,35,0.788,0.723,0.767,0.881,944.03,0.56,5.74,10.02,5.0,11.01,98.08,1.92,17.8,88.14,99.68,96.25,81.12,80956,70750,1210,6747
352860,MANDURI,35,0.739,0.675,0.73,0.818,750.34,0.48,2.65,4.94,5.78,10.73,98.91,1.09,23.12,99.07,100.0,100.0,75.89,8992,7778,138,635
352870,MARABÁ PAULISTA,35,0.677,0.591,0.65,0.809,457.56,0.39,8.28,11.09,10.35,10.5,98.91,1.09,19.76,88.71,99.84,98.63,80.02,4812,2142,51,251
352880,MARACAÍ,35,0.771,0.758,0.711,0.85,666.65,0.42,3.41,7.9,8.18,10.42,98.3,1.7,14.78,94.89,100.0,99.45,78.1,13332,12085,165,934
352885,MARAPOAMA,35,0.752,0.679,0.736,0.852,781.03,0.4,4.11,8.05,6.88,11.14,99.29,0.71,31.87,99.33,99.93,99.91,83.42,2633,2199,37,182
352890,MARIÁPOLIS,35,0.718,0.651,0.684,0.83,565.58,0.37,4.75,7.89,8.47,9.75,97.59,2.41,20.17,96.84,100.0,100.0,81.49,3916,3137,49,241
352900,MARÍLIA,35,0.798,0.776,0.768,0.854,953.2,0.5,4.04,8.92,4.06,10.99,97.8,2.2,11.9,99.38,99.99,99.72,80.47,216745,207021,2639,14134
352910,MARINÓPOLIS,35,0.731,0.694,0.681,0.825,553.24,0.43,3.62,8.54,10.32,11.54,97.65,2.35,12.23,97.97,100.0,100.0,90.55,2113,1671,34,156
352920,MARTINÓPOLIS,35,0.721,0.641,0.703,0.832,636.0,0.45,7.36,14.22,8.03,9.22,98.08,1.92,24.44,97.04,100.0,99.95,65.5,24219,20341,287,1627
352930,MATÃO,35,0.773,0.713,0.766,0.847,940.44,0.52,3.55,7.61,5.74,10.44,97.75,2.25,19.17,99.86,99.91,99.69,76.32,76786,75377,995,5043
352940,MAUÁ,35,0.766,0.733,0.721,0.852,709.25,0.44,5.28,9.75,3.95,10.65,97.39,2.61,15.78,99.62,99.95,99.76,80.2,417064,417064,6041,32000
352950,MENDONÇA,35,0.744,0.663,0.72,0.863,707.36,0.36,2.98,5.4,7.0,11.61,98.05,1.95,22.98,99.55,100.0,99.46,86.37,4640,3793,42,283
352960,MERIDIANO,35,0.731,0.667,0.717,0.817,694.38,0.4,3.45,7.03,9.06,11.48,98.38,1.62,17.07,97.86,99.92,99.49,91.46,3855,2674,51,230
352965,MESÓPOLIS,35,0.724,0.666,0.674,0.847,530.46,0.37,6.84,11.54,13.62,10.18,100.0,0.0,25.46,97.69,100.0,99.49,81.05,1886,1468,16,120
352970,MIGUELÓPOLIS,35,0.741,0.661,0.712,0.863,670.82,0.46,5.41,10.18,9.82,10.29,98.58,1.42,28.1,97.09,99.66,99.46,75.88,20451,19265,280,1585
352980,MINEIROS DO TIETÊ,35,0.73,0.658,0.719,0.823,700.24,0.39,2.69,5.8,7.41,10.9,98.28,1.72,25.63,99.51,99.74,99.39,83.79,12038,11500,165,901
352990,MIRACATU,35,0.697,0.655,0.645,0.803,442.77,0.5,20.06,31.0,10.3,10.18,97.09,2.91,30.09,80.46,98.57,98.57,75.02,20592,10586,367,1980
353000,MIRA ESTRELA,35,0.743,0.731,0.697,0.806,613.14,0.43,9.31,23.51,10.45,11.77,97.24,2.76,14.53,98.55,99.28,100.0,90.75,2820,1881,35,183
353010,MIRANDÓPOLIS,35,0.751,0.665,0.732,0.869,758.64,0.45,4.47,10.72,7.19,10.12,97.95,2.05,18.8,97.22,100.0,99.32,79.46,27483,24455,285,1515
353020,MIRANTE DO PARANAPANEMA,35,0.724,0.674,0.67,0.841,516.3,0.5,16.47,28.84,12.5,11.36,98.77,1.23,23.08,92.11,99.53,99.46,81.58,17059,10045,224,1317
353030,MIRASSOL,35,0.762,0.698,0.748,0.846,841.27,0.43,2.4,5.54,4.53,9.69,93.5,6.5,18.16,98.77,100.0,99.71,73.37,53792,52433,643,3363
353040,MIRASSOLÂNDIA,35,0.738,0.69,0.704,0.829,639.58,0.39,5.31,12.32,8.95,9.99,96.96,3.04,20.19,97.03,100.0,99.59,82.38,4295,3492,48,280
353050,MOCOCA,35,0.762,0.709,0.756,0.827,881.99,0.53,3.78,7.93,5.85,10.33,98.9,1.1,17.19,97.09,99.91,99.44,75.33,66290,61149,830,4528
353060,MOGI DAS CRUZES,35,0.783,0.74,0.762,0.851,916.81,0.54,7.06,13.74,3.95,10.98,97.74,2.26,16.27,97.44,99.92,99.08,80.9,387779,357313,5785,31189
353070,MOGI GUAÇU,35,0.774,0.736,0.74,0.852,802.19,0.44,2.94,6.08,4.31,10.01,97.88,2.12,16.3,99.69,99.97,99.98,74.9,137245,130295,1691,9475
353080,MOJI MIRIM,35,0.784,0.715,0.767,0.879,945.62,0.49,3.79,6.92,4.41,10.65,97.45,2.55,16.56,98.91,99.96,99.76,74.22,86505,80945,1087,5649
353090,MOMBUCA,35,0.719,0.607,0.746,0.82,832.07,0.61,9.83,16.93,9.27,10.75,97.77,2.23,42.66,99.26,99.89,100.0,77.68,3266,2685,44,252
353100,MONÇÕES,35,0.772,0.773,0.731,0.814,755.2,0.43,3.79,6.87,8.9,12.21,100.0,0.0,16.17,91.58,100.0,99.34,87.9,2132,1836,21,107
353110,MONGAGUÁ,35,0.754,0.699,0.719,0.854,699.73,0.5,9.72,18.17,4.85,11.41,98.25,1.75,22.48,98.31,99.47,98.76,79.49,46293,46091,650,3698
353120,MONTE ALEGRE DO SUL,35,0.759,0.678,0.752,0.858,861.61,0.48,2.59,6.6,5.84,10.45,98.28,1.72,22.29,95.91,99.87,99.42,75.38,7152,4091,97,431
353130,MONTE ALTO,35,0.768,0.707,0.746,0.859,832.6,0.42,2.07,4.22,5.19,10.64,98.64,1.36,16.89,99.6,99.87,99.3,76.57,46642,44543,516,2850
353140,MONTE APRAZÍVEL,35,0.785,0.72,0.781,0.861,1032.05,0.5,1.46,3.43,5.74,11.35,98.84,1.16,15.75,99.72,99.57,100.0,81.02,21746,19803,232,1297
353150,MONTE AZUL PAULISTA,35,0.753,0.69,0.733,0.843,765.11,0.46,2.13,4.73,8.06,10.53,98.63,1.37,17.07,99.65,99.86,98.39,73.63,18931,17713,251,1186
353160,MONTE CASTELO,35,0.741,0.709,0.706,0.814,646.15,0.38,4.25,11.85,11.92,11.8,98.17,1.83,18.77,93.89,99.87,99.83,88.9,4063,3211,32,247
353170,MONTEIRO LOBATO,35,0.71,0.627,0.692,0.826,593.95,0.48,12.04,23.01,10.49,9.72,96.49,3.51,31.31,87.42,100.0,100.0,65.94,4120,1778,65,347
353180,MONTE MOR,35,0.733,0.639,0.713,0.863,674.23,0.44,6.57,10.38,7.06,9.53,97.22,2.78,25.34,99.16,100.0,98.98,67.88,48949,45978,666,3923
353190,MORRO AGUDO,35,0.712,0.604,0.716,0.836,687.37,0.45,4.91,10.14,8.43,10.22,95.92,4.08,34.86,99.18,100.0,99.64,73.87,29116,27907,428,2303
353200,MORUNGABA,35,0.715,0.627,0.726,0.802,733.72,0.41,6.18,13.93,5.65,8.89,97.41,2.59,33.04,98.86,99.94,99.63,61.82,11769,10051,158,876
353205,MOTUCA,35,0.741,0.691,0.685,0.859,567.17,0.45,14.99,20.85,7.5,10.29,95.49,4.51,15.93,97.86,100.0,100.0,77.38,4290,3108,60,314
353210,MURUTINGA DO SUL,35,0.726,0.643,0.703,0.847,636.47,0.43,6.3,13.6,8.48,9.66,96.46,3.54,18.05,95.83,99.81,99.6,67.16,4186,2573,45,260
353215,NANTES,35,0.714,0.702,0.655,0.79,472.28,0.35,5.19,9.0,13.42,12.21,98.72,1.28,19.19,99.64,100.0,100.0,85.99,2707,2431,44,251
353220,NARANDIBA,35,0.718,0.67,0.659,0.839,482.74,0.36,5.34,8.22,11.17,10.42,98.99,1.01,19.78,89.82,99.94,100.0,77.42,4288,3105,65,340
353230,NATIVIDADE DA SERRA,35,0.655,0.52,0.664,0.814,496.93,0.51,21.55,41.16,16.56,10.63,98.72,1.28,42.97,76.96,98.62,99.67,79.93,6678,2788,82,480
353240,NAZARÉ PAULISTA,35,0.678,0.559,0.681,0.818,554.18,0.45,9.79,17.48,11.22,9.43,96.95,3.05,38.07,80.12,99.51,92.75,69.69,16414,13911,205,1220
353250,NEVES PAULISTA,35,0.754,0.707,0.737,0.823,784.55,0.4,1.35,2.25,7.11,10.72,99.62,0.38,11.83,99.66,100.0,99.87,79.57,8772,7916,92,459
353260,NHANDEARA,35,0.751,0.672,0.755,0.835,878.42,0.49,3.64,5.5,7.26,10.31,97.66,2.34,21.6,98.29,100.0,99.84,78.03,10725,8688,106,551
353270,NIPOÃ,35,0.713,0.636,0.701,0.814,628.33,0.37,5.13,11.28,8.49,10.66,99.27,0.73,32.25,94.16,100.0,99.82,77.78,4274,3797,42,265
353280,NOVA ALIANÇA,35,0.738,0.684,0.71,0.826,662.48,0.38,2.33,6.08,5.73,11.05,99.16,0.84,21.35,99.34,99.91,99.79,79.55,5891,4881,72,360
353282,NOVA CAMPINA,35,0.651,0.577,0.598,0.799,330.03,0.47,28.12,39.62,9.6,10.48,99.74,0.26,37.18,61.94,99.69,98.91,73.73,8515,5762,146,884
353284,NOVA CANAÃ PAULISTA,35,0.715,0.675,0.673,0.806,526.58,0.34,6.17,15.69,11.39,11.73,98.87,1.13,18.46,98.12,99.79,97.71,89.9,2114,880,12,112
353286,NOVA CASTILHO,35,0.756,0.755,0.694,0.823,600.13,0.36,5.88,13.75,8.71,10.76,100.0,0.0,6.35,99.21,100.0,99.1,88.12,1125,746,16,75
353290,NOVA EUROPA,35,0.765,0.718,0.718,0.869,697.32,0.39,3.16,7.85,7.15,11.73,100.0,0.0,21.24,99.27,100.0,100.0,91.18,9300,8625,145,677
353300,NOVA GRANADA,35,0.739,0.68,0.727,0.818,737.29,0.44,4.14,7.41,6.9,9.85,98.62,1.38,21.48,99.29,99.98,99.82,79.14,19180,17775,218,1294
353310,NOVA GUATAPORANGA,35,0.726,0.644,0.707,0.842,652.36,0.41,4.75,10.44,12.72,10.33,99.14,0.86,20.96,95.13,100.0,100.0,82.53,2177,1890,23,139
353320,NOVA INDEPENDÊNCIA,35,0.735,0.711,0.675,0.827,533.68,0.36,4.29,7.71,7.67,10.67,97.93,2.07,19.9,92.38,100.0,100.0,78.69,3068,2446,52,239
353325,NOVAIS,35,0.719,0.634,0.712,0.822,671.15,0.45,4.23,7.52,11.04,10.94,100.0,0.0,35.7,99.56,100.0,99.65,83.46,4592,4181,81,347
353330,NOVA LUZITÂNIA,35,0.743,0.719,0.705,0.808,643.07,0.35,0.82,1.27,11.77,9.81,98.6,1.4,20.69,97.58,100.0,100.0,70.14,3441,3087,47,248
353340,NOVA ODESSA,35,0.791,0.762,0.755,0.861,878.14,0.41,1.54,2.42,3.6,10.61,98.43,1.57,10.65,98.17,100.0,99.72,77.54,51242,50407,616,3454
353350,NOVO HORIZONTE,35,0.753,0.665,0.741,0.865,806.75,0.45,4.37,12.2,7.6,9.46,97.75,2.25,25.57,99.4,99.94,99.6,69.44,36593,34048,473,2491
353360,NUPORANGA,35,0.746,0.656,0.73,0.866,751.92,0.45,3.84,9.69,5.41,10.15,97.89,2.11,26.52,97.79,99.94,99.77,74.01,6817,6185,87,437
353370,OCAUÇU,35,0.717,0.653,0.679,0.83,547.66,0.39,2.34,4.17,9.0,10.58,97.66,2.34,20.2,96.34,99.85,99.56,74.73,4163,3324,45,304
353380,ÓLEO,35,0.73,0.637,0.713,0.858,676.94,0.43,7.11,17.49,5.98,8.78,98.99,1.01,28.28,98.24,99.49,100.0,66.92,2673,1763,29,195
353390,OLÍMPIA,35,0.773,0.724,0.737,0.867,783.14,0.43,3.64,9.82,5.56,10.43,97.39,2.61,16.83,96.77,100.0,99.75,82.37,50024,47244,631,3213
353400,ONDA VERDE,35,0.738,0.671,0.693,0.863,597.67,0.34,2.17,5.87,8.31,9.33,98.81,1.19,15.93,96.32,99.74,100.0,71.39,3884,3043,51,320
353410,ORIENTE,35,0.77,0.761,0.717,0.837,694.16,0.44,5.57,10.73,6.45,11.39,97.23,2.77,9.51,99.07,100.0,100.0,86.69,6097,5695,63,414
353420,ORINDIÚVA,35,0.767,0.762,0.719,0.824,699.63,0.38,1.45,2.27,6.77,11.38,99.24,0.76,14.64,99.94,100.0,100.0,84.22,5675,5223,95,457
353430,ORLÂNDIA,35,0.78,0.703,0.765,0.882,934.54,0.5,3.96,8.54,5.16,10.25,98.32,1.68,20.36,98.81,100.0,100.0,75.86,39781,38756,501,2784
353440,OSASCO,35,0.776,0.718,0.776,0.84,1003.4,0.53,4.8,9.42,3.48,10.09,96.0,4.0,18.8,98.97,99.99,99.07,76.51,666740,666740,9240,49342
353450,OSCAR BRESSANE,35,0.749,0.715,0.713,0.823,675.35,0.45,5.09,8.88,9.79,12.03,96.69,3.31,14.14,98.17,100.0,99.71,88.94,2537,2099,31,152
353460,OSVALDO CRUZ,35,0.762,0.713,0.74,0.837,797.55,0.46,4.46,10.22,6.47,10.8,97.61,2.39,11.66,99.24,100.0,99.94,79.76,30917,27782,330,1741
353470,OURINHOS,35,0.778,0.727,0.753,0.859,868.91,0.5,3.75,7.88,4.97,11.29,98.15,1.85,17.23,98.74,99.94,99.52,84.8,103035,100374,1383,7296
353475,OUROESTE,35,0.77,0.736,0.717,0.866,694.33,0.43,4.06,8.84,9.22,12.21,99.69,0.31,11.47,98.99,99.96,99.92,88.47,8405,7546,102,561
353480,OURO VERDE,35,0.692,0.612,0.666,0.814,504.63,0.39,9.18,19.9,13.32,10.78,97.24,2.76,32.88,98.37,99.82,99.23,85.39,7800,7176,121,604
353490,PACAEMBU,35,0.725,0.631,0.717,0.843,694.16,0.45,5.12,10.34,10.34,11.15,98.87,1.13,22.27,97.94,99.93,99.81,86.84,13226,9745,117,675
353500,PALESTINA,35,0.732,0.645,0.717,0.848,692.43,0.4,3.44,8.32,8.28,9.8,96.61,3.39,22.92,99.26,100.0,99.62,74.79,11051,9188,116,609
353510,PALMARES PAULISTA,35,0.722,0.645,0.698,0.837,615.01,0.34,1.33,2.56,10.99,10.46,98.23,1.77,30.72,99.53,100.0,99.35,74.4,10934,10619,157,790
353520,PALMEIRA D'OESTE,35,0.753,0.714,0.72,0.829,707.38,0.42,4.02,10.22,8.79,11.04,98.56,1.44,17.42,99.18,99.93,99.61,85.95,9584,7268,109,605
353530,PALMITAL,35,0.746,0.702,0.727,0.814,739.37,0.44,4.91,8.32,5.62,11.42,97.18,2.82,20.12,99.09,99.89,99.78,86.11,21186,19427,238,1338
353540,PANORAMA,35,0.722,0.639,0.724,0.814,722.51,0.51,5.47,11.24,8.55,9.72,95.77,4.23,28.41,98.98,99.59,98.26,78.22,14583,14165,221,1119
353550,PARAGUAÇU PAULISTA,35,0.762,0.739,0.717,0.836,694.42,0.45,6.39,12.93,6.72,10.34,99.37,0.63,17.57,98.86,99.95,99.29,79.17,42278,38314,526,2977
353560,PARAIBUNA,35,0.719,0.642,0.709,0.815,657.59,0.51,11.54,21.8,9.22,9.71,97.17,2.83,30.22,85.57,99.24,100.0,65.61,17388,5242,240,1356
353570,PARAÍSO,35,0.749,0.668,0.751,0.837,855.28,0.45,1.96,3.4,9.09,10.16,99.1,0.9,22.42,99.32,100.0,100.0,73.74,5898,5188,67,392
353580,PARANAPANEMA,35,0.717,0.631,0.697,0.839,613.31,0.47,7.38,12.76,8.94,9.03,98.08,1.92,28.05,96.79,99.71,98.66,69.97,17808,14477,272,1515
353590,PARANAPUÃ,35,0.732,0.655,0.712,0.842,670.18,0.45,3.67,8.98,10.82,11.51,98.46,1.54,28.08,99.92,100.0,99.92,84.81,3815,3394,51,276
353600,PARAPUÃ,35,0.737,0.696,0.693,0.83,597.44,0.42,6.69,15.3,8.76,11.91,98.89,1.11,19.93,98.99,99.91,99.89,88.92,10844,8896,119,716
353610,PARDINHO,35,0.727,0.652,0.718,0.821,696.71,0.46,6.94,13.39,7.8,10.11,98.33,1.67,29.41,91.02,99.85,98.77,70.84,5582,4389,82,485
353620,PARIQUERA-AÇU,35,0.736,0.678,0.682,0.862,557.69,0.47,10.45,19.8,6.79,10.85,97.14,2.86,25.36,96.82,99.81,99.31,82.27,18446,12661,289,1546
353625,PARISI,35,0.721,0.619,0.72,0.842,705.62,0.4,0.54,1.47,10.71,11.07,99.37,0.63,31.21,82.42,100.0,99.87,76.85,2032,1643,18,94
353630,PATROCÍNIO PAULISTA,35,0.73,0.678,0.696,0.826,607.51,0.42,5.64,12.16,6.74,10.03,97.8,2.2,20.92,96.93,99.96,99.91,74.98,13000,10499,182,1010
353640,PAULICÉIA,35,0.711,0.64,0.692,0.811,592.42,0.44,5.25,7.65,9.64,10.42,94.01,5.99,21.51,99.48,99.81,98.85,83.83,6339,5270,103,507
353650,PAULÍNIA,35,0.795,0.727,0.8,0.864,1160.79,0.48,2.56,5.0,3.46,10.41,97.89,2.11,14.56,99.09,99.79,99.17,73.47,82146,82070,1156,6134
353657,PAULISTÂNIA,35,0.718,0.663,0.683,0.817,560.94,0.43,5.57,8.4,10.27,9.43,97.5,2.5,15.25,88.35,99.64,99.41,71.43,1779,1212,29,136
353660,PAULO DE FARIA,35,0.725,0.662,0.721,0.8,708.63,0.51,7.26,11.39,10.18,10.41,98.47,1.53,24.72,98.75,100.0,100.0,80.39,8589,7750,107,644
353670,PEDERNEIRAS,35,0.739,0.673,0.738,0.812,788.42,0.49,6.66,12.75,6.63,9.59,98.29,1.71,26.92,97.32,98.42,99.07,75.43,41497,38592,603,3104
353680,PEDRA BELA,35,0.677,0.581,0.671,0.796,521.38,0.41,7.65,19.58,11.6,9.74,95.86,4.14,38.59,79.79,99.5,100.0,66.93,5780,1440,66,393
353690,PEDRANÓPOLIS,35,0.742,0.684,0.698,0.854,615.77,0.38,3.64,9.65,9.47,10.95,100.0,0.0,36.82,97.62,100.0,100.0,81.53,2558,1591,28,168
353700,PEDREGULHO,35,0.715,0.623,0.716,0.82,690.08,0.49,6.01,11.89,7.46,10.52,98.35,1.65,32.3,93.73,99.83,99.66,74.29,15700,11583,211,1189
353710,PEDREIRA,35,0.769,0.701,0.75,0.864,853.76,0.42,1.89,4.32,4.68,10.5,98.05,1.95,19.15,99.04,100.0,99.69,80.5,41558,41209,528,2854
353715,PEDRINHAS PAULISTA,35,0.774,0.739,0.749,0.837,847.63,0.56,6.3,13.41,7.1,10.63,97.36,2.64,13.05,99.33,100.0,99.0,82.58,2940,2480,34,199
353720,PEDRO DE TOLEDO,35,0.696,0.634,0.654,0.812,467.93,0.47,16.94,29.47,10.25,10.31,99.34,0.66,28.42,88.58,99.17,98.88,74.78,10204,7033,190,947
353730,PENÁPOLIS,35,0.759,0.68,0.748,0.859,840.16,0.47,3.38,7.65,5.47,10.21,98.71,1.29,18.75,99.69,99.97,99.82,76.46,58510,55882,713,3803
353740,PEREIRA BARRETO,35,0.766,0.732,0.728,0.845,743.94,0.48,5.65,9.27,8.37,10.09,98.07,1.93,16.21,99.24,99.9,98.88,77.2,24962,23235,284,1641
353750,PEREIRAS,35,0.736,0.637,0.717,0.873,692.35,0.44,2.42,5.67,6.57,10.2,96.82,3.18,31.29,99.03,99.9,99.17,71.78,7454,4978,121,559
353760,PERUÍBE,35,0.749,0.675,0.73,0.854,753.85,0.53,9.3,17.36,6.05,10.55,98.61,1.39,22.05,96.38,99.4,99.09,76.77,59773,59105,896,4930
353770,PIACATU,35,0.732,0.684,0.681,0.843,553.99,0.4,7.18,13.8,10.91,9.79,97.41,2.59,19.88,98.83,100.0,100.0,71.66,5287,4663,62,354
353780,PIEDADE,35,0.716,0.624,0.694,0.848,601.32,0.47,9.25,17.47,8.62,10.66,95.57,4.43,30.57,92.27,99.8,99.56,81.37,52143,23760,703,3964
353790,PILAR DO SUL,35,0.69,0.594,0.674,0.82,531.06,0.43,7.26,12.51,7.35,9.64,93.8,6.2,27.48,98.33,100.0,100.0,75.22,26406,20748,370,2162
353800,PINDAMONHANGABA,35,0.773,0.736,0.745,0.843,826.02,0.52,6.79,12.66,3.87,10.7,98.19,1.81,14.63,99.01,99.66,99.11,77.34,146995,141708,2163,11508
353810,PINDORAMA,35,0.737,0.654,0.726,0.842,732.68,0.39,3.13,8.2,8.22,9.75,97.51,2.49,27.2,99.48,100.0,99.58,64.77,15039,14235,172,870
353820,PINHALZINHO,35,0.725,0.666,0.707,0.808,652.43,0.42,4.82,11.31,7.54,10.85,97.81,2.19,28.18,92.57,99.81,99.83,78.79,13105,6455,186,923
353830,PIQUEROBI,35,0.711,0.644,0.669,0.836,514.47,0.42,9.05,17.38,11.35,11.15,99.26,0.74,32.2,93.43,100.0,100.0,82.47,3537,2669,49,225
353850,PIQUETE,35,0.757,0.74,0.711,0.823,665.74,0.49,10.36,21.52,4.8,11.35,98.79,1.21,17.47,95.74,99.84,99.84,80.18,14107,13212,205,957
353860,PIRACAIA,35,0.739,0.625,0.758,0.851,893.05,0.57,5.08,8.3,7.58,9.52,97.98,2.02,35.22,96.09,99.81,94.26,59.58,25116,25116,320,1784
353870,PIRACICABA,35,0.785,0.717,0.797,0.848,1143.2,0.52,3.11,6.72,3.1,10.22,97.5,2.5,17.48,98.71,99.98,99.85,78.12,364571,356743,4606,24561
353880,PIRAJU,35,0.758,0.699,0.74,0.843,801.23,0.48,3.71,7.36,5.86,10.55,98.31,1.69,22.38,98.62,99.93,99.77,75.28,28475,25604,387,2096
353890,PIRAJUÍ,35,0.749,0.672,0.734,0.853,770.38,0.47,4.15,7.8,7.86,11.1,97.27,2.73,19.52,98.56,99.9,99.14,85.33,22704,18501,240,1314
353900,PIRANGI,35,0.756,0.701,0.735,0.837,774.99,0.38,1.41,3.01,7.97,11.13,97.75,2.25,22.37,99.44,100.0,100.0,89.86,10623,9528,103,643
353910,PIRAPORA DO BOM JESUS,35,0.727,0.698,0.679,0.81,546.69,0.47,9.88,16.27,5.92,10.96,97.48,2.52,20.94,97.15,99.56,97.15,76.93,15733,15733,273,1541
353920,PIRAPOZINHO,35,0.776,0.733,0.74,0.863,798.0,0.52,6.17,15.43,7.35,11.44,98.76,1.24,17.39,99.74,99.79,99.39,80.66,24694,23462,309,1806
353930,PIRASSUNUNGA,35,0.801,0.736,0.789,0.884,1086.22,0.51,3.16,7.27,4.04,9.88,98.17,1.83,15.7,99.41,99.93,99.67,73.8,70081,64216,896,4646
353940,PIRATININGA,35,0.779,0.723,0.762,0.859,917.62,0.48,3.54,7.03,5.71,11.09,98.4,1.6,12.09,94.15,100.0,99.15,78.33,12072,10352,158,865
353950,PITANGUEIRAS,35,0.723,0.651,0.699,0.83,620.66,0.41,6.4,11.8,8.04,9.56,99.0,1.0,28.69,99.44,100.0,99.73,71.03,35307,33948,555,2995
353960,PLANALTO,35,0.719,0.639,0.683,0.853,560.64,0.37,4.61,9.05,9.81,9.18,99.12,0.88,22.71,97.74,99.93,100.0,62.47,4463,3766,69,348
353970,PLATINA,35,0.719,0.652,0.691,0.824,591.1,0.49,6.51,9.92,10.01,9.48,98.55,1.45,25.41,93.1,99.69,100.0,69.91,3192,2513,43,250
353980,POÁ,35,0.771,0.754,0.71,0.856,664.31,0.43,6.8,11.2,3.3,11.05,97.6,2.4,10.81,99.29,99.87,99.9,80.62,106013,104338,1536,8528
353990,POLONI,35,0.766,0.717,0.736,0.853,778.41,0.39,0.65,2.0,9.42,11.95,99.53,0.47,20.23,98.68,100.0,99.7,86.41,5395,4802,61,288
354000,POMPÉIA,35,0.786,0.748,0.75,0.864,850.38,0.47,3.43,6.42,5.12,11.01,98.55,1.45,9.4,99.62,100.0,99.73,80.84,19964,18574,261,1408
354010,PONGAÍ,35,0.755,0.701,0.727,0.844,736.33,0.45,3.34,9.02,8.96,10.82,97.35,2.65,25.59,95.54,100.0,99.75,82.5,3481,2925,44,181
354020,PONTAL,35,0.725,0.633,0.718,0.838,699.28,0.44,6.03,12.29,9.63,9.9,94.52,5.48,33.01,99.47,100.0,99.86,75.7,40244,39492,602,3268
354025,PONTALINDA,35,0.702,0.604,0.677,0.847,541.56,0.38,4.26,9.27,13.46,10.25,98.2,1.8,38.3,98.55,100.0,100.0,72.18,4074,3381,51,276
354030,PONTES GESTAL,35,0.732,0.69,0.705,0.805,642.68,0.38,2.9,7.91,10.63,9.8,97.84,2.16,24.15,99.41,100.0,100.0,66.23,2518,2123,30,164
354040,POPULINA,35,0.714,0.647,0.699,0.804,621.48,0.41,4.39,10.92,13.07,11.19,99.57,0.43,24.8,99.27,100.0,100.0,85.05,4223,3412,56,264
354050,PORANGABA,35,0.703,0.578,0.696,0.864,606.65,0.48,12.11,24.03,7.07,10.36,94.7,5.3,37.74,92.81,99.42,99.72,79.09,8326,4020,103,609
354060,PORTO FELIZ,35,0.758,0.706,0.737,0.836,785.76,0.45,2.55,4.77,5.24,10.41,98.17,1.83,19.02,98.08,99.91,99.81,80.58,48893,41096,641,3571
354070,PORTO FERREIRA,35,0.751,0.696,0.736,0.827,779.0,0.45,4.01,8.01,5.25,9.64,98.12,1.88,20.78,99.19,99.99,99.67,69.15,51400,50478,735,3487
354075,POTIM,35,0.697,0.646,0.651,0.806,460.22,0.37,8.5,13.88,4.75,10.2,99.33,0.67,14.54,99.42,99.78,99.64,77.36,19397,14709,278,1469
354080,POTIRENDABA,35,0.747,0.661,0.737,0.857,785.96,0.4,2.95,7.8,6.88,9.46,97.98,2.02,24.99,99.34,100.0,100.0,68.57,15449,13884,169,901
354085,PRACINHA,35,0.696,0.629,0.658,0.814,480.62,0.38,7.43,9.04,11.84,11.58,100.0,0.0,28.33,98.43,100.0,100.0,93.67,2858,1369,24,109
354090,PRADÓPOLIS,35,0.733,0.65,0.738,0.822,788.76,0.45,4.06,6.74,8.77,9.83,96.31,3.69,24.1,96.73,99.79,100.0,71.11,17377,16100,238,1256
354100,PRAIA GRANDE,35,0.754,0.692,0.744,0.834,820.97,0.49,5.95,10.89,4.16,9.85,96.89,3.11,19.18,98.59,99.9,99.71,71.42,262051,262051,3810,20757
354105,PRATÂNIA,35,0.701,0.633,0.681,0.798,553.4,0.4,5.01,11.55,7.4,10.52,97.71,2.29,31.84,98.91,99.86,100.0,75.08,4599,3485,81,415
354110,PRESIDENTE ALVES,35,0.735,0.689,0.711,0.811,665.72,0.47,5.69,11.78,9.86,10.18,98.93,1.07,31.41,96.59,99.93,100.0,85.31,4123,3431,48,262
354120,PRESIDENTE BERNARDES,35,0.757,0.719,0.718,0.839,695.29,0.46,6.52,11.07,7.57,11.22,98.49,1.51,21.49,97.86,99.9,99.65,78.21,13570,10500,144,798
354130,PRESIDENTE EPITÁCIO,35,0.75,0.7,0.714,0.845,680.56,0.47,6.86,12.09,6.79,10.95,98.82,1.18,18.97,94.74,99.95,98.72,78.02,41318,38545,587,3138
354140,PRESIDENTE PRUDENTE,35,0.806,0.774,0.788,0.858,1080.22,0.54,3.28,7.24,3.92,11.15,97.84,2.16,12.38,99.73,99.97,99.45,83.01,207610,203375,2513,13542
354150,PRESIDENTE VENCESLAU,35,0.763,0.708,0.749,0.837,846.18,0.49,4.53,8.42,6.64,10.65,98.55,1.45,14.44,98.65,99.92,99.74,81.84,37910,36272,430,2297
354160,PROMISSÃO,35,0.743,0.666,0.724,0.85,726.0,0.43,3.52,7.24,5.6,10.83,96.72,3.28,24.32,99.54,99.98,99.41,79.19,35674,30070,537,2641
354165,QUADRA,35,0.678,0.541,0.7,0.822,625.35,0.49,9.37,19.67,9.25,10.55,98.33,1.67,39.32,99.03,100.0,100.0,83.53,3236,828,38,239
354170,QUATÁ,35,0.738,0.7,0.706,0.814,648.64,0.41,3.75,8.8,8.04,11.3,98.65,1.35,14.69,99.18,100.0,99.61,86.07,12799,12011,173,972
354180,QUEIROZ,35,0.715,0.681,0.662,0.811,491.84,0.42,10.76,21.41,13.24,11.7,98.13,1.87,17.95,99.89,100.0,100.0,84.41,2808,2385,49,263
354190,QUELUZ,35,0.722,0.687,0.665,0.823,500.25,0.46,11.06,17.73,6.53,10.29,98.02,1.98,22.1,84.52,99.63,96.93,78.95,11309,9275,184,974
354200,QUINTANA,35,0.732,0.703,0.689,0.811,581.09,0.43,7.23,13.68,9.46,11.28,98.14,1.86,17.12,98.97,99.86,99.96,87.29,6004,5494,70,401
354210,RAFARD,35,0.745,0.696,0.722,0.823,717.07,0.4,3.48,6.17,4.74,11.25,98.27,1.73,18.34,98.45,99.94,100.0,77.62,8612,7591,119,636
354220,RANCHARIA,35,0.751,0.683,0.72,0.861,707.37,0.47,5.23,11.94,7.24,10.76,97.47,2.53,21.77,98.19,99.71,99.68,78.36,28804,25828,417,2093
354230,REDENÇÃO DA SERRA,35,0.657,0.56,0.633,0.799,411.77,0.45,14.96,23.93,10.4,10.65,95.17,4.83,32.77,84.05,99.3,99.3,73.94,3873,2213,48,286
354240,REGENTE FEIJÓ,35,0.768,0.752,0.735,0.818,774.14,0.46,3.5,7.67,7.34,11.26,98.77,1.23,16.77,99.65,100.0,99.7,84.85,18494,17049,235,1241
354250,REGINÓPOLIS,35,0.728,0.66,0.715,0.817,685.32,0.41,7.19,16.91,8.33,10.51,98.9,1.1,24.08,98.29,100.0,100.0,80.29,7323,4362,85,380
354260,REGISTRO,35,0.754,0.702,0.718,0.851,699.41,0.52,10.24,16.25,5.58,10.56,97.31,2.69,16.68,98.39,99.9,97.9,79.42,54261,48169,868,4731
354270,RESTINGA,35,0.705,0.639,0.664,0.826,499.24,0.38,8.2,11.78,8.99,9.94,98.61,1.39,20.95,98.19,99.73,99.9,73.81,6587,5179,120,605
354280,RIBEIRA,35,0.698,0.673,0.635,0.797,416.85,0.47,20.47,35.63,12.48,9.89,97.05,2.95,24.44,62.87,97.34,100.0,75.02,3358,1236,59,307
354290,RIBEIRÃO BONITO,35,0.712,0.625,0.712,0.811,673.96,0.46,4.85,9.98,9.52,11.03,98.69,1.31,29.41,99.12,100.0,99.69,79.78,12135,11220,172,947
354300,RIBEIRÃO BRANCO,35,0.639,0.553,0.592,0.797,318.44,0.46,27.15,37.39,12.24,9.93,97.54,2.46,41.6,89.31,99.54,98.3,72.33,18269,9293,324,1922
354310,RIBEIRÃO CORRENTE,35,0.711,0.642,0.688,0.814,579.04,0.42,5.71,13.37,9.51,10.84,100.0,0.0,32.37,98.0,99.46,100.0,78.34,4273,3397,71,357
354320,RIBEIRÃO DO SUL,35,0.747,0.676,0.753,0.818,866.43,0.59,5.82,13.96,7.22,10.5,99.07,0.93,26.77,88.22,100.0,100.0,75.3,4446,3295,50,289
354323,RIBEIRÃO DOS ÍNDIOS,35,0.721,0.701,0.661,0.809,489.94,0.38,5.73,11.62,13.92,10.98,98.71,1.29,21.47,96.51,100.0,99.88,82.07,2187,1850,24,138
354325,RIBEIRÃO GRANDE,35,0.705,0.676,0.643,0.807,436.21,0.41,11.74,18.69,13.09,10.79,96.77,3.23,23.71,88.96,99.7,100.0,81.57,7422,2344,96,569
354330,RIBEIRÃO PIRES,35,0.784,0.76,0.749,0.847,847.11,0.44,3.39,6.39,3.47,10.52,97.35,2.65,9.75,99.0,100.0,99.16,77.52,113068,113068,1474,7864
354340,RIBEIRÃO PRETO,35,0.8,0.739,0.82,0.844,1314.04,0.54,2.53,5.22,2.91,10.48,96.92,3.08,15.91,99.39,99.96,99.82,78.13,604682,602966,7652,39499
354350,RIVERSUL,35,0.664,0.577,0.634,0.799,412.42,0.5,25.07,43.59,13.3,10.41,95.95,4.05,40.84,94.47,99.37,99.64,81.34,6163,4492,101,451
354360,RIFAINA,35,0.74,0.69,0.713,0.824,677.62,0.45,5.18,9.13,6.81,10.43,99.26,0.74,23.46,96.96,100.0,99.71,71.49,3436,3008,49,253
354370,RINCÃO,35,0.734,0.682,0.701,0.826,626.27,0.44,6.82,14.2,7.79,10.49,98.22,1.78,23.81,99.68,100.0,99.21,80.9,10414,8460,151,839
354380,RINÓPOLIS,35,0.723,0.644,0.696,0.843,606.9,0.43,5.17,11.79,10.15,11.03,98.66,1.34,34.37,99.02,100.0,99.66,81.45,9935,8636,121,637
354390,RIO CLARO,35,0.803,0.766,0.784,0.862,1049.16,0.5,2.67,5.94,3.46,10.45,98.24,1.76,14.06,99.53,99.93,99.8,79.1,186253,181720,2206,12052
354400,RIO DAS PEDRAS,35,0.759,0.7,0.741,0.842,804.0,0.45,3.59,6.46,6.14,9.66,98.44,1.56,16.1,99.25,99.97,99.34,67.5,29501,28562,421,2274
354410,RIO GRANDE DA SERRA,35,0.749,0.745,0.684,0.823,563.57,0.39,7.02,11.67,5.41,11.4,98.16,1.84,15.76,99.58,99.64,98.85,86.69,43974,43974,700,3658
354420,RIOLÂNDIA,35,0.703,0.629,0.677,0.817,539.22,0.4,6.24,12.94,13.01,9.08,96.68,3.32,30.57,98.4,99.93,99.81,66.77,10575,8366,146,742
354425,ROSANA,35,0.764,0.728,0.749,0.818,843.59,0.6,11.37,19.02,7.39,11.28,98.08,1.92,20.57,94.67,99.92,98.16,83.92,19691,15858,282,1628
354430,ROSEIRA,35,0.737,0.704,0.691,0.823,588.39,0.43,7.36,11.87,5.32,10.99,98.69,1.31,17.25,98.63,99.81,99.7,78.34,9599,9116,145,738
354440,RUBIÁCEA,35,0.721,0.668,0.684,0.82,565.62,0.37,6.0,11.03,10.85,9.87,99.39,0.61,18.0,99.65,100.0,99.61,79.78,2729,1563,45,218
354450,RUBINÉIA,35,0.759,0.726,0.713,0.844,676.48,0.39,2.3,2.61,7.03,9.9,100.0,0.0,20.7,97.89,100.0,100.0,73.76,2862,2355,30,170
354460,SABINO,35,0.728,0.671,0.708,0.813,655.4,0.41,4.13,8.39,8.5,10.25,97.32,2.68,26.1,98.56,99.47,100.0,72.88,5217,4575,63,309
354470,SAGRES,35,0.73,0.677,0.692,0.83,592.88,0.47,6.29,14.85,13.47,11.38,99.09,0.91,23.93,98.58,99.93,100.0,66.98,2395,1819,27,179
354480,SALES,35,0.751,0.697,0.708,0.859,654.79,0.42,4.77,11.69,10.57,10.95,100.0,0.0,27.39,95.27,99.94,99.18,81.74,5451,4907,82,400
354490,SALES OLIVEIRA,35,0.772,0.739,0.738,0.845,789.73,0.43,1.84,4.12,5.02,11.28,98.81,1.19,16.12,98.24,100.0,99.87,81.66,10568,9569,136,696
354500,SALESÓPOLIS,35,0.732,0.69,0.687,0.829,576.55,0.42,8.2,15.06,9.13,11.54,98.37,1.63,20.88,93.7,99.85,99.79,87.94,15635,9954,234,1299
354510,SALMOURÃO,35,0.719,0.649,0.678,0.846,544.52,0.39,4.11,8.94,13.9,11.86,98.29,1.71,27.99,98.58,99.78,99.65,87.91,4818,4321,53,356
354515,SALTINHO,35,0.791,0.75,0.771,0.857,967.88,0.39,0.71,1.82,2.67,10.69,96.79,3.21,14.89,99.21,100.0,99.9,81.47,7059,5891,93,468
354520,SALTO,35,0.78,0.751,0.755,0.837,876.67,0.45,3.3,6.96,3.96,10.27,98.38,1.62,12.95,99.19,99.97,99.26,77.12,105516,104774,1420,7436
354530,SALTO DE PIRAPORA,35,0.729,0.665,0.699,0.834,618.93,0.44,7.99,15.61,7.85,10.49,98.63,1.37,23.8,99.03,99.96,99.82,74.7,40132,31463,549,3136
354540,SALTO GRANDE,35,0.704,0.637,0.664,0.825,499.65,0.42,11.69,20.71,9.75,10.65,96.49,3.51,31.93,97.29,99.74,99.61,78.78,8787,7933,139,663
354550,SANDOVALINA,35,0.709,0.659,0.665,0.812,502.4,0.43,11.12,19.11,11.17,11.44,98.11,1.89,23.32,78.99,100.0,100.0,82.6,3699,2581,49,263
354560,SANTA ADÉLIA,35,0.76,0.702,0.75,0.835,853.14,0.43,2.79,5.69,7.65,10.93,100.0,0.0,22.61,99.24,99.54,99.43,82.87,14333,13560,178,1011
354570,SANTA ALBERTINA,35,0.728,0.665,0.716,0.809,686.89,0.42,3.39,7.61,9.98,11.44,98.77,1.23,24.39,98.8,99.82,100.0,81.62,5723,4891,63,321
354580,SANTA BÁRBARA D'OESTE,35,0.781,0.731,0.752,0.867,863.02,0.41,1.82,3.5,3.67,10.42,98.44,1.56,13.14,99.53,99.98,99.88,78.92,180009,178596,2229,11482
354600,SANTA BRANCA,35,0.735,0.678,0.706,0.828,645.59,0.47,7.36,14.81,6.86,10.23,98.86,1.14,23.34,96.44,98.93,97.66,76.94,13763,12140,206,1016
354610,SANTA CLARA D'OESTE,35,0.733,0.687,0.712,0.804,672.98,0.45,3.17,7.51,10.78,11.38,98.39,1.61,19.82,97.25,100.0,100.0,87.93,2084,1571,33,139
354620,SANTA CRUZ DA CONCEIÇÃO,35,0.79,0.679,0.83,0.876,1400.46,0.67,2.05,6.15,5.42,9.73,99.62,0.38,15.34,98.77,100.0,100.0,72.98,4002,2708,50,267
354625,SANTA CRUZ DA ESPERANÇA,35,0.743,0.686,0.719,0.832,700.57,0.53,8.29,11.48,5.33,7.22,86.2,13.8,16.16,85.09,99.56,99.71,62.88,1953,1323,18,122
354630,SANTA CRUZ DAS PALMEIRAS,35,0.728,0.635,0.746,0.815,829.66,0.51,4.2,8.57,8.16,10.4,97.27,2.73,36.38,98.75,100.0,100.0,77.56,29932,29000,436,2227
354640,SANTA CRUZ DO RIO PARDO,35,0.762,0.686,0.744,0.867,818.3,0.46,2.89,7.0,5.47,9.84,96.34,3.66,21.55,98.89,99.83,99.7,73.35,43921,40154,572,3089
354650,SANTA ERNESTINA,35,0.738,0.699,0.716,0.802,688.24,0.42,2.62,4.67,7.09,11.63,99.29,0.71,22.32,99.94,99.76,100.0,84.94,5568,5145,84,403
354660,SANTA FÉ DO SUL,35,0.784,0.751,0.763,0.84,924.06,0.49,3.41,8.36,6.43,11.23,97.95,2.05,13.71,99.6,100.0,100.0,85.27,29239,28088,328,1705
354670,SANTA GERTRUDES,35,0.737,0.654,0.723,0.847,718.03,0.38,1.92,3.42,4.59,10.24,98.34,1.66,25.21,97.57,100.0,99.66,81.56,21634,21404,310,1643
354680,SANTA ISABEL,35,0.738,0.689,0.7,0.834,623.11,0.45,7.63,13.8,7.49,10.64,97.81,2.19,22.37,96.2,99.74,99.48,79.98,50453,39591,746,4043
354690,SANTA LÚCIA,35,0.737,0.703,0.696,0.818,609.37,0.39,3.91,6.28,8.04,10.04,98.58,1.42,21.51,100.0,99.77,100.0,71.58,8248,7754,90,607
354700,SANTA MARIA DA SERRA,35,0.686,0.571,0.688,0.82,578.55,0.45,7.46,11.96,8.52,9.1,97.56,2.44,33.73,96.79,100.0,100.0,66.95,5413,4772,75,393
354710,SANTA MERCEDES,35,0.739,0.699,0.683,0.847,561.64,0.4,5.57,9.01,11.76,10.38,98.89,1.11,22.46,97.76,99.8,99.14,75.46,2831,2458,44,217
354720,SANTANA DA PONTE PENSA,35,0.773,0.733,0.751,0.84,856.78,0.42,0.96,2.21,9.0,12.53,100.0,0.0,23.79,99.66,100.0,100.0,90.25,1641,1097,14,77
354730,SANTANA DE PARNAÍBA,35,0.814,0.725,0.876,0.849,1858.69,0.67,4.71,8.96,4.5,10.01,97.27,2.73,19.82,96.26,99.88,99.48,72.84,108813,108813,1672,9106
354740,SANTA RITA D'OESTE,35,0.761,0.74,0.711,0.839,666.14,0.39,2.87,7.24,11.36,12.02,100.0,0.0,25.59,99.23,100.0,100.0,86.52,2543,1773,26,142
354750,SANTA RITA DO PASSA QUATRO,35,0.775,0.686,0.764,0.887,930.59,0.48,3.42,8.0,4.43,9.95,97.81,2.19,18.78,98.86,100.0,99.73,73.44,26478,23701,276,1534
354760,SANTA ROSA DE VITERBO,35,0.77,0.704,0.746,0.868,829.2,0.5,5.44,10.71,4.94,11.49,97.91,2.09,17.09,99.49,100.0,100.0,85.04,23862,22747,309,1607
354765,SANTA SALETE,35,0.772,0.748,0.712,0.864,673.2,0.35,2.85,5.77,6.01,10.38,100.0,0.0,23.86,88.91,100.0,100.0,79.44,1447,819,13,70
354770,SANTO ANASTÁCIO,35,0.753,0.689,0.725,0.854,726.34,0.52,6.74,13.23,7.03,11.31,98.51,1.49,15.36,99.34,100.0,99.37,88.3,20475,19080,219,1320
354780,SANTO ANDRÉ,35,0.815,0.769,0.819,0.861,1304.31,0.53,3.24,7.46,2.78,10.69,97.41,2.59,14.15,98.18,99.99,99.89,80.9,676407,676407,8064,42560
354790,SANTO ANTÔNIO DA ALEGRIA,35,0.702,0.604,0.69,0.83,585.63,0.42,6.19,15.64,5.63,9.6,97.49,2.51,36.52,96.47,100.0,100.0,66.93,6304,4669,77,416
354800,SANTO ANTÔNIO DE POSSE,35,0.702,0.576,0.718,0.838,695.67,0.44,4.14,8.01,7.82,9.77,97.32,2.68,39.13,98.16,99.73,99.86,71.88,20650,18834,291,1593
354805,SANTO ANTÔNIO DO ARACANGUÁ,35,0.757,0.728,0.71,0.84,662.71,0.41,3.32,7.12,9.48,11.31,98.92,1.08,17.22,96.21,99.83,100.0,78.07,7626,5971,85,527
354810,SANTO ANTÔNIO DO JARDIM,35,0.714,0.62,0.703,0.835,635.11,0.41,5.54,10.49,8.47,8.88,97.05,2.95,30.18,96.64,100.0,100.0,70.9,5943,3532,68,412
354820,SANTO ANTÔNIO DO PINHAL,35,0.706,0.632,0.685,0.812,569.08,0.47,9.11,17.29,8.08,10.92,98.34,1.66,29.47,77.89,99.85,99.57,82.41,6486,3855,97,566
354830,SANTO EXPEDITO,35,0.732,0.714,0.664,0.828,497.6,0.41,11.41,23.61,11.38,10.64,99.16,0.84,19.74,94.62,99.88,99.71,76.49,2803,2478,30,183
354840,SANTÓPOLIS DO AGUAPEÍ,35,0.74,0.719,0.68,0.83,551.5,0.35,2.41,5.01,8.5,11.8,98.51,1.49,20.2,98.59,100.0,99.82,84.0,4277,4133,48,299
354850,SANTOS,35,0.84,0.807,0.861,0.852,1693.65,0.55,2.39,6.13,2.22,10.84,98.22,1.78,11.14,99.73,99.94,99.78,79.21,419400,419086,4442,23417
354860,SÃO BENTO DO SAPUCAÍ,35,0.72,0.638,0.719,0.812,701.89,0.55,6.9,12.37,8.45,10.46,98.51,1.49,28.87,82.3,99.96,99.41,81.85,10468,5040,125,761
354870,SÃO BERNARDO DO CAMPO,35,0.805,0.752,0.807,0.861,1212.65,0.54,3.54,7.11,3.04,10.22,97.59,2.41,12.78,99.13,99.98,99.87,75.41,765463,752658,9759,52240
354880,SÃO CAETANO DO SUL,35,0.862,0.811,0.891,0.887,2043.74,0.54,0.52,0.92,1.55,11.04,97.41,2.59,6.83,99.99,100.0,100.0,80.47,149263,149263,1435,7588
354890,SÃO CARLOS,35,0.805,0.766,0.788,0.863,1079.45,0.49,2.53,5.91,3.64,10.66,97.86,2.14,12.21,99.1,99.88,99.96,80.09,221950,213061,2716,14343
354900,SÃO FRANCISCO,35,0.723,0.658,0.705,0.814,643.37,0.45,4.02,11.48,11.63,10.95,100.0,0.0,23.83,89.63,100.0,100.0,88.27,2793,2167,18,173
354910,SÃO JOÃO DA BOA VISTA,35,0.797,0.749,0.776,0.871,998.31,0.51,1.84,4.1,3.84,11.04,97.21,2.79,16.27,99.56,99.96,99.27,83.93,83639,80302,974,5294
354920,SÃO JOÃO DAS DUAS PONTES,35,0.72,0.686,0.675,0.806,532.23,0.36,4.37,9.79,9.94,11.86,99.42,0.58,18.7,99.65,100.0,100.0,82.63,2566,1961,21,154
354925,SÃO JOÃO DE IRACEMA,35,0.748,0.738,0.682,0.833,559.18,0.37,6.44,14.88,11.05,11.89,98.14,1.86,11.23,99.83,100.0,100.0,82.02,1780,1452,16,115
354930,SÃO JOÃO DO PAU D'ALHO,35,0.75,0.692,0.714,0.854,680.13,0.33,1.1,3.79,11.27,9.68,99.24,0.76,7.63,88.34,100.0,100.0,71.63,2103,1705,26,103
354940,SÃO JOAQUIM DA BARRA,35,0.762,0.706,0.74,0.847,799.93,0.42,2.51,5.79,5.0,10.66,96.69,3.31,17.82,99.75,99.92,99.9,80.1,46512,45678,638,3242
354950,SÃO JOSÉ DA BELA VISTA,35,0.693,0.58,0.679,0.844,548.31,0.46,7.73,14.87,11.35,10.39,97.93,2.07,34.11,98.28,99.78,99.41,78.1,8406,7485,141,730
354960,SÃO JOSÉ DO BARREIRO,35,0.684,0.591,0.666,0.813,506.16,0.55,22.95,40.19,10.94,9.28,95.52,4.48,40.17,93.96,94.87,99.67,69.51,4077,2869,70,347
354970,SÃO JOSÉ DO RIO PARDO,35,0.774,0.717,0.744,0.868,818.61,0.49,5.27,13.53,4.79,10.21,97.55,2.45,22.34,98.82,99.95,99.55,76.77,51900,45959,645,3406
354980,SÃO JOSÉ DO RIO PRETO,35,0.797,0.748,0.801,0.846,1169.16,0.5,1.73,4.04,3.19,10.06,97.95,2.05,14.39,96.47,99.97,99.93,77.56,408258,383490,4564,24183
354990,SÃO JOSÉ DOS CAMPOS,35,0.807,0.764,0.804,0.855,1190.96,0.55,3.89,7.89,2.95,10.92,97.43,2.57,12.54,98.84,99.95,99.82,84.09,629921,617106,8410,45492
354995,SÃO LOURENÇO DA SERRA,35,0.728,0.666,0.704,0.823,640.64,0.47,7.73,13.69,8.22,10.5,97.25,2.75,25.36,93.62,99.46,97.29,76.94,13973,12719,177,1155
355000,SÃO LUÍS DO PARAITINGA,35,0.697,0.593,0.691,0.826,590.68,0.48,9.16,20.29,9.92,10.14,100.0,0.0,38.03,88.58,99.65,99.54,70.23,10397,6180,137,713
355010,SÃO MANUEL,35,0.744,0.695,0.735,0.805,773.82,0.45,3.45,7.08,7.05,10.73,97.33,2.67,18.91,99.75,100.0,98.49,82.59,38342,37413,496,2826
355020,SÃO MIGUEL ARCANJO,35,0.71,0.633,0.708,0.799,657.07,0.57,11.05,20.59,7.95,10.51,95.92,4.08,26.6,96.97,99.59,99.1,80.85,31450,21502,498,2627
355030,SÃO PAULO,35,0.805,0.725,0.843,0.855,1516.21,0.62,4.27,8.61,3.18,10.11,96.02,3.98,18.17,99.45,99.97,99.76,76.15,11253503,11152344,146923,787281
355040,SÃO PEDRO,35,0.755,0.674,0.741,0.863,803.02,0.46,4.08,8.86,5.24,9.73,94.79,5.21,27.15,98.47,99.95,99.27,79.13,31662,26607,435,2188
355050,SÃO PEDRO DO TURVO,35,0.703,0.636,0.661,0.826,488.08,0.39,7.22,13.66,8.33,10.36,97.39,2.61,25.06,97.61,99.86,100.0,80.94,7198,5150,106,582
355060,SÃO ROQUE,35,0.768,0.687,0.765,0.863,932.62,0.5,4.76,10.48,4.47,10.28,97.58,2.42,19.84,97.15,99.67,98.32,70.1,78821,71488,998,5651
355070,SÃO SEBASTIÃO,35,0.772,0.703,0.747,0.875,837.48,0.49,3.47,5.69,5.84,10.35,98.17,1.83,25.51,74.14,99.95,99.92,77.72,73942,73109,1106,6079
355080,SÃO SEBASTIÃO DA GRAMA,35,0.701,0.609,0.689,0.82,581.04,0.41,6.02,13.88,8.17,9.81,98.31,1.69,33.99,98.05,99.95,99.31,71.91,12099,7971,152,879
355090,SÃO SIMÃO,35,0.766,0.722,0.732,0.852,761.14,0.45,4.37,9.21,4.92,11.23,99.79,0.21,17.9,96.86,99.18,99.59,79.6,14346,12928,234,1088
355100,SÃO VICENTE,35,0.768,0.716,0.738,0.857,789.32,0.47,5.93,11.36,4.22,10.0,96.71,3.29,16.65,99.2,99.93,99.69,73.32,332445,331817,4691,25346
355110,SARAPUÍ,35,0.707,0.621,0.699,0.814,619.86,0.52,8.63,16.12,8.76,10.03,99.04,0.96,32.81,97.64,99.79,99.5,76.37,9027,6646,148,778
355120,SARUTAIÁ,35,0.688,0.603,0.679,0.794,548.61,0.44,6.0,12.46,11.03,10.08,98.66,1.34,34.29,96.33,99.31,99.44,78.6,3622,2957,63,305
355130,SEBASTIANÓPOLIS DO SUL,35,0.773,0.74,0.748,0.835,840.63,0.42,1.18,4.3,8.33,11.59,99.07,0.93,17.71,96.49,100.0,100.0,86.01,3031,2347,32,164
355140,SERRA AZUL,35,0.686,0.572,0.697,0.81,613.57,0.45,7.29,12.85,9.13,9.85,96.88,3.12,27.85,94.41,99.74,100.0,67.17,11256,8017,147,775
355150,SERRANA,35,0.729,0.65,0.713,0.835,677.75,0.37,2.94,5.71,6.41,10.11,97.53,2.47,24.63,99.74,99.87,100.0,72.79,38878,38466,576,3151
355160,SERRA NEGRA,35,0.767,0.676,0.764,0.873,927.39,0.48,3.19,7.78,6.32,11.13,97.82,2.18,30.52,96.75,100.0,99.02,80.53,26387,22893,313,1676
355170,SERTÃOZINHO,35,0.761,0.672,0.768,0.855,953.23,0.46,2.89,6.2,5.37,10.15,98.46,1.54,22.56,99.71,99.99,99.92,69.69,110074,108772,1495,7828
355180,SETE BARRAS,35,0.673,0.562,0.651,0.832,459.28,0.5,20.09,33.16,10.48,8.45,96.14,3.86,36.09,89.1,98.39,100.0,62.27,13005,7191,244,1183
355190,SEVERÍNIA,35,0.715,0.638,0.709,0.807,657.45,0.41,2.68,4.64,10.83,9.43,95.98,4.02,27.97,99.03,99.9,100.0,73.72,15501,14774,206,1182
355200,SILVEIRAS,35,0.678,0.584,0.657,0.812,475.69,0.48,18.14,33.45,10.89,8.78,98.17,1.83,39.9,86.13,99.66,100.0,61.32,5792,2879,91,497
355210,SOCORRO,35,0.729,0.634,0.737,0.828,785.71,0.44,5.84,13.24,6.84,9.25,97.69,2.31,27.37,93.2,99.92,99.65,68.49,36686,24944,422,2299
355220,SOROCABA,35,0.798,0.762,0.792,0.843,1107.19,0.52,3.23,6.46,3.1,10.59,98.1,1.9,12.08,99.68,99.95,99.91,79.23,586625,580655,7531,41384
355230,SUD MENNUCCI,35,0.747,0.694,0.743,0.809,813.95,0.54,4.16,6.27,9.47,10.87,98.28,1.72,13.17,98.55,100.0,100.0,75.53,7435,6389,97,530
355240,SUMARÉ,35,0.762,0.705,0.744,0.845,820.03,0.45,3.84,7.31,4.87,10.13,97.73,2.27,18.75,99.57,99.97,99.63,74.28,241311,238470,3482,18243
355250,SUZANO,35,0.765,0.723,0.708,0.873,654.61,0.47,8.54,14.87,4.85,10.47,96.72,3.28,15.04,98.86,99.57,98.96,79.49,262480,253240,4200,22194
355255,SUZANÁPOLIS,35,0.699,0.631,0.665,0.813,500.45,0.41,8.25,14.42,12.35,10.83,99.73,0.27,26.03,95.32,100.0,100.0,79.08,3383,2258,48,239
355260,TABAPUÃ,35,0.735,0.666,0.726,0.82,731.31,0.4,2.41,6.13,7.81,10.64,98.43,1.57,19.18,99.28,99.91,99.72,79.3,11363,10519,126,661
355270,TABATINGA,35,0.704,0.609,0.7,0.818,625.39,0.4,4.27,8.95,9.54,10.31,96.53,3.47,38.47,98.5,99.85,99.74,79.83,14686,12578,212,1069
355280,TABOÃO DA SERRA,35,0.769,0.71,0.742,0.863,812.19,0.47,4.72,9.14,3.97,9.98,96.89,3.11,17.95,99.79,99.9,99.95,73.72,244528,244528,3693,19681
355290,TACIBA,35,0.723,0.684,0.682,0.809,559.1,0.38,4.34,8.94,11.22,11.6,99.25,0.75,18.92,97.67,99.97,97.95,80.44,5714,4852,74,410
355300,TAGUAÍ,35,0.709,0.631,0.69,0.818,587.51,0.37,3.64,7.24,7.37,9.72,97.25,2.75,33.74,97.64,100.0,100.0,76.72,10828,7757,154,846
355310,TAIAÇU,35,0.71,0.628,0.701,0.814,626.12,0.41,4.56,9.48,10.87,11.11,97.79,2.21,26.12,98.74,100.0,99.62,84.7,5894,5339,66,445
355320,TAIÚVA,35,0.76,0.718,0.732,0.835,761.47,0.42,3.38,7.7,8.25,11.73,97.78,2.22,21.44,98.7,100.0,99.88,88.51,5447,4967,56,332
355330,TAMBAÚ,35,0.731,0.624,0.729,0.858,747.11,0.45,4.22,9.65,5.34,9.06,97.73,2.27,34.74,96.67,100.0,98.56,65.31,22406,19909,297,1624
355340,TANABI,35,0.748,0.687,0.735,0.829,775.79,0.42,3.33,7.9,7.02,9.56,99.0,1.0,24.04,99.07,99.9,99.13,75.57,24055,21735,263,1427
355350,TAPIRAÍ,35,0.681,0.578,0.647,0.846,449.75,0.44,14.68,23.21,10.95,11.02,98.31,1.69,37.92,89.44,98.46,99.78,82.1,8012,5728,147,799
355360,TAPIRATIBA,35,0.751,0.692,0.703,0.87,637.12,0.4,4.18,8.98,6.28,10.52,98.17,1.83,24.34,93.81,99.92,99.85,75.09,12737,10504,147,883
355365,TAQUARAL,35,0.759,0.716,0.742,0.823,811.38,0.51,3.52,7.39,11.01,11.75,98.3,1.7,21.7,95.17,100.0,100.0,88.96,2726,2613,43,203
355370,TAQUARITINGA,35,0.748,0.696,0.727,0.827,739.25,0.46,4.64,11.16,7.21,10.93,98.19,1.81,24.53,99.71,99.95,99.64,81.99,53988,51168,752,3755
355380,TAQUARITUBA,35,0.701,0.606,0.7,0.811,624.86,0.48,7.73,15.95,8.47,9.92,97.79,2.21,29.55,98.66,99.91,99.15,78.11,22291,19579,305,1655
355385,TAQUARIVAÍ,35,0.679,0.626,0.617,0.811,373.06,0.43,17.91,26.8,9.55,10.0,99.41,0.59,27.7,97.89,97.98,98.96,69.3,5151,2811,98,540
355390,TARABAI,35,0.726,0.697,0.666,0.823,505.51,0.4,8.2,14.84,10.94,11.81,99.26,0.74,21.0,98.81,99.95,99.54,78.51,6607,6109,114,542
355395,TARUMÃ,35,0.753,0.68,0.738,0.852,787.79,0.54,5.59,8.57,8.6,10.99,98.96,1.04,16.84,99.9,100.0,100.0,75.9,12885,12126,179,1004
355400,TATUÍ,35,0.752,0.688,0.734,0.842,771.05,0.47,4.86,9.28,4.25,10.59,97.57,2.43,21.91,98.66,99.97,99.64,79.65,107326,102256,1533,8165
355410,TAUBATÉ,35,0.8,0.746,0.778,0.883,1011.95,0.51,3.75,7.72,3.04,10.15,98.15,1.85,13.69,98.89,99.8,99.74,74.41,278686,272673,3726,19561
355420,TEJUPÁ,35,0.668,0.563,0.668,0.794,510.13,0.48,12.71,22.21,15.05,10.38,98.31,1.69,40.39,90.33,99.81,98.49,77.19,4809,3120,72,458
355430,TEODORO SAMPAIO,35,0.741,0.679,0.699,0.856,619.79,0.47,9.12,16.23,9.17,10.82,97.1,2.9,20.33,91.82,99.49,99.86,75.27,21386,17365,350,1823
355440,TERRA ROXA,35,0.749,0.684,0.732,0.838,759.32,0.45,3.23,7.64,7.28,11.21,98.9,1.1,23.55,99.04,100.0,99.88,83.71,8505,8107,124,594
355450,TIETÊ,35,0.778,0.698,0.764,0.884,927.25,0.48,3.3,7.77,3.69,10.46,97.05,2.95,24.46,98.74,99.94,99.84,80.36,36835,33489,452,2509
355460,TIMBURI,35,0.71,0.629,0.688,0.826,580.24,0.46,9.24,15.46,10.18,10.9,99.73,0.27,26.6,96.47,100.0,99.54,84.44,2646,1924,41,187
355465,TORRE DE PEDRA,35,0.714,0.647,0.679,0.829,548.39,0.39,8.39,16.92,4.87,10.59,98.39,1.61,30.75,93.89,100.0,100.0,72.17,2254,1469,38,159
355470,TORRINHA,35,0.744,0.658,0.734,0.852,770.15,0.45,1.54,3.56,6.38,10.56,96.41,3.59,29.47,98.81,99.95,99.64,85.26,9330,7939,90,560
355475,TRABIJU,35,0.722,0.697,0.666,0.811,505.36,0.4,9.07,18.09,10.43,11.63,98.46,1.54,25.91,96.77,99.83,100.0,85.67,1544,1418,24,125
355480,TREMEMBÉ,35,0.785,0.72,0.769,0.873,959.88,0.53,5.95,10.9,4.0,9.72,97.81,2.19,17.7,98.45,99.45,98.3,69.79,40984,36936,562,2948
355490,TRÊS FRONTEIRAS,35,0.753,0.726,0.71,0.829,663.71,0.41,2.33,4.56,9.32,11.98,98.76,1.24,16.36,98.34,100.0,100.0,89.08,5427,4598,58,329
355495,TUIUTI,35,0.728,0.63,0.702,0.871,630.49,0.39,4.29,11.13,8.79,9.91,97.26,2.74,27.36,94.65,100.0,100.0,62.23,5930,2969,71,362
355500,TUPÃ,35,0.771,0.704,0.764,0.852,926.96,0.54,4.98,10.26,6.94,11.08,97.25,2.75,16.64,99.51,99.97,99.05,84.0,63476,60930,722,3889
355510,TUPI PAULISTA,35,0.769,0.715,0.762,0.835,914.36,0.49,2.78,8.21,6.82,10.33,99.34,0.66,11.8,96.6,100.0,99.4,79.7,14269,11206,134,697
355520,TURIÚBA,35,0.751,0.721,0.713,0.824,676.92,0.35,2.85,7.63,11.41,10.3,100.0,0.0,17.26,99.29,100.0,100.0,77.44,1930,1580,21,99
355530,TURMALINA,35,0.736,0.675,0.724,0.817,725.06,0.39,1.86,6.98,11.36,10.43,97.04,2.96,16.37,99.01,100.0,100.0,70.47,1978,1407,13,95
355535,UBARANA,35,0.7,0.604,0.672,0.844,522.27,0.35,3.86,6.11,9.46,9.59,99.61,0.39,35.72,99.63,100.0,100.0,70.93,5289,4845,94,468
355540,UBATUBA,35,0.751,0.679,0.741,0.841,803.5,0.58,8.88,14.9,5.8,10.73,97.67,2.33,27.68,75.35,99.04,99.63,79.59,78801,76907,1170,6518
355550,UBIRAJARA,35,0.727,0.674,0.689,0.829,580.57,0.42,8.11,19.33,9.31,11.86,98.83,1.17,24.72,95.35,100.0,99.41,90.26,4427,3229,62,326
355560,UCHOA,35,0.721,0.644,0.708,0.823,655.13,0.4,4.24,8.16,7.3,10.27,98.19,1.81,27.45,99.68,100.0,99.27,72.24,9471,8801,125,579
355570,UNIÃO PAULISTA,35,0.749,0.699,0.697,0.863,610.77,0.35,1.82,4.46,12.11,11.47,96.99,3.01,28.37,97.05,100.0,100.0,82.96,1599,1224,21,116
355580,URÂNIA,35,0.746,0.709,0.727,0.804,739.08,0.46,4.85,11.54,9.06,11.37,100.0,0.0,19.45,99.54,99.93,99.86,86.33,8836,7436,135,560
355590,URU,35,0.712,0.639,0.678,0.832,544.1,0.39,7.6,10.75,7.15,9.49,95.32,4.68,29.59,98.17,100.0,100.0,73.49,1251,1081,17,76
355600,URUPÊS,35,0.745,0.683,0.741,0.817,805.66,0.43,1.53,3.79,6.76,11.24,99.08,0.92,23.58,98.77,100.0,99.8,88.56,12714,11314,145,765
355610,VALENTIM GENTIL,35,0.735,0.692,0.708,0.81,654.97,0.36,3.85,8.1,6.95,10.72,98.8,1.2,18.64,99.8,99.89,99.94,81.95,11036,10073,145,725
355620,VALINHOS,35,0.819,0.763,0.848,0.85,1570.91,0.54,1.17,3.46,3.13,10.35,97.18,2.82,11.08,99.16,99.98,99.89,76.12,106793,101626,1304,6665
355630,VALPARAÍSO,35,0.725,0.643,0.719,0.825,701.02,0.45,4.8,8.75,7.3,10.45,98.03,1.97,24.15,99.37,99.61,99.79,78.11,22576,21469,267,1479
355635,VARGEM,35,0.699,0.591,0.69,0.839,587.59,0.38,5.31,11.69,9.78,10.15,98.11,1.89,38.24,94.7,99.86,100.0,65.73,8801,4421,115,622
355640,VARGEM GRANDE DO SUL,35,0.737,0.643,0.721,0.863,711.6,0.42,3.46,8.16,5.91,9.82,98.82,1.18,31.24,99.3,100.0,99.15,69.1,39266,37274,561,2840
355645,VARGEM GRANDE PAULISTA,35,0.77,0.683,0.755,0.884,876.61,0.5,4.33,8.04,4.11,10.21,97.2,2.8,22.24,99.54,99.97,98.88,76.58,42997,42997,625,3528
355650,VÁRZEA PAULISTA,35,0.759,0.705,0.72,0.863,706.02,0.39,3.76,6.16,5.0,9.64,96.91,3.09,18.76,99.53,99.98,99.86,73.15,107089,107089,1554,8283
355660,VERA CRUZ,35,0.754,0.715,0.722,0.83,713.66,0.45,5.9,10.89,8.03,10.94,99.02,0.98,14.95,96.55,100.0,99.66,80.77,10769,9363,143,758
355670,VINHEDO,35,0.817,0.739,0.84,0.878,1493.32,0.53,1.35,2.64,3.37,10.03,97.45,2.55,16.3,99.44,100.0,99.49,72.37,63611,61612,800,4284
355680,VIRADOURO,35,0.739,0.683,0.717,0.823,692.01,0.4,2.82,5.14,6.64,10.19,98.45,1.55,21.96,99.76,100.0,99.7,77.0,17297,16791,234,1219
355690,VISTA ALEGRE DO ALTO,35,0.744,0.676,0.726,0.84,732.14,0.35,1.43,3.34,8.08,11.18,100.0,0.0,22.04,99.23,99.92,100.0,80.59,6886,6352,88,457
355695,VITÓRIA BRASIL,35,0.725,0.685,0.686,0.811,572.68,0.35,3.82,8.83,13.16,10.82,98.29,1.71,19.61,99.64,100.0,99.58,88.97,1737,1435,16,107
355700,VOTORANTIM,35,0.767,0.747,0.72,0.838,703.99,0.4,3.89,7.35,3.48,10.42,97.84,2.16,11.68,99.05,100.0,99.91,76.99,108809,104659,1541,8622
355710,VOTUPORANGA,35,0.79,0.744,0.772,0.857,977.39,0.49,3.29,7.51,5.19,11.17,98.76,1.24,17.85,99.84,99.93,99.77,85.68,84692,82319,900,4909
355715,ZACARIAS,35,0.729,0.674,0.695,0.826,605.79,0.39,2.86,6.32,8.84,12.12,98.48,1.52,21.82,96.25,100.0,100.0,88.46,2335,1836,18,148
355720,CHAVANTES,35,0.729,0.655,0.713,0.828,677.3,0.47,4.21,9.68,8.8,10.75,98.65,1.35,26.68,99.27,99.77,100.0,79.11,12114,11139,170,895
355730,ESTIVA GERBI,35,0.74,0.695,0.716,0.815,686.89,0.41,1.91,2.31,5.4,9.09,98.55,1.45,14.27,98.14,100.0,99.66,65.2,10044,8011,138,710
410010,ABATIÁ,41,0.687,0.596,0.676,0.804,535.86,0.44,9.66,17.65,16.76,9.93,96.47,3.53,37.73,92.93,99.73,98.29,66.36,7764,5732,80,518
410020,ADRIANÓPOLIS,41,0.667,0.563,0.644,0.817,440.79,0.53,22.59,36.81,16.82,8.68,95.83,4.17,41.46,60.74,96.08,99.68,59.04,6376,2060,106,595
410030,AGUDOS DO SUL,41,0.66,0.543,0.671,0.79,519.63,0.48,17.2,32.29,8.84,10.08,96.32,3.68,37.66,91.17,99.59,97.36,67.55,8270,2822,116,677
410040,ALMIRANTE TAMANDARÉ,41,0.699,0.575,0.706,0.84,646.02,0.43,4.89,9.42,6.06,9.59,95.62,4.38,29.74,98.24,99.71,99.25,67.04,103204,98892,1736,9381
410045,ALTAMIRA DO PARANÁ,41,0.667,0.571,0.667,0.78,506.31,0.58,25.06,41.28,17.57,9.13,97.5,2.5,38.54,93.62,97.25,97.17,57.39,4306,2135,68,376
410050,ALTÔNIA,41,0.721,0.641,0.69,0.848,585.49,0.38,5.23,10.31,10.18,11.44,99.74,0.26,24.45,89.89,100.0,99.55,80.3,20516,15094,268,1449
410060,ALTO PARANÁ,41,0.696,0.587,0.679,0.846,548.25,0.43,7.63,12.37,10.38,10.5,96.01,3.99,36.48,95.87,99.65,98.51,76.16,13663,11221,195,1019
410070,ALTO PIQUIRI,41,0.676,0.578,0.669,0.798,515.07,0.44,8.77,19.08,13.86,9.89,97.65,2.35,41.02,97.32,99.81,96.26,70.28,10179,8376,129,748
410080,ALVORADA DO SUL,41,0.708,0.617,0.695,0.826,605.41,0.48,11.95,22.17,10.21,11.83,97.42,2.58,35.75,90.56,88.72,99.82,82.36,10283,7338,140,722
410090,AMAPORÃ,41,0.669,0.591,0.644,0.785,441.01,0.39,12.97,21.05,13.01,11.32,98.34,1.66,32.45,83.14,98.17,98.85,76.56,5443,4330,77,425
410100,AMPÉRE,41,0.709,0.62,0.699,0.824,618.76,0.48,9.11,14.52,7.5,11.14,99.3,0.7,27.28,93.31,99.92,98.61,72.92,17308,13257,244,1415
410105,ANAHY,41,0.695,0.593,0.671,0.844,520.88,0.42,6.21,11.82,11.82,11.26,97.48,2.52,28.54,95.42,99.68,100.0,79.04,2874,2108,45,210
410110,ANDIRÁ,41,0.725,0.66,0.69,0.838,587.51,0.42,6.27,13.44,10.11,10.35,99.14,0.86,24.81,99.32,100.0,100.0,71.86,20610,19351,298,1453
410115,ÂNGULO,41,0.721,0.644,0.705,0.827,641.37,0.44,4.34,6.48,11.29,9.54,100.0,0.0,29.1,94.16,100.0,99.41,65.51,2859,2253,33,209
410120,ANTONINA,41,0.687,0.564,0.686,0.838,572.38,0.55,17.27,28.52,8.62,9.95,97.61,2.39,35.85,92.74,98.58,98.32,64.47,18891,16063,306,1636
410130,ANTÔNIO OLINTO,41,0.656,0.547,0.626,0.825,393.68,0.49,23.67,35.93,6.83,10.98,98.6,1.4,42.61,83.78,99.03,97.93,82.16,7351,687,107,591
410140,APUCARANA,41,0.748,0.668,0.741,0.845,804.81,0.45,3.09,6.82,5.9,10.82,97.82,2.18,22.32,98.56,99.89,98.65,78.38,120919,114098,1627,8586
410150,ARAPONGAS,41,0.748,0.669,0.751,0.834,855.02,0.46,2.49,5.32,5.0,10.64,97.31,2.69,18.11,99.06,99.91,98.85,77.34,104150,101851,1333,7304
410160,ARAPOTI,41,0.723,0.643,0.715,0.823,684.8,0.57,14.17,23.62,7.68,10.28,97.68,2.32,28.93,97.76,99.93,98.72,72.1,25855,21778,409,2281
410165,ARAPUÃ,41,0.676,0.584,0.638,0.828,424.27,0.5,23.92,39.2,16.59,8.8,97.06,2.94,43.74,81.83,99.8,95.46,65.91,3561,1334,50,254
410170,ARARUNA,41,0.704,0.648,0.685,0.785,566.78,0.4,6.74,13.19,9.84,10.77,99.12,0.88,25.42,98.12,99.92,98.66,78.28,13419,10475,187,958
410180,ARAUCÁRIA,41,0.74,0.639,0.743,0.852,814.39,0.46,3.13,5.64,3.57,10.4,97.4,2.6,21.38,98.37,99.85,99.25,71.05,119123,110205,1852,10055
410185,ARIRANHA DO IVAÍ,41,0.67,0.594,0.637,0.794,420.24,0.41,12.59,20.6,15.14,7.99,99.32,0.68,26.67,88.42,100.0,97.68,49.74,2453,904,34,175
410190,ASSAÍ,41,0.728,0.641,0.724,0.833,723.56,0.55,7.55,15.82,10.0,10.41,98.03,1.97,24.64,96.62,99.56,99.35,73.34,16354,13587,231,1178
410200,ASSIS CHATEAUBRIAND,41,0.729,0.633,0.713,0.857,676.1,0.47,6.34,12.78,8.14,10.4,98.63,1.37,26.08,98.65,99.83,96.84,69.34,33025,29013,437,2265
410210,ASTORGA,41,0.747,0.675,0.754,0.818,875.14,0.5,2.16,4.36,8.06,10.28,97.39,2.61,23.06,97.16,100.0,99.39,76.11,24698,22559,288,1598
410220,ATALAIA,41,0.736,0.66,0.707,0.854,649.55,0.41,3.1,5.59,9.29,10.3,99.52,0.48,37.01,90.61,100.0,99.76,71.6,3913,3347,62,250
410230,BALSA NOVA,41,0.696,0.579,0.707,0.823,652.54,0.44,7.51,13.0,4.55,9.66,87.4,12.6,32.22,97.79,99.87,99.07,76.23,11300,6870,136,855
410240,BANDEIRANTES,41,0.727,0.658,0.714,0.819,679.72,0.49,7.73,15.34,9.07,11.42,97.84,2.16,24.89,96.07,99.93,99.56,79.72,32184,28384,419,2358
410250,BARBOSA FERRAZ,41,0.696,0.625,0.667,0.808,507.7,0.48,14.7,26.96,15.79,11.08,98.19,1.81,30.88,94.62,99.34,93.19,71.83,12656,9581,165,914
410260,BARRACÃO,41,0.706,0.59,0.716,0.833,688.92,0.54,12.23,21.69,8.34,10.5,95.3,4.7,29.94,92.29,99.49,96.82,78.0,9735,7008,147,822
410270,BARRA DO JACARÉ,41,0.744,0.747,0.678,0.813,543.58,0.42,9.46,18.7,11.81,12.55,98.81,1.19,13.48,79.15,100.0,99.3,86.15,2727,1851,35,170
410275,BELA VISTA DA CAROBA,41,0.681,0.572,0.667,0.828,507.41,0.51,18.83,34.4,14.22,11.7,99.57,0.43,37.09,88.84,98.89,98.29,78.96,3945,1041,68,335
410280,BELA VISTA DO PARAÍSO,41,0.716,0.604,0.721,0.844,710.14,0.47,5.24,10.56,11.93,9.25,97.29,2.71,36.16,98.5,99.8,99.34,63.86,15079,14196,187,1013
410290,BITURUNA,41,0.667,0.556,0.645,0.829,443.43,0.49,21.04,34.02,8.07,9.49,98.2,1.8,39.87,89.48,98.31,99.89,64.32,15880,9899,251,1595
410300,BOA ESPERANÇA,41,0.72,0.673,0.687,0.808,575.77,0.47,9.16,13.68,13.31,10.73,98.99,1.01,21.61,98.49,99.46,99.9,69.59,4568,2640,56,320
410302,BOA ESPERANÇA DO IGUAÇU,41,0.7,0.602,0.673,0.848,527.03,0.44,12.8,17.49,8.39,12.06,98.25,1.75,31.05,80.02,100.0,100.0,84.09,2764,953,49,264
410304,BOA VENTURA DE SÃO ROQUE,41,0.655,0.553,0.635,0.802,415.44,0.51,24.01,35.21,11.78,10.4,97.53,2.47,43.13,78.4,92.51,93.85,72.57,6554,1544,103,636
410305,BOA VISTA DA APARECIDA,41,0.67,0.563,0.668,0.801,510.39,0.48,16.41,28.34,15.53,11.31,99.18,0.82,36.94,94.44,99.77,95.68,78.52,7911,4900,149,721
410310,BOCAIÚVA DO SUL,41,0.64,0.473,0.679,0.816,547.26,0.46,10.69,18.05,9.05,9.99,95.08,4.92,47.26,83.88,99.25,100.0,67.58,10987,5128,184,1049
410315,BOM JESUS DO SUL,41,0.697,0.656,0.64,0.805,430.51,0.46,18.28,30.46,10.1,10.97,99.3,0.7,26.96,95.72,99.86,100.0,75.67,3796,933,47,313
410320,BOM SUCESSO,41,0.686,0.57,0.692,0.82,592.27,0.43,4.52,7.77,13.7,10.47,95.44,4.56,35.08,94.62,99.83,99.35,71.27,6561,5329,97,466
410322,BOM SUCESSO DO SUL,41,0.742,0.695,0.704,0.836,639.33,0.53,12.35,21.31,1.86,10.72,98.39,1.61,23.23,85.87,100.0,99.71,74.48,3293,1581,34,211
410330,BORRAZÓPOLIS,41,0.717,0.633,0.695,0.838,604.08,0.43,6.09,9.79,11.75,10.77,98.99,1.01,24.86,95.6,99.93,99.03,77.25,7878,5809,89,464
410335,BRAGANEY,41,0.701,0.627,0.689,0.797,580.75,0.5,11.99,19.45,13.27,11.15,98.01,1.99,27.24,93.87,99.83,98.81,77.79,5735,3417,102,469
410337,BRASILÂNDIA DO SUL,41,0.681,0.572,0.68,0.813,550.58,0.45,7.81,15.87,15.44,10.8,97.85,2.15,41.4,97.38,100.0,99.32,72.03,3209,2180,33,216
410340,CAFEARA,41,0.693,0.602,0.683,0.811,560.67,0.4,6.39,8.91,15.58,9.99,99.47,0.53,28.53,98.95,100.0,100.0,66.19,2695,2195,37,197
410345,CAFELÂNDIA,41,0.748,0.692,0.723,0.835,721.38,0.41,2.7,5.34,4.42,11.5,97.94,2.06,21.26,97.54,100.0,99.14,81.18,14662,12348,231,1102
410347,CAFEZAL DO SUL,41,0.692,0.611,0.686,0.792,569.82,0.41,6.79,13.81,15.32,11.58,98.41,1.59,33.99,95.12,100.0,97.9,83.78,4290,3325,54,271
410350,CALIFÓRNIA,41,0.722,0.638,0.718,0.821,698.38,0.5,6.32,11.41,8.68,10.58,97.2,2.8,26.95,96.14,99.75,99.68,78.47,8069,6028,91,587
410360,CAMBARÁ,41,0.721,0.645,0.711,0.818,666.89,0.47,7.53,15.31,8.59,10.52,97.32,2.68,22.22,98.67,99.95,99.41,74.96,23886,22365,302,1678
410370,CAMBÉ,41,0.734,0.651,0.724,0.84,723.34,0.42,3.1,6.81,6.38,9.94,97.49,2.51,20.62,99.23,100.0,99.55,73.61,96733,92952,1304,7164
410380,CAMBIRA,41,0.725,0.651,0.702,0.835,630.19,0.42,5.26,9.7,8.9,10.61,97.47,2.53,22.86,95.4,100.0,95.57,74.88,7236,5475,90,480
410390,CAMPINA DA LAGOA,41,0.704,0.623,0.677,0.829,540.04,0.46,10.6,19.32,13.03,10.47,97.31,2.69,30.04,96.69,99.93,82.41,73.06,15394,12557,198,1204
410395,CAMPINA DO SIMÃO,41,0.63,0.527,0.598,0.792,330.48,0.5,31.12,42.36,11.93,10.31,98.33,1.67,47.04,82.86,90.51,86.89,70.6,4076,1388,86,435
410400,CAMPINA GRANDE DO SUL,41,0.718,0.605,0.712,0.86,671.29,0.44,6.03,10.06,5.98,9.88,97.98,2.02,27.4,89.83,99.66,99.7,66.34,38769,31961,606,3406
410405,CAMPO BONITO,41,0.681,0.562,0.69,0.813,585.04,0.48,11.89,16.62,13.07,11.54,97.43,2.57,40.08,90.93,99.34,95.98,85.34,4407,2580,71,399
410410,CAMPO DO TENENTE,41,0.686,0.606,0.661,0.806,488.06,0.49,13.93,21.21,9.11,11.05,98.73,1.27,30.69,95.45,99.1,98.5,82.65,7125,4194,121,665
410420,CAMPO LARGO,41,0.745,0.664,0.73,0.854,749.21,0.45,4.25,6.81,4.48,10.44,97.67,2.33,25.21,97.3,99.84,98.49,72.09,112377,94171,1489,8798
410425,CAMPO MAGRO,41,0.701,0.607,0.685,0.828,567.04,0.38,5.16,6.91,6.17,8.46,96.13,3.87,29.41,95.25,99.82,99.43,59.31,24843,19547,405,2127
410430,CAMPO MOURÃO,41,0.757,0.689,0.749,0.841,843.42,0.5,4.58,9.66,7.29,10.39,98.17,1.83,25.63,97.95,99.89,99.64,73.89,87194,82676,1148,6343
410440,CÂNDIDO DE ABREU,41,0.629,0.494,0.643,0.783,438.62,0.57,27.42,43.46,16.19,10.19,98.08,1.92,50.2,89.73,96.72,86.32,70.37,16655,4752,280,1464
410442,CANDÓI,41,0.635,0.503,0.655,0.778,472.4,0.54,22.52,32.58,9.31,9.9,93.76,6.24,50.2,90.75,98.2,96.27,72.98,14983,7026,274,1460
410445,CANTAGALO,41,0.635,0.522,0.638,0.768,424.57,0.51,23.91,37.78,8.79,10.12,96.04,3.96,49.16,95.63,98.83,97.46,70.54,12952,8509,208,1294
410450,CAPANEMA,41,0.706,0.611,0.719,0.801,701.11,0.45,6.6,12.46,7.33,11.51,98.18,1.82,29.34,95.05,99.92,97.61,82.93,18526,11150,256,1389
410460,CAPITÃO LEÔNIDAS MARQUES,41,0.716,0.623,0.712,0.829,670.16,0.46,7.2,12.46,9.59,10.21,98.24,1.76,30.35,87.74,100.0,99.63,73.69,14970,11490,205,1219
410465,CARAMBEÍ,41,0.728,0.64,0.721,0.836,711.5,0.53,8.9,16.29,5.0,9.81,98.23,1.77,28.13,94.21,99.94,99.92,70.86,19163,13918,327,1801
410470,CARLÓPOLIS,41,0.713,0.625,0.696,0.832,608.82,0.47,9.02,17.58,8.07,10.29,98.12,1.88,30.47,94.89,99.7,99.81,76.29,13706,9353,188,1049
410480,CASCAVEL,41,0.782,0.728,0.776,0.846,1003.38,0.51,3.27,6.45,4.47,11.22,98.12,1.88,17.12,98.2,99.75,99.66,80.77,286205,270049,3876,21130
410490,CASTRO,41,0.703,0.6,0.704,0.823,639.54,0.53,12.09,19.89,7.63,10.31,97.22,2.78,31.81,89.35,98.83,98.87,76.36,67084,49266,1206,6292
410500,CATANDUVAS,41,0.678,0.573,0.677,0.805,539.43,0.53,16.54,27.35,13.6,10.27,97.82,2.18,43.63,85.55,98.44,99.34,66.36,10202,5342,155,861
410510,CENTENÁRIO DO SUL,41,0.668,0.549,0.686,0.791,571.32,0.41,5.81,10.21,13.56,10.21,97.84,2.16,39.67,96.04,99.82,98.76,69.44,11190,9334,141,753
410520,CERRO AZUL,41,0.573,0.391,0.604,0.797,342.88,0.48,29.26,42.8,17.73,8.12,92.92,7.08,60.69,73.37,96.06,94.11,61.69,16938,4808,315,1716
410530,CÉU AZUL,41,0.732,0.659,0.732,0.812,759.41,0.47,3.26,4.28,6.25,10.89,98.42,1.58,22.93,92.79,99.81,99.71,78.45,11032,8387,145,776
410540,CHOPINZINHO,41,0.74,0.671,0.74,0.817,802.23,0.55,10.03,17.93,8.13,9.93,98.06,1.94,28.92,90.06,99.49,97.48,69.3,19679,12508,277,1537
410550,CIANORTE,41,0.755,0.685,0.747,0.841,837.13,0.41,2.13,4.11,5.58,11.07,98.2,1.8,20.81,98.04,99.99,99.85,77.95,69958,62282,865,4605
410560,CIDADE GAÚCHA,41,0.718,0.645,0.712,0.805,671.1,0.42,3.31,7.73,11.33,11.82,98.52,1.48,30.17,98.29,99.93,99.47,82.68,11062,9176,167,910
410570,CLEVELÂNDIA,41,0.694,0.573,0.718,0.813,696.71,0.58,13.41,25.21,11.39,10.13,95.95,4.05,41.07,97.58,99.31,97.37,72.62,17240,14758,283,1527
410580,COLOMBO,41,0.733,0.632,0.715,0.87,682.85,0.41,3.75,6.89,4.65,9.54,96.57,3.43,25.71,98.96,99.93,99.82,68.46,212967,203203,3475,18795
410590,COLORADO,41,0.73,0.649,0.747,0.804,833.7,0.43,1.63,3.82,8.82,10.3,98.14,1.86,19.02,98.81,99.95,98.7,74.97,22345,21005,278,1475
410600,CONGONHINHAS,41,0.668,0.562,0.655,0.809,471.57,0.5,18.82,31.2,16.91,11.25,98.72,1.28,40.28,79.25,99.48,97.58,77.37,8279,4834,129,638
410610,CONSELHEIRO MAIRINCK,41,0.707,0.65,0.675,0.806,534.5,0.47,10.42,14.68,10.11,11.85,98.76,1.24,19.84,91.46,99.01,100.0,77.89,3636,2515,55,258
410620,CONTENDA,41,0.681,0.555,0.697,0.816,612.8,0.47,9.93,19.18,5.06,10.19,99.62,0.38,39.22,97.61,99.18,99.28,72.62,15891,9231,242,1427
410630,CORBÉLIA,41,0.738,0.683,0.728,0.807,743.65,0.48,4.6,8.61,7.66,9.97,97.92,2.08,25.04,97.84,99.97,98.59,75.58,16312,13976,228,1171
410640,CORNÉLIO PROCÓPIO,41,0.759,0.692,0.746,0.848,828.19,0.48,5.21,9.28,6.72,11.31,98.75,1.25,17.2,99.54,99.98,99.87,72.61,46928,44308,576,3062
410645,CORONEL DOMINGOS SOARES,41,0.6,0.447,0.609,0.792,353.16,0.54,35.15,49.05,10.2,9.64,95.85,4.15,56.96,91.09,98.64,100.0,63.86,7238,1753,124,696
410650,CORONEL VIVIDA,41,0.723,0.653,0.714,0.81,679.98,0.47,7.16,13.04,8.19,10.88,97.48,2.52,25.99,94.03,100.0,95.74,73.09,21749,15445,288,1647
410655,CORUMBATAÍ DO SUL,41,0.638,0.52,0.632,0.79,409.02,0.42,16.88,33.51,19.22,8.5,97.08,2.92,41.7,78.47,100.0,99.88,57.26,4002,2127,71,322
410657,CRUZEIRO DO IGUAÇU,41,0.709,0.641,0.703,0.792,636.1,0.51,9.77,15.63,12.77,11.26,98.37,1.63,23.49,91.2,99.92,97.62,76.53,4278,2623,60,363
410660,CRUZEIRO DO OESTE,41,0.717,0.64,0.698,0.825,617.44,0.43,5.41,13.48,12.56,11.01,97.73,2.27,30.07,96.73,100.0,97.81,77.68,20416,17667,269,1403
410670,CRUZEIRO DO SUL,41,0.713,0.641,0.682,0.828,558.9,0.42,5.37,10.5,12.11,10.78,98.49,1.51,25.68,93.54,100.0,100.0,73.44,4563,3404,69,306
410680,CRUZ MACHADO,41,0.664,0.545,0.635,0.845,414.98,0.54,29.04,42.53,5.88,9.85,96.85,3.15,40.69,80.4,98.89,95.12,71.76,18040,6057,308,1803
410685,CRUZMALTINA,41,0.666,0.593,0.65,0.768,456.21,0.38,9.78,17.4,17.14,11.19,99.22,0.78,32.95,79.77,99.67,96.52,75.41,3162,1503,34,208
410690,CURITIBA,41,0.823,0.768,0.85,0.855,1581.04,0.55,1.73,3.54,2.13,10.95,97.57,2.43,13.35,99.82,99.98,99.89,78.03,1751907,1751907,21540,116109
410700,CURIÚVA,41,0.656,0.546,0.649,0.795,455.24,0.45,12.05,18.73,13.6,10.95,98.63,1.37,42.8,90.18,99.75,99.51,73.37,13923,9573,229,1205
410710,DIAMANTE DO NORTE,41,0.723,0.657,0.699,0.824,619.39,0.44,5.62,9.91,11.15,11.5,97.15,2.85,26.52,91.83,99.9,99.49,80.76,5516,4551,84,377
410712,DIAMANTE DO SUL,41,0.608,0.479,0.605,0.777,344.73,0.45,27.14,37.97,19.12,10.51,99.41,0.59,55.51,88.5,94.81,92.17,72.88,3510,1405,61,348
410715,DIAMANTE D'OESTE,41,0.644,0.532,0.647,0.776,447.57,0.5,20.44,35.03,16.77,10.21,98.25,1.75,46.72,87.95,98.15,98.2,66.44,5027,2561,87,426
410720,DOIS VIZINHOS,41,0.767,0.711,0.747,0.85,836.1,0.47,4.62,8.47,6.59,11.06,98.35,1.65,19.59,86.36,100.0,99.29,77.66,36179,28095,459,2586
410725,DOURADINA,41,0.724,0.644,0.721,0.818,708.51,0.43,3.5,7.79,9.54,11.46,97.16,2.84,26.6,93.51,99.9,99.84,81.58,7445,5236,100,517
410730,DOUTOR CAMARGO,41,0.746,0.702,0.704,0.839,639.19,0.39,5.92,15.36,8.78,11.7,98.53,1.47,19.76,96.43,100.0,99.69,78.05,5828,5109,61,336
410740,ENÉAS MARQUES,41,0.752,0.664,0.767,0.835,948.7,0.6,10.06,18.68,8.77,12.57,99.28,0.72,31.14,84.3,99.71,96.51,87.76,6103,2126,94,484
410750,ENGENHEIRO BELTRÃO,41,0.73,0.677,0.701,0.82,629.05,0.43,8.41,15.87,9.72,9.92,97.82,2.18,26.33,90.62,99.92,99.43,70.52,13906,12278,197,987
410752,ESPERANÇA NOVA,41,0.689,0.594,0.69,0.799,584.46,0.39,7.11,15.49,11.46,11.55,98.58,1.42,35.1,87.58,100.0,100.0,77.5,1970,752,28,135
410753,ENTRE RIOS DO OESTE,41,0.761,0.686,0.778,0.826,1013.75,0.5,3.07,6.88,3.19,11.65,100.0,0.0,26.75,99.92,100.0,100.0,81.05,3926,2642,59,287
410754,ESPIGÃO ALTO DO IGUAÇU,41,0.636,0.521,0.632,0.781,409.12,0.57,31.81,46.63,14.05,10.37,97.92,2.08,42.02,81.77,95.7,98.14,73.36,4677,1646,92,455
410755,FAROL,41,0.715,0.665,0.671,0.818,521.09,0.49,13.49,21.97,14.87,10.79,97.1,2.9,21.84,88.32,100.0,99.42,78.82,3472,2018,57,270
410760,FAXINAL,41,0.687,0.584,0.697,0.796,612.79,0.48,7.94,15.52,13.39,9.42,96.27,3.73,37.16,95.2,99.83,99.03,66.65,16314,12739,252,1299
410765,FAZENDA RIO GRANDE,41,0.72,0.617,0.713,0.847,677.31,0.46,5.61,9.0,4.47,9.45,95.76,4.24,26.22,99.25,99.98,99.49,71.58,81675,75928,1385,7803
410770,FÊNIX,41,0.716,0.665,0.669,0.825,514.41,0.43,10.21,19.78,13.31,10.94,99.09,0.91,15.3,96.04,99.84,98.87,77.75,4802,3995,60,324
410773,FERNANDES PINHEIRO,41,0.645,0.525,0.647,0.791,446.98,0.54,23.08,33.47,9.92,10.16,96.51,3.49,38.05,92.59,99.02,99.04,72.0,5932,2094,86,530
410775,FIGUEIRA,41,0.677,0.569,0.68,0.801,551.93,0.44,9.41,15.9,14.1,10.72,98.14,1.86,37.67,98.22,99.36,99.01,70.13,8293,7091,105,644
410780,FLORAÍ,41,0.745,0.656,0.739,0.853,792.48,0.43,2.39,5.5,8.18,10.61,97.0,3.0,15.49,95.78,99.94,99.18,68.99,5050,4472,48,234
410785,FLOR DA SERRA DO SUL,41,0.682,0.56,0.68,0.833,549.7,0.46,13.89,22.66,11.08,10.89,98.79,1.21,36.16,92.84,98.62,99.53,76.0,4726,1644,73,423
410790,FLORESTA,41,0.736,0.691,0.707,0.816,649.71,0.36,1.61,3.56,7.07,10.46,98.74,1.26,19.94,97.78,99.86,99.79,76.73,5931,5470,70,385
410800,FLORESTÓPOLIS,41,0.701,0.625,0.682,0.807,555.82,0.34,2.83,5.41,12.94,10.32,97.13,2.87,28.86,99.62,99.95,100.0,74.51,11222,10544,177,865
410810,FLÓRIDA,41,0.732,0.679,0.707,0.816,652.52,0.39,2.14,4.28,9.11,11.14,96.31,3.69,23.86,93.88,99.88,99.18,85.44,2543,2322,40,181
410820,FORMOSA DO OESTE,41,0.723,0.652,0.692,0.836,593.44,0.41,7.28,15.42,10.31,10.72,96.39,3.61,21.94,90.73,99.8,98.47,70.81,7541,4970,78,428
410830,FOZ DO IGUAÇU,41,0.751,0.661,0.748,0.858,842.26,0.53,7.37,12.97,5.64,10.09,96.36,3.64,25.73,99.19,99.83,99.21,71.58,256088,253962,4040,21630
410832,FRANCISCO ALVES,41,0.669,0.57,0.669,0.786,512.87,0.41,8.08,16.15,15.78,10.58,98.61,1.39,32.38,98.61,99.95,97.99,73.59,6418,4234,97,480
410840,FRANCISCO BELTRÃO,41,0.774,0.726,0.758,0.844,895.36,0.47,4.38,8.79,5.68,11.26,98.79,1.21,18.18,97.89,99.86,99.49,78.97,78943,67449,1038,5712
410845,FOZ DO JORDÃO,41,0.645,0.496,0.654,0.828,467.65,0.54,19.52,29.26,10.77,9.26,96.42,3.58,51.62,98.61,99.29,94.6,65.32,5420,3927,115,608
410850,GENERAL CARNEIRO,41,0.652,0.532,0.638,0.816,423.27,0.48,20.0,32.16,9.87,9.71,96.73,3.27,47.75,95.06,97.77,98.2,63.75,13669,9569,247,1460
410855,GODOY MOREIRA,41,0.675,0.578,0.642,0.828,434.45,0.44,15.25,28.23,15.38,12.83,100.0,0.0,35.75,88.06,99.09,95.23,90.61,3337,1547,49,235
410860,GOIOERÊ,41,0.731,0.639,0.72,0.85,707.58,0.48,6.14,10.69,10.64,10.88,97.43,2.57,28.26,99.41,99.93,99.44,73.01,29018,25242,419,2161
410865,GOIOXIM,41,0.641,0.547,0.593,0.813,320.16,0.49,33.13,45.73,12.8,11.29,98.13,1.87,49.48,85.85,98.87,93.23,75.08,7503,1756,187,855
410870,GRANDES RIOS,41,0.658,0.55,0.649,0.799,455.19,0.45,14.97,25.4,17.93,10.8,96.14,3.86,35.95,91.28,98.95,96.88,70.94,6625,3560,86,508
410880,GUAÍRA,41,0.724,0.615,0.739,0.836,795.84,0.57,11.7,21.2,9.5,10.71,95.88,4.12,31.97,96.67,98.32,96.81,72.77,30704,28206,466,2417
410890,GUAIRAÇÁ,41,0.693,0.574,0.698,0.829,614.06,0.45,7.29,15.28,14.08,9.57,96.98,3.02,40.79,93.96,98.63,99.46,64.29,6197,4959,95,431
410895,GUAMIRANGA,41,0.669,0.568,0.657,0.804,478.34,0.46,14.09,20.89,7.35,10.3,97.51,2.49,42.11,88.61,99.19,99.5,77.68,7900,2236,87,580
410900,GUAPIRAMA,41,0.702,0.645,0.666,0.805,505.91,0.46,13.15,26.0,12.54,10.07,98.56,1.44,32.55,96.39,99.83,99.68,66.89,3891,2900,47,275
410910,GUAPOREMA,41,0.719,0.671,0.686,0.808,572.72,0.37,3.17,6.71,12.19,11.4,98.37,1.63,26.1,89.09,100.0,100.0,79.93,2219,1281,28,139
410920,GUARACI,41,0.698,0.598,0.693,0.821,595.93,0.37,1.44,2.67,11.2,10.89,99.4,0.6,30.69,96.67,99.94,99.31,70.65,5227,4200,55,376
410930,GUARANIAÇU,41,0.677,0.528,0.698,0.841,614.94,0.54,16.23,28.12,10.74,10.93,96.87,3.13,47.0,93.52,98.41,93.38,72.4,14582,7804,228,1134
410940,GUARAPUAVA,41,0.731,0.628,0.73,0.853,750.09,0.55,8.92,15.63,6.0,10.5,97.09,2.91,31.33,98.55,99.01,98.87,74.71,167328,152993,2640,14338
410950,GUARAQUEÇABA,41,0.587,0.434,0.587,0.792,307.8,0.49,36.05,48.3,14.71,9.0,95.26,4.74,52.9,61.39,97.54,94.27,56.64,7871,2683,142,751
410960,GUARATUBA,41,0.717,0.604,0.737,0.828,782.92,0.56,9.15,17.41,5.4,9.12,97.83,2.17,30.21,95.05,98.98,99.19,62.6,32095,28805,521,2762
410965,HONÓRIO SERPA,41,0.683,0.612,0.645,0.807,443.83,0.46,18.84,28.78,9.39,9.71,99.1,0.9,39.97,90.04,98.57,98.55,64.54,5955,1988,105,550
410970,IBAITI,41,0.71,0.596,0.738,0.813,787.74,0.62,12.74,20.13,11.59,10.37,96.53,3.47,34.54,94.79,99.44,98.57,70.88,28751,23116,424,2266
410975,IBEMA,41,0.685,0.615,0.664,0.786,499.24,0.44,11.07,19.32,11.92,10.91,98.0,2.0,35.35,96.5,99.42,98.08,80.22,6066,4941,104,541
410980,IBIPORÃ,41,0.726,0.647,0.72,0.821,706.25,0.45,5.91,11.18,7.44,9.77,96.76,3.24,21.64,99.45,99.83,99.33,70.39,48198,45895,625,3632
410990,ICARAÍMA,41,0.666,0.554,0.673,0.792,525.92,0.42,9.76,18.8,11.98,9.83,97.77,2.23,34.55,87.44,100.0,99.75,63.12,8839,6240,111,622
411000,IGUARAÇU,41,0.758,0.732,0.714,0.833,678.32,0.42,4.29,9.24,9.6,10.29,98.25,1.75,18.96,91.5,100.0,99.13,73.94,3982,3559,45,248
411005,IGUATU,41,0.703,0.637,0.672,0.812,523.94,0.46,12.85,16.81,12.02,11.85,96.79,3.21,30.13,91.91,99.04,99.64,86.27,2234,1438,32,161
411007,IMBAÚ,41,0.622,0.481,0.636,0.785,418.52,0.43,15.5,24.22,16.35,9.24,97.18,2.82,44.49,83.62,98.78,97.92,70.26,11274,7060,186,1052
411010,IMBITUVA,41,0.66,0.509,0.681,0.828,553.65,0.51,12.69,20.86,5.84,9.63,95.92,4.08,52.97,96.5,99.51,99.05,71.22,28455,17888,517,2723
411020,INÁCIO MARTINS,41,0.6,0.454,0.623,0.765,385.92,0.51,27.21,40.12,10.89,8.63,94.54,5.46,57.29,87.03,88.09,98.34,67.88,10943,6288,192,1140
411030,INAJÁ,41,0.705,0.641,0.676,0.807,538.69,0.43,8.28,15.16,14.32,10.84,98.66,1.34,29.27,96.8,100.0,96.91,75.7,2988,2761,40,223
411040,INDIANÓPOLIS,41,0.724,0.642,0.707,0.835,652.36,0.35,1.86,3.15,10.23,11.26,100.0,0.0,25.51,97.16,100.0,97.61,83.18,4299,3147,54,302
411050,IPIRANGA,41,0.652,0.489,0.684,0.828,564.83,0.53,15.05,22.42,7.62,9.91,97.42,2.58,51.03,91.99,99.62,98.27,68.6,14150,4889,239,1300
411060,IPORÃ,41,0.706,0.611,0.696,0.829,608.93,0.45,8.15,17.84,12.11,10.81,99.24,0.76,32.36,98.42,100.0,99.11,76.92,14981,11777,194,1063
411065,IRACEMA DO OESTE,41,0.707,0.63,0.672,0.836,524.51,0.4,10.28,22.6,16.11,11.32,98.31,1.69,36.76,92.01,99.79,98.56,74.68,2578,2002,27,177
411070,IRATI,41,0.726,0.64,0.715,0.835,685.81,0.49,6.79,12.54,4.56,10.51,98.52,1.48,28.1,96.26,99.59,97.45,77.32,56207,44932,758,4205
411080,IRETAMA,41,0.665,0.521,0.696,0.811,608.11,0.58,14.82,26.81,16.79,10.55,98.72,1.28,49.01,89.75,99.0,99.08,67.89,10622,6187,165,920
411090,ITAGUAJÉ,41,0.707,0.664,0.672,0.791,523.98,0.41,8.21,14.32,11.42,10.45,98.88,1.12,24.77,94.69,99.76,99.8,73.16,4568,3636,77,329
411095,ITAIPULÂNDIA,41,0.738,0.608,0.779,0.848,1019.87,0.63,5.62,11.36,7.69,10.8,99.2,0.8,29.54,97.02,100.0,100.0,74.01,9026,4741,142,735
411100,ITAMBARACÁ,41,0.694,0.639,0.664,0.789,499.63,0.42,11.31,21.78,15.46,10.3,99.53,0.47,30.11,98.06,99.34,99.1,70.76,6759,5080,90,510
411110,ITAMBÉ,41,0.746,0.703,0.691,0.854,588.49,0.36,2.7,4.84,11.74,10.86,99.22,0.78,17.28,96.42,100.0,99.78,80.46,5979,5674,93,414
411120,ITAPEJARA D'OESTE,41,0.731,0.661,0.713,0.828,674.12,0.49,7.4,14.45,7.32,10.61,100.0,0.0,30.42,93.23,100.0,98.93,73.23,10531,6987,158,764
411125,ITAPERUÇU,41,0.637,0.507,0.654,0.779,468.04,0.4,9.15,13.39,10.78,8.52,94.94,5.06,45.96,89.03,99.83,97.99,60.96,23887,19956,460,2414
411130,ITAÚNA DO SUL,41,0.656,0.543,0.651,0.798,460.51,0.37,7.25,13.75,19.28,9.1,93.57,6.43,41.01,94.29,100.0,100.0,68.58,3583,2549,71,287
411140,IVAÍ,41,0.651,0.534,0.654,0.791,469.13,0.5,21.64,34.33,8.31,10.29,97.2,2.8,45.97,92.74,99.13,97.05,70.63,12815,4629,217,1180
411150,IVAIPORÃ,41,0.73,0.661,0.711,0.827,666.73,0.48,9.58,18.29,11.54,10.84,98.34,1.66,21.36,96.42,99.9,97.84,77.47,31816,27438,419,2234
411155,IVATÉ,41,0.706,0.641,0.684,0.803,563.82,0.37,4.94,9.04,10.23,10.44,98.13,1.87,24.4,87.08,99.95,99.49,75.77,7514,5233,86,539
411160,IVATUBA,41,0.766,0.748,0.718,0.837,699.09,0.43,4.27,9.1,7.02,11.22,99.25,0.75,24.34,93.42,100.0,100.0,75.62,3010,2294,22,167
411170,JABOTI,41,0.718,0.64,0.699,0.827,618.6,0.48,7.39,14.86,11.49,11.69,97.55,2.45,30.68,93.91,100.0,99.72,81.92,4902,3027,75,393
411180,JACAREZINHO,41,0.743,0.663,0.734,0.844,770.55,0.53,6.0,11.94,9.04,9.85,98.08,1.92,22.73,98.31,99.87,98.51,66.75,39121,34774,581,3000
411190,JAGUAPITÃ,41,0.715,0.615,0.714,0.834,681.75,0.4,3.16,6.02,10.81,10.11,98.94,1.06,32.08,98.47,99.95,99.42,66.75,12225,10380,161,843
411200,JAGUARIAÍVA,41,0.743,0.684,0.698,0.859,616.79,0.51,11.0,19.88,6.9,10.41,98.03,1.97,28.24,95.24,99.5,99.13,73.91,32606,28041,526,2804
411210,JANDAIA DO SUL,41,0.747,0.703,0.741,0.801,803.28,0.46,2.25,3.9,7.33,11.47,99.21,0.79,17.06,97.37,100.0,98.72,75.58,20269,18331,238,1361
411220,JANIÓPOLIS,41,0.696,0.593,0.688,0.826,577.55,0.5,11.24,20.63,17.66,10.01,99.03,0.97,34.91,92.73,99.13,97.26,64.43,6532,4038,61,455
411230,JAPIRA,41,0.696,0.603,0.675,0.827,534.19,0.47,10.34,18.34,10.99,11.77,98.32,1.68,31.89,86.5,99.74,99.88,82.07,4903,2733,83,404
411240,JAPURÁ,41,0.712,0.623,0.698,0.829,615.19,0.35,3.1,5.42,8.84,10.4,98.45,1.55,31.49,97.58,99.97,100.0,76.17,8549,7619,99,559
411250,JARDIM ALEGRE,41,0.689,0.569,0.696,0.827,608.16,0.66,23.97,38.13,15.12,11.24,98.1,1.9,33.47,87.34,99.56,99.16,77.11,12324,7171,194,926
411260,JARDIM OLINDA,41,0.682,0.6,0.669,0.791,515.05,0.44,10.73,17.95,12.41,12.2,97.71,2.29,40.64,84.81,99.69,100.0,80.09,1409,1001,14,92
411270,JATAIZINHO,41,0.687,0.574,0.669,0.845,514.94,0.44,11.45,17.3,10.34,9.95,97.87,2.13,35.4,97.55,99.93,98.72,69.66,11875,11053,179,1025
411275,JESUÍTAS,41,0.705,0.615,0.68,0.839,551.65,0.42,9.58,20.01,10.22,10.37,97.6,2.4,32.0,93.97,99.89,99.26,74.79,9001,6070,109,555
411280,JOAQUIM TÁVORA,41,0.7,0.613,0.699,0.801,618.36,0.43,4.01,9.28,8.08,10.34,97.37,2.63,31.44,94.05,99.88,97.79,73.03,10736,8220,131,714
411290,JUNDIAÍ DO SUL,41,0.688,0.605,0.66,0.817,485.95,0.5,16.26,29.57,14.51,11.81,98.98,1.02,32.22,94.99,98.42,99.58,78.27,3433,1976,51,283
411295,JURANDA,41,0.708,0.639,0.678,0.818,544.87,0.44,8.63,14.75,12.24,11.14,98.26,1.74,30.32,98.65,99.79,98.75,76.35,7641,5839,120,617
411300,JUSSARA,41,0.718,0.619,0.716,0.835,688.1,0.46,4.05,8.2,7.05,12.28,96.93,3.07,35.57,99.43,100.0,100.0,91.31,6610,5924,101,518
411310,KALORÉ,41,0.721,0.657,0.673,0.848,528.02,0.4,8.32,20.69,11.45,11.48,95.88,4.12,25.69,96.45,100.0,99.83,85.23,4506,3218,44,253
411320,LAPA,41,0.706,0.595,0.696,0.848,608.6,0.49,10.59,17.6,5.67,10.53,98.8,1.2,31.65,94.14,99.28,98.64,77.41,44932,27222,700,3787
411325,LARANJAL,41,0.585,0.436,0.581,0.79,297.34,0.49,31.17,44.65,17.81,9.95,97.18,2.82,53.43,91.54,96.66,95.5,66.78,6360,2031,122,715
411330,LARANJEIRAS DO SUL,41,0.706,0.594,0.709,0.835,659.33,0.54,14.43,24.25,8.47,9.62,96.35,3.65,38.17,97.5,99.04,98.38,69.99,30777,25031,467,2614
411340,LEÓPOLIS,41,0.707,0.663,0.657,0.812,477.23,0.39,7.68,15.83,11.52,11.12,98.84,1.16,23.28,91.85,99.65,99.48,76.19,4145,2401,59,293
411342,LIDIANÓPOLIS,41,0.68,0.598,0.657,0.802,477.52,0.4,10.61,23.07,17.81,9.83,99.3,0.7,25.84,94.34,100.0,99.27,66.51,3973,2046,40,245
411345,LINDOESTE,41,0.666,0.588,0.652,0.769,462.44,0.5,16.43,26.0,13.65,10.69,98.92,1.08,27.85,87.58,98.62,98.04,74.63,5361,2384,70,437
411350,LOANDA,41,0.725,0.645,0.724,0.815,725.67,0.47,5.36,11.48,8.24,10.62,97.95,2.05,24.17,98.42,99.41,99.47,78.91,21201,19274,300,1509
411360,LOBATO,41,0.744,0.692,0.708,0.841,653.7,0.38,2.57,5.67,11.01,8.41,98.9,1.1,17.05,97.51,100.0,99.22,60.71,4401,4105,57,282
411370,LONDRINA,41,0.778,0.712,0.789,0.837,1083.35,0.51,3.27,6.83,4.52,10.35,97.34,2.66,18.62,98.96,99.82,98.67,76.13,506701,493520,6620,34738
411373,LUIZIANA,41,0.668,0.58,0.659,0.781,482.03,0.48,11.45,20.49,14.63,9.71,98.11,1.89,36.6,97.31,99.51,98.42,68.36,7315,4756,121,635
411375,LUNARDELLI,41,0.69,0.607,0.655,0.826,471.99,0.46,13.33,19.47,16.23,10.19,98.43,1.57,34.15,90.28,99.93,99.32,74.05,5160,3594,55,357
411380,LUPIONÓPOLIS,41,0.71,0.595,0.703,0.856,636.69,0.48,5.9,11.14,11.02,8.57,98.39,1.61,29.01,99.41,99.95,100.0,56.05,4592,4079,59,330
411390,MALLET,41,0.708,0.645,0.681,0.809,552.86,0.46,12.45,20.91,3.27,11.07,98.49,1.51,30.65,95.04,98.41,99.87,81.59,12973,7570,195,1005
411400,MAMBORÊ,41,0.719,0.649,0.698,0.821,616.46,0.49,12.64,22.89,11.0,10.65,98.85,1.15,29.55,95.83,99.17,99.54,76.46,13961,8984,190,1037
411410,MANDAGUAÇU,41,0.718,0.625,0.717,0.825,693.16,0.41,2.34,4.4,8.83,9.86,96.84,3.16,25.23,96.68,99.97,99.67,75.42,19781,17585,258,1439
411420,MANDAGUARI,41,0.751,0.689,0.732,0.84,762.54,0.45,3.54,8.12,7.32,11.09,98.67,1.33,21.42,99.46,99.98,99.61,79.26,32658,30934,399,2241
411430,MANDIRITUBA,41,0.655,0.515,0.677,0.807,539.68,0.46,11.37,19.4,6.63,9.95,94.75,5.25,38.31,95.52,99.77,99.86,68.88,22220,7414,337,1990
411435,MANFRINÓPOLIS,41,0.645,0.52,0.642,0.805,435.85,0.47,20.57,25.7,14.6,9.94,98.37,1.63,43.92,89.21,97.92,91.85,71.73,3127,652,54,295
411440,MANGUEIRINHA,41,0.688,0.579,0.695,0.811,605.97,0.57,16.79,28.37,9.47,10.41,97.59,2.41,40.6,91.63,96.65,99.05,69.97,17048,8394,300,1561
411450,MANOEL RIBAS,41,0.716,0.628,0.725,0.806,729.51,0.6,14.73,25.25,13.66,11.28,95.58,4.42,33.85,88.65,98.86,98.37,83.1,13169,6805,208,1156
411460,MARECHAL CÂNDIDO RONDON,41,0.774,0.704,0.782,0.842,1036.38,0.53,2.15,4.3,3.84,11.04,98.51,1.49,20.12,98.36,99.98,99.63,76.34,46819,39147,600,3166
411470,MARIA HELENA,41,0.703,0.607,0.68,0.842,552.13,0.41,7.43,14.57,14.34,10.61,97.77,2.23,33.51,94.36,99.88,96.37,73.97,5956,3994,76,410
411480,MARIALVA,41,0.735,0.666,0.733,0.814,765.58,0.44,3.65,8.85,6.83,10.8,99.25,0.75,21.57,91.96,99.78,98.61,75.07,31959,25792,408,2156
411490,MARILÂNDIA DO SUL,41,0.691,0.599,0.664,0.831,497.15,0.44,12.5,22.33,10.47,10.28,98.75,1.25,32.04,96.31,99.9,98.78,75.25,8863,6314,125,700
411500,MARILENA,41,0.681,0.585,0.651,0.828,461.09,0.36,6.47,13.48,12.77,11.18,98.46,1.54,30.94,89.16,100.0,99.68,81.68,6858,4984,78,517
411510,MARILUZ,41,0.639,0.504,0.653,0.794,466.87,0.46,13.96,24.59,17.46,10.05,99.13,0.87,44.03,97.15,99.92,98.45,65.81,10224,8467,190,895
411520,MARINGÁ,41,0.808,0.768,0.806,0.852,1202.63,0.49,1.39,3.2,3.27,11.37,98.38,1.62,11.78,99.22,100.0,99.86,81.35,357077,350653,4022,21603
411530,MARIÓPOLIS,41,0.698,0.591,0.717,0.804,694.06,0.48,6.34,11.88,7.57,10.73,97.55,2.45,38.54,97.24,99.52,96.34,77.39,6268,4469,84,466
411535,MARIPÁ,41,0.758,0.684,0.736,0.866,781.94,0.42,2.11,3.93,3.32,11.15,99.6,0.4,15.75,88.22,100.0,100.0,73.64,5684,3262,54,334
411540,MARMELEIRO,41,0.722,0.613,0.73,0.842,751.42,0.51,10.53,19.49,8.37,9.55,98.04,1.96,29.16,92.57,98.13,98.23,66.86,13900,8824,191,1121
411545,MARQUINHO,41,0.614,0.463,0.615,0.814,366.3,0.5,28.88,43.44,13.97,11.02,99.37,0.63,53.45,89.26,98.23,96.55,71.76,4981,524,93,507
411550,MARUMBI,41,0.721,0.643,0.705,0.826,642.72,0.46,3.82,8.78,12.98,10.35,97.12,2.88,28.77,90.52,99.86,100.0,64.73,4603,3141,62,304
411560,MATELÂNDIA,41,0.725,0.642,0.715,0.831,683.91,0.46,7.4,12.98,6.73,10.5,98.73,1.27,25.97,97.52,99.72,99.32,75.9,16078,11613,228,1252
411570,MATINHOS,41,0.743,0.662,0.743,0.834,814.03,0.48,6.16,11.77,4.23,10.79,98.73,1.27,28.37,93.73,99.57,99.61,67.97,29428,29279,436,2385
411573,MATO RICO,41,0.632,0.536,0.58,0.812,296.21,0.45,31.49,48.28,18.09,10.41,97.13,2.87,47.8,89.21,96.21,95.48,66.5,3818,957,41,306
411575,MAUÁ DA SERRA,41,0.652,0.529,0.661,0.793,487.69,0.47,11.73,22.33,13.03,9.99,98.63,1.37,39.1,90.06,99.96,99.11,66.34,8555,7013,128,769
411580,MEDIANEIRA,41,0.763,0.686,0.762,0.849,914.67,0.49,3.93,8.21,5.42,10.71,98.74,1.26,25.54,96.16,99.93,99.8,78.13,41817,37390,593,2983
411585,MERCEDES,41,0.74,0.68,0.708,0.843,657.38,0.41,7.41,12.32,4.28,11.85,99.58,0.42,28.69,95.6,100.0,99.35,84.87,5046,2439,58,325
411590,MIRADOR,41,0.68,0.599,0.656,0.8,474.75,0.4,10.72,20.54,14.32,11.21,97.24,2.76,29.89,97.2,99.61,97.05,82.07,2327,1579,45,160
411600,MIRASELVA,41,0.748,0.707,0.694,0.854,600.03,0.39,5.6,9.39,9.86,11.63,99.44,0.56,14.32,92.03,100.0,100.0,74.65,1862,1430,20,122
411605,MISSAL,41,0.711,0.608,0.714,0.828,678.96,0.45,8.1,16.08,5.6,10.63,97.52,2.48,30.67,73.76,100.0,99.92,79.2,10474,5420,158,748
411610,MOREIRA SALES,41,0.675,0.57,0.673,0.802,528.33,0.44,10.16,20.75,15.79,10.92,98.3,1.7,41.0,95.22,99.79,98.88,71.71,12606,9933,170,897
411620,MORRETES,41,0.686,0.544,0.71,0.837,665.51,0.53,10.87,17.89,6.77,8.59,96.59,3.41,38.57,83.93,99.51,98.92,57.1,15718,7178,218,1305
411630,MUNHOZ DE MELO,41,0.726,0.634,0.704,0.856,637.77,0.39,2.42,5.8,10.71,11.17,98.48,1.52,21.8,92.24,100.0,96.86,80.28,3672,2974,45,255
411640,NOSSA SENHORA DAS GRAÇAS,41,0.709,0.631,0.679,0.832,547.55,0.33,2.94,5.62,12.45,9.69,97.0,3.0,21.91,96.96,99.85,99.52,62.98,3836,3182,47,267
411650,NOVA ALIANÇA DO IVAÍ,41,0.717,0.691,0.673,0.794,528.26,0.34,2.77,6.42,11.42,11.0,97.36,2.64,23.13,98.41,100.0,98.28,72.15,1431,1041,24,96
411660,NOVA AMÉRICA DA COLINA,41,0.698,0.643,0.655,0.809,472.29,0.36,6.25,10.79,13.84,11.87,97.71,2.29,24.36,97.45,100.0,98.96,87.28,3478,2524,51,271
411670,NOVA AURORA,41,0.733,0.642,0.726,0.844,734.83,0.55,8.4,15.84,5.01,11.2,95.84,4.16,25.99,95.14,99.83,98.66,75.36,11866,9040,155,832
411680,NOVA CANTU,41,0.658,0.558,0.646,0.792,446.81,0.48,18.05,28.78,17.2,10.45,96.75,3.25,40.49,87.63,98.8,90.7,74.03,7425,4104,118,629
411690,NOVA ESPERANÇA,41,0.722,0.628,0.723,0.829,719.26,0.46,4.17,9.48,8.81,9.45,98.68,1.32,31.52,94.0,99.96,98.32,65.54,26615,24323,366,1904
411695,NOVA ESPERANÇA DO SUDOESTE,41,0.714,0.633,0.714,0.805,678.29,0.5,8.49,12.79,9.16,11.64,98.62,1.38,35.18,81.36,99.81,99.18,76.88,5098,1744,71,416
411700,NOVA FÁTIMA,41,0.688,0.584,0.681,0.819,555.2,0.45,8.84,16.49,13.62,11.31,99.35,0.65,36.4,98.47,99.36,98.65,78.89,8147,6609,109,594
411705,NOVA LARANJEIRAS,41,0.642,0.517,0.614,0.833,366.26,0.56,36.01,50.26,12.37,9.98,95.51,4.49,42.31,79.1,93.87,91.16,70.62,11241,2372,208,1113
411710,NOVA LONDRINA,41,0.758,0.691,0.735,0.856,777.47,0.5,3.39,7.58,8.53,11.8,98.54,1.46,23.98,96.43,100.0,98.62,85.42,13067,12014,173,1022
411720,NOVA OLÍMPIA,41,0.71,0.631,0.699,0.813,619.47,0.4,3.7,6.85,13.25,10.42,98.92,1.08,21.54,97.8,99.95,99.74,73.87,5503,4685,59,358
411721,NOVA SANTA BÁRBARA,41,0.68,0.588,0.668,0.799,511.42,0.49,17.66,30.68,16.41,10.39,97.63,2.37,34.24,94.68,99.93,100.0,74.02,3908,3279,55,310
411722,NOVA SANTA ROSA,41,0.731,0.66,0.732,0.809,758.84,0.41,2.94,6.73,3.2,11.1,99.49,0.51,23.94,93.6,100.0,97.68,75.83,7626,5315,84,453
411725,NOVA PRATA DO IGUAÇU,41,0.716,0.646,0.711,0.798,668.06,0.46,9.72,16.08,10.19,11.21,97.9,2.1,28.39,95.46,100.0,97.34,79.89,10377,6067,143,827
411727,NOVA TEBAS,41,0.651,0.553,0.632,0.788,408.22,0.5,22.41,36.61,18.18,10.51,97.56,2.44,38.1,88.82,97.93,98.83,72.77,7398,2891,97,586
411729,NOVO ITACOLOMI,41,0.71,0.633,0.681,0.831,553.56,0.38,5.86,11.44,10.35,9.83,97.83,2.17,19.54,78.05,100.0,98.68,70.85,2827,1588,29,179
411730,ORTIGUEIRA,41,0.609,0.441,0.632,0.811,408.86,0.49,23.38,32.8,18.33,8.68,95.1,4.9,54.71,86.83,98.69,95.42,63.01,23380,9587,396,2140
411740,OURIZONA,41,0.72,0.644,0.721,0.803,709.99,0.44,2.65,5.98,9.02,10.98,96.93,3.07,23.37,98.53,100.0,100.0,81.04,3380,3044,55,221
411745,OURO VERDE DO OESTE,41,0.709,0.634,0.688,0.817,578.86,0.41,5.51,11.01,10.07,10.19,98.82,1.18,27.81,98.81,100.0,99.55,73.82,5692,4039,78,433
411750,PAIÇANDU,41,0.716,0.632,0.697,0.833,610.64,0.36,2.77,5.5,7.6,10.33,97.17,2.83,24.49,99.66,99.51,98.99,71.92,35936,35445,496,2706
411760,PALMAS,41,0.66,0.505,0.687,0.827,575.55,0.54,16.63,26.89,9.31,8.23,92.81,7.19,49.89,98.52,99.23,98.4,57.84,42888,39795,783,4510
411770,PALMEIRA,41,0.718,0.618,0.725,0.826,729.05,0.59,14.28,24.87,4.23,10.66,95.52,4.48,32.8,96.46,98.88,97.48,76.92,32123,19375,497,2623
411780,PALMITAL,41,0.639,0.511,0.647,0.791,447.15,0.52,22.48,34.16,14.36,9.39,97.05,2.95,45.55,93.5,98.44,98.95,63.3,14865,7399,289,1523
411790,PALOTINA,41,0.768,0.689,0.76,0.864,904.85,0.47,2.85,5.82,5.82,10.56,99.4,0.6,22.84,97.61,100.0,99.41,70.94,28683,24646,370,1993
411800,PARAÍSO DO NORTE,41,0.746,0.668,0.752,0.825,864.18,0.48,1.05,2.14,9.16,10.29,97.7,2.3,24.1,95.39,99.96,99.18,73.79,11772,11099,170,835
411810,PARANACITY,41,0.717,0.638,0.689,0.839,582.06,0.4,4.19,8.08,10.85,10.39,98.99,1.01,21.05,96.53,99.67,99.25,70.52,10250,9469,160,801
411820,PARANAGUÁ,41,0.75,0.676,0.733,0.852,765.85,0.52,8.1,14.35,3.88,10.87,97.95,2.05,21.89,98.36,99.5,99.15,75.53,140469,135386,2429,12630
411830,PARANAPOEMA,41,0.709,0.629,0.68,0.834,549.69,0.43,6.56,13.7,13.18,9.7,98.35,1.65,32.4,98.67,99.46,99.67,70.66,2791,2500,32,189
411840,PARANAVAÍ,41,0.763,0.703,0.75,0.844,852.66,0.48,3.79,7.84,7.0,11.34,98.65,1.35,19.17,98.23,99.92,99.43,80.81,81590,77728,1088,5618
411845,PATO BRAGADO,41,0.747,0.694,0.745,0.807,824.97,0.43,0.84,1.32,3.8,10.46,100.0,0.0,17.85,99.94,100.0,99.8,72.59,4822,2993,65,342
411850,PATO BRANCO,41,0.782,0.728,0.778,0.845,1013.22,0.51,3.71,6.82,4.33,11.22,98.75,1.25,19.87,95.04,99.88,99.34,78.02,72370,68091,912,5189
411860,PAULA FREITAS,41,0.717,0.622,0.699,0.847,621.46,0.58,17.5,26.7,5.25,12.03,97.99,2.01,29.1,95.59,98.74,88.87,90.89,5434,2748,90,430
411870,PAULO FRONTIN,41,0.708,0.639,0.688,0.806,579.76,0.51,14.24,25.47,3.69,10.26,99.42,0.58,30.96,93.84,98.27,99.21,74.58,6913,2173,95,510
411880,PEABIRU,41,0.723,0.629,0.727,0.826,737.63,0.54,7.61,15.33,10.42,9.69,98.0,2.0,28.76,98.35,99.68,99.32,72.68,13624,11009,204,1052
411885,PEROBAL,41,0.713,0.638,0.684,0.83,565.43,0.41,5.02,9.21,12.26,11.39,98.07,1.93,32.36,89.93,99.58,100.0,75.27,5653,3080,76,420
411890,PÉROLA,41,0.7,0.607,0.704,0.804,637.59,0.37,2.1,4.07,8.68,9.91,99.42,0.58,32.79,87.93,99.88,99.85,70.14,10208,8070,108,616
411900,PÉROLA D'OESTE,41,0.726,0.679,0.697,0.809,613.32,0.44,9.1,16.67,9.73,12.03,99.15,0.85,33.06,95.71,99.01,99.65,86.11,6761,3187,93,512
411910,PIÊN,41,0.694,0.616,0.677,0.802,541.67,0.42,10.57,18.99,4.21,9.74,97.49,2.51,35.2,98.7,99.79,99.03,69.03,11236,4523,198,1004
411915,PINHAIS,41,0.751,0.666,0.761,0.836,911.51,0.48,3.0,5.45,3.35,10.42,97.21,2.79,19.79,99.09,100.0,99.99,75.02,117008,117008,1668,9456
411920,PINHALÃO,41,0.697,0.601,0.679,0.828,545.95,0.49,10.67,21.12,11.64,10.02,99.32,0.68,25.96,94.51,99.68,100.0,69.48,6215,3924,101,503
411925,PINHAL DE SÃO BENTO,41,0.695,0.626,0.669,0.801,514.89,0.37,4.41,6.85,8.85,10.51,99.63,0.37,34.72,78.1,99.72,97.13,75.9,2625,1166,49,256
411930,PINHÃO,41,0.654,0.534,0.649,0.806,454.31,0.53,24.66,35.03,12.28,9.54,96.01,3.99,45.06,87.28,95.17,98.29,63.7,30208,15317,568,3226
411940,PIRAÍ DO SUL,41,0.708,0.619,0.702,0.816,631.84,0.56,11.89,20.15,6.69,8.48,97.54,2.46,34.03,86.19,98.99,99.02,60.16,23424,16102,388,2080
411950,PIRAQUARA,41,0.7,0.574,0.689,0.869,581.74,0.41,6.67,11.19,5.0,8.99,96.46,3.54,30.33,99.16,99.84,99.8,62.72,93207,45738,1558,8550
411960,PITANGA,41,0.702,0.621,0.696,0.802,609.77,0.52,14.41,22.3,10.49,10.11,99.02,0.98,32.39,89.82,98.69,94.7,70.52,32638,20590,482,2703
411965,PITANGUEIRAS,41,0.71,0.634,0.67,0.842,518.34,0.33,1.66,3.99,12.24,11.91,100.0,0.0,30.33,85.81,100.0,100.0,74.23,2814,2040,41,228
411970,PLANALTINA DO PARANÁ,41,0.705,0.646,0.682,0.795,556.04,0.43,8.54,16.53,13.12,11.97,100.0,0.0,38.24,83.0,90.19,97.41,83.38,4095,2773,51,312
411980,PLANALTO,41,0.706,0.636,0.704,0.786,641.16,0.47,9.57,16.84,9.4,10.41,99.81,0.19,25.97,96.33,100.0,98.35,71.64,13654,6068,193,945
411990,PONTA GROSSA,41,0.763,0.703,0.755,0.837,877.1,0.54,6.72,13.58,3.67,10.34,98.18,1.82,21.76,98.78,99.63,99.29,75.6,311611,304733,4818,25730
411995,PONTAL DO PARANÁ,41,0.738,0.655,0.737,0.831,782.87,0.51,5.98,10.21,4.83,10.64,97.37,2.63,23.4,99.04,99.73,98.88,72.79,20920,20743,315,1672
412000,PORECATU,41,0.738,0.661,0.728,0.834,742.25,0.44,1.95,4.07,9.42,9.53,96.89,3.11,16.49,98.89,99.96,99.95,66.35,14189,11442,163,1026
412010,PORTO AMAZONAS,41,0.7,0.595,0.708,0.815,655.76,0.51,6.38,11.47,6.47,10.42,97.79,2.21,40.21,98.12,99.93,99.93,68.27,4514,2948,75,410
412015,PORTO BARREIRO,41,0.688,0.588,0.676,0.821,535.4,0.52,18.74,29.73,10.39,11.1,99.52,0.48,38.84,75.59,90.33,92.89,73.73,3663,691,45,297
412020,PORTO RICO,41,0.735,0.68,0.691,0.846,590.58,0.48,7.08,11.55,12.61,11.84,97.07,2.93,20.8,93.23,99.83,100.0,76.88,2530,1764,32,173
412030,PORTO VITÓRIA,41,0.685,0.6,0.674,0.796,531.11,0.44,11.48,18.0,6.04,10.7,98.06,1.94,30.41,89.22,97.69,98.7,79.31,4020,2235,60,337
412033,PRADO FERREIRA,41,0.71,0.593,0.707,0.852,652.38,0.49,5.49,12.81,12.52,10.17,97.86,2.14,37.44,94.62,99.67,100.0,71.73,3434,3015,42,248
412035,PRANCHITA,41,0.752,0.696,0.743,0.821,815.6,0.52,10.91,18.71,9.45,12.59,99.62,0.38,26.99,90.67,99.74,98.98,91.33,5628,3605,59,391
412040,PRESIDENTE CASTELO BRANCO,41,0.713,0.608,0.695,0.857,603.83,0.37,2.67,4.42,12.43,10.36,99.04,0.96,22.36,98.51,100.0,100.0,78.88,4784,4197,77,387
412050,PRIMEIRO DE MAIO,41,0.701,0.599,0.695,0.826,604.96,0.45,7.03,15.23,10.48,10.04,97.25,2.75,34.42,92.57,100.0,97.83,76.26,10832,10083,143,746
412060,PRUDENTÓPOLIS,41,0.676,0.577,0.664,0.807,497.84,0.47,16.72,28.58,7.9,10.27,97.02,2.98,41.2,95.4,95.41,99.53,78.06,48792,22463,816,4180
412065,QUARTO CENTENÁRIO,41,0.71,0.603,0.724,0.819,723.41,0.61,10.8,15.03,12.76,10.07,98.35,1.65,29.74,92.79,99.94,100.0,58.47,4856,2912,61,347
412070,QUATIGUÁ,41,0.714,0.655,0.691,0.803,590.85,0.41,6.27,11.34,8.46,10.08,98.98,1.02,24.2,97.75,100.0,100.0,73.55,7045,6372,80,439
412080,QUATRO BARRAS,41,0.742,0.665,0.74,0.831,800.4,0.47,3.92,7.33,4.7,9.35,97.07,2.93,18.28,98.01,99.87,99.76,71.18,19851,17941,346,1634
412085,QUATRO PONTES,41,0.791,0.748,0.79,0.838,1093.43,0.47,0.93,2.21,1.24,12.14,99.17,0.83,21.21,98.8,100.0,97.76,90.78,3803,2437,46,242
412090,QUEDAS DO IGUAÇU,41,0.681,0.576,0.69,0.794,586.88,0.58,20.83,32.46,11.14,8.76,97.14,2.86,40.79,93.84,98.29,96.8,61.53,30605,20987,554,2912
412100,QUERÊNCIA DO NORTE,41,0.688,0.604,0.667,0.808,509.13,0.5,15.0,25.33,15.36,11.43,99.04,0.96,32.37,90.87,99.63,96.17,78.02,11729,7622,163,892
412110,QUINTA DO SOL,41,0.715,0.631,0.689,0.842,583.64,0.44,6.99,13.05,16.45,8.9,96.07,3.93,34.65,96.22,99.79,98.44,63.26,5088,3811,69,361
412120,QUITANDINHA,41,0.68,0.603,0.648,0.806,452.08,0.47,17.87,28.48,7.11,10.07,98.41,1.59,31.71,95.72,99.75,98.71,74.09,17089,4887,264,1430
412125,RAMILÂNDIA,41,0.63,0.489,0.639,0.802,426.7,0.48,21.21,29.63,15.37,8.58,97.86,2.14,49.92,94.0,99.22,100.0,54.3,4134,2043,65,364
412130,RANCHO ALEGRE,41,0.707,0.633,0.691,0.808,590.51,0.49,10.53,25.32,11.08,11.91,98.43,1.57,32.38,98.3,100.0,99.32,78.49,3955,3470,36,252
412135,RANCHO ALEGRE D'OESTE,41,0.704,0.625,0.673,0.831,528.21,0.44,8.82,16.04,13.83,10.91,98.68,1.32,43.61,96.53,100.0,99.37,75.16,2847,2303,34,215
412140,REALEZA,41,0.722,0.63,0.72,0.83,704.94,0.43,6.11,11.13,7.82,10.87,97.34,2.66,30.54,84.09,99.87,95.71,80.19,16338,11796,213,1113
412150,REBOUÇAS,41,0.672,0.576,0.647,0.814,449.27,0.51,23.22,36.46,6.85,11.6,98.26,1.74,41.73,97.11,97.28,99.26,80.55,14176,7505,243,1227
412160,RENASCENÇA,41,0.733,0.63,0.746,0.838,831.49,0.58,12.52,20.61,9.74,10.56,97.71,2.29,35.81,91.26,93.12,97.23,70.41,6812,3485,103,542
412170,RESERVA,41,0.618,0.461,0.65,0.786,457.88,0.5,20.38,31.27,14.76,8.38,96.21,3.79,51.58,92.97,98.62,99.56,60.61,25172,12206,444,2549
412175,RESERVA DO IGUAÇU,41,0.648,0.521,0.636,0.82,419.62,0.57,27.81,38.28,11.96,10.53,98.35,1.65,45.72,86.67,94.84,98.07,74.41,7307,3905,147,814
412180,RIBEIRÃO CLARO,41,0.716,0.627,0.704,0.832,639.91,0.52,9.98,16.89,7.45,10.48,98.21,1.79,24.99,86.26,99.9,100.0,76.6,10678,7085,132,774
412190,RIBEIRÃO DO PINHAL,41,0.701,0.611,0.684,0.824,563.87,0.5,11.9,24.96,15.38,11.07,98.53,1.47,37.0,97.42,100.0,98.52,79.22,13524,11078,186,1035
412200,RIO AZUL,41,0.687,0.544,0.728,0.819,740.31,0.63,14.56,20.56,4.17,10.22,96.22,3.78,40.97,93.82,97.43,98.78,76.3,14093,5012,219,1148
412210,RIO BOM,41,0.729,0.681,0.672,0.848,524.89,0.43,8.51,22.15,8.46,11.38,100.0,0.0,19.0,96.36,100.0,100.0,81.11,3334,2007,38,226
412215,RIO BONITO DO IGUAÇU,41,0.629,0.498,0.631,0.792,405.76,0.5,24.24,32.09,10.86,9.01,97.58,2.42,53.0,84.84,97.58,98.8,65.21,13661,3322,262,1452
412217,RIO BRANCO DO IVAÍ,41,0.64,0.537,0.624,0.783,387.85,0.49,22.09,34.24,14.99,10.58,97.18,2.82,42.82,90.09,98.75,100.0,75.33,3898,919,68,349
412220,RIO BRANCO DO SUL,41,0.679,0.545,0.679,0.847,548.8,0.47,10.66,17.92,10.47,8.84,93.86,6.14,42.34,78.13,98.62,98.93,63.47,30650,22045,540,2848
412230,RIO NEGRO,41,0.76,0.705,0.721,0.863,709.13,0.48,7.2,13.15,3.54,10.32,98.24,1.76,22.16,97.14,99.94,98.59,76.32,31274,25710,474,2593
412240,ROLÂNDIA,41,0.739,0.661,0.744,0.821,819.52,0.45,2.6,5.35,6.17,10.01,97.51,2.49,22.07,99.22,100.0,99.47,76.25,57862,54749,771,4053
412250,RONCADOR,41,0.681,0.595,0.665,0.797,500.36,0.53,18.25,30.6,15.55,10.21,98.71,1.29,38.58,92.79,99.52,96.95,72.64,11537,7120,204,952
412260,RONDON,41,0.713,0.61,0.724,0.82,724.58,0.41,1.32,2.87,10.67,9.5,96.94,3.06,29.84,96.73,99.88,98.4,68.22,8996,7196,144,676
412265,ROSÁRIO DO IVAÍ,41,0.662,0.577,0.638,0.788,422.97,0.47,20.67,31.5,19.53,12.06,96.79,3.21,37.59,84.41,98.77,95.73,81.07,5588,2721,82,446
412270,SABÁUDIA,41,0.74,0.676,0.71,0.843,663.2,0.41,4.61,8.36,9.74,10.89,98.58,1.42,24.52,91.27,99.97,97.17,75.42,6096,5097,72,413
412280,SALGADO FILHO,41,0.7,0.604,0.682,0.831,557.15,0.46,11.41,19.3,10.86,12.16,98.27,1.73,40.26,92.06,96.68,97.65,84.5,4403,2254,64,383
412290,SALTO DO ITARARÉ,41,0.704,0.631,0.661,0.836,490.56,0.42,10.43,22.38,14.92,11.54,98.4,1.6,30.11,92.37,99.66,99.72,86.73,5178,3723,56,365
412300,SALTO DO LONTRA,41,0.718,0.625,0.707,0.839,650.57,0.46,8.43,15.36,9.73,10.18,96.5,3.5,29.57,94.74,99.4,98.44,71.94,13689,7431,184,1046
412310,SANTA AMÉLIA,41,0.653,0.526,0.655,0.809,470.75,0.41,11.12,24.85,11.19,11.15,96.85,3.15,44.52,92.72,100.0,100.0,68.77,3803,2886,37,259
412320,SANTA CECÍLIA DO PAVÃO,41,0.723,0.661,0.681,0.838,553.12,0.47,12.23,24.83,17.83,11.69,97.81,2.19,33.34,97.94,99.9,99.82,80.22,3646,3057,45,257
412330,SANTA CRUZ DE MONTE CASTELO,41,0.71,0.633,0.681,0.831,552.67,0.38,5.14,9.77,12.91,11.56,98.66,1.34,24.77,85.06,100.0,98.74,78.93,8092,5753,122,575
412340,SANTA FÉ,41,0.705,0.601,0.721,0.808,709.44,0.41,2.24,5.04,8.7,11.16,97.88,2.12,26.36,94.27,99.9,97.42,76.18,10432,9232,125,686
412350,SANTA HELENA,41,0.744,0.678,0.738,0.823,791.53,0.52,6.48,13.37,7.7,10.89,99.4,0.6,27.95,95.68,99.82,99.71,71.83,23413,12586,346,1676
412360,SANTA INÊS,41,0.717,0.659,0.675,0.827,533.95,0.38,3.38,8.03,13.0,10.31,100.0,0.0,23.88,99.66,100.0,100.0,70.06,1818,1192,24,123
412370,SANTA ISABEL DO IVAÍ,41,0.72,0.656,0.697,0.817,610.69,0.41,5.2,11.91,12.08,9.96,100.0,0.0,22.86,96.45,99.96,100.0,77.64,8760,7062,116,565
412380,SANTA IZABEL DO OESTE,41,0.696,0.603,0.677,0.826,540.49,0.45,11.23,18.93,9.78,10.69,97.06,2.94,31.08,95.39,99.71,99.1,74.76,13132,7421,176,998
412382,SANTA LÚCIA,41,0.687,0.592,0.688,0.795,578.04,0.44,10.05,20.95,12.92,11.21,97.04,2.96,33.04,81.82,99.92,97.71,75.78,3925,2536,60,312
412385,SANTA MARIA DO OESTE,41,0.609,0.477,0.6,0.79,334.84,0.48,28.21,39.93,14.44,10.08,95.54,4.46,46.26,86.08,97.74,91.09,68.57,11500,3211,212,1057
412390,SANTA MARIANA,41,0.7,0.624,0.684,0.804,564.1,0.43,8.3,19.59,13.7,10.96,98.15,1.85,32.22,99.42,99.87,99.71,74.47,12435,8320,155,815
412395,SANTA MÔNICA,41,0.704,0.63,0.698,0.792,614.27,0.48,5.04,10.17,12.87,11.63,99.57,0.43,26.7,89.24,100.0,98.62,75.98,3571,1475,61,299
412400,SANTANA DO ITARARÉ,41,0.687,0.585,0.654,0.848,467.18,0.5,14.8,23.88,16.1,11.12,97.57,2.43,34.98,90.71,99.35,99.51,79.43,5249,3456,67,420
412402,SANTA TEREZA DO OESTE,41,0.705,0.632,0.686,0.808,573.27,0.44,8.81,13.51,7.45,10.12,97.7,2.3,31.07,96.03,99.52,99.86,71.34,10332,8035,145,847
412405,SANTA TEREZINHA DE ITAIPU,41,0.738,0.689,0.716,0.814,688.34,0.44,6.48,10.9,7.26,11.73,99.57,0.43,20.94,97.79,100.0,99.3,76.77,20841,18837,283,1611
412410,SANTO ANTÔNIO DA PLATINA,41,0.718,0.617,0.733,0.817,765.04,0.54,8.2,16.73,9.75,9.54,96.23,3.77,31.71,93.93,99.91,97.97,64.33,42707,36944,656,3449
412420,SANTO ANTÔNIO DO CAIUÁ,41,0.696,0.632,0.65,0.82,455.52,0.35,8.32,14.14,12.98,11.3,98.07,1.93,29.82,91.74,99.75,99.15,76.4,2727,2123,30,191
412430,SANTO ANTÔNIO DO PARAÍSO,41,0.716,0.662,0.683,0.813,561.33,0.48,7.32,12.39,13.07,12.8,97.73,2.27,17.37,97.35,99.54,98.95,85.14,2408,1822,37,189
412440,SANTO ANTÔNIO DO SUDOESTE,41,0.671,0.543,0.69,0.807,585.95,0.52,14.5,25.87,11.66,10.51,96.57,3.43,47.56,96.18,99.63,99.21,76.36,18893,13711,271,1694
412450,SANTO INÁCIO,41,0.739,0.641,0.746,0.843,829.4,0.53,4.19,7.89,9.37,10.66,99.26,0.74,25.12,93.2,99.9,100.0,71.07,5269,4200,67,353
412460,SÃO CARLOS DO IVAÍ,41,0.682,0.547,0.703,0.825,635.85,0.4,5.75,12.29,10.77,10.05,98.26,1.74,35.85,95.99,100.0,99.83,71.49,6354,5679,74,482
412470,SÃO JERÔNIMO DA SERRA,41,0.637,0.503,0.626,0.822,393.81,0.53,28.42,44.81,17.23,9.51,96.22,3.78,43.15,87.28,99.83,97.67,62.31,11337,5661,176,1000
412480,SÃO JOÃO,41,0.727,0.66,0.695,0.838,605.55,0.43,8.15,14.66,7.66,11.1,97.67,2.33,28.32,93.41,99.87,93.36,76.95,10599,6735,139,762
412490,SÃO JOÃO DO CAIUÁ,41,0.664,0.551,0.678,0.785,545.41,0.44,7.28,14.12,13.19,10.36,95.01,4.99,40.28,97.41,99.94,99.69,71.85,5911,5039,95,453
412500,SÃO JOÃO DO IVAÍ,41,0.693,0.611,0.677,0.803,540.31,0.43,9.97,19.84,16.21,8.79,98.67,1.33,30.56,96.74,99.95,97.92,59.0,11525,8874,157,819
412510,SÃO JOÃO DO TRIUNFO,41,0.629,0.475,0.655,0.801,471.43,0.49,18.76,27.6,7.84,9.88,96.92,3.08,48.48,91.22,97.73,97.77,60.81,13704,4048,213,1144
412520,SÃO JORGE D'OESTE,41,0.722,0.656,0.705,0.813,641.7,0.47,9.95,18.46,7.28,10.18,98.93,1.07,28.09,94.58,100.0,98.85,73.14,9085,5214,108,603
412530,SÃO JORGE DO IVAÍ,41,0.743,0.696,0.727,0.81,738.42,0.43,2.4,4.3,9.06,11.6,98.36,1.64,27.86,96.25,100.0,99.88,83.13,5517,4781,70,353
412535,SÃO JORGE DO PATROCÍNIO,41,0.676,0.543,0.702,0.81,630.8,0.4,2.17,4.51,14.47,10.87,97.2,2.8,38.72,99.75,100.0,100.0,82.46,6041,3539,79,364
412540,SÃO JOSÉ DA BOA VISTA,41,0.671,0.594,0.651,0.781,458.85,0.43,13.38,22.79,11.44,10.02,99.19,0.81,35.25,86.55,99.84,99.74,72.07,6511,3864,88,473
412545,SÃO JOSÉ DAS PALMEIRAS,41,0.713,0.627,0.686,0.844,570.26,0.45,8.35,12.7,13.84,10.19,99.54,0.46,25.6,87.65,100.0,99.36,71.27,3830,2411,60,290
412550,SÃO JOSÉ DOS PINHAIS,41,0.758,0.678,0.749,0.859,846.93,0.45,2.56,4.84,3.4,9.68,97.44,2.56,20.05,98.85,99.91,99.75,69.57,264210,236895,4029,22040
412555,SÃO MANOEL DO PARANÁ,41,0.725,0.64,0.721,0.825,710.62,0.44,1.36,2.58,13.5,11.48,97.83,2.17,19.79,98.67,99.9,100.0,77.77,2098,1159,32,128
412560,SÃO MATEUS DO SUL,41,0.719,0.623,0.711,0.838,669.78,0.49,10.97,16.97,3.84,9.61,97.61,2.39,26.71,96.23,99.65,98.13,74.83,41257,25706,644,3470
412570,SÃO MIGUEL DO IGUAÇU,41,0.704,0.588,0.726,0.818,734.88,0.54,10.86,19.8,8.04,9.41,99.01,0.99,37.89,93.63,99.11,100.0,62.74,25769,16485,385,2008
412575,SÃO PEDRO DO IGUAÇU,41,0.683,0.581,0.687,0.798,573.84,0.46,9.55,16.6,11.64,10.54,97.26,2.74,37.28,97.07,99.74,98.74,67.73,6491,4055,80,480
412580,SÃO PEDRO DO IVAÍ,41,0.717,0.627,0.702,0.836,632.22,0.4,2.53,5.55,10.7,11.03,97.64,2.36,24.4,95.7,100.0,100.0,74.73,10167,8044,123,697
412590,SÃO PEDRO DO PARANÁ,41,0.704,0.616,0.678,0.836,544.76,0.4,5.11,8.87,12.57,11.3,100.0,0.0,28.26,74.61,98.42,100.0,83.93,2491,1631,21,136
412600,SÃO SEBASTIÃO DA AMOREIRA,41,0.715,0.651,0.689,0.814,582.81,0.44,6.82,13.26,14.46,11.67,99.01,0.99,28.49,96.05,99.95,97.42,80.22,8626,7593,111,613
412610,SÃO TOMÉ,41,0.725,0.66,0.707,0.816,651.78,0.38,1.7,3.18,9.12,11.08,98.69,1.31,28.87,98.46,100.0,100.0,77.69,5349,4446,62,359
412620,SAPOPEMA,41,0.655,0.509,0.695,0.795,603.35,0.58,15.53,28.03,16.97,10.34,96.63,3.37,48.77,85.68,98.01,93.1,70.97,6736,3552,106,582
412625,SARANDI,41,0.695,0.579,0.681,0.85,554.48,0.35,5.22,9.32,7.09,9.7,96.33,3.67,32.18,96.87,99.89,99.53,69.38,82847,82146,1233,6596
412627,SAUDADE DO IGUAÇU,41,0.699,0.611,0.695,0.803,604.56,0.47,12.12,18.26,8.26,11.16,99.06,0.94,35.12,95.06,99.45,97.47,78.13,5028,2503,74,434
412630,SENGÉS,41,0.663,0.546,0.658,0.811,479.7,0.51,17.32,27.83,8.43,10.81,97.73,2.27,45.49,88.86,99.32,96.98,72.77,18414,15107,318,1773
412635,SERRANÓPOLIS DO IGUAÇU,41,0.762,0.662,0.778,0.859,1012.88,0.5,1.68,3.98,4.07,10.7,100.0,0.0,26.95,93.7,100.0,99.15,73.73,4568,2322,55,282
412640,SERTANEJA,41,0.725,0.651,0.724,0.809,725.23,0.53,7.96,18.29,9.56,10.55,99.64,0.36,26.32,98.83,99.95,99.45,65.31,5817,5105,89,410
412650,SERTANÓPOLIS,41,0.723,0.655,0.719,0.804,701.27,0.43,3.18,6.11,6.78,9.48,97.09,2.91,24.77,98.6,99.93,99.9,69.98,15638,13711,187,1051
412660,SIQUEIRA CAMPOS,41,0.704,0.588,0.708,0.839,655.16,0.49,5.85,10.06,8.8,9.36,97.49,2.51,28.41,92.36,99.97,99.75,72.08,18454,13424,237,1330
412665,SULINA,41,0.693,0.57,0.684,0.854,563.32,0.47,12.78,18.16,8.41,9.74,99.24,0.76,36.21,90.81,99.8,98.67,65.84,3394,1390,45,262
412667,TAMARANA,41,0.621,0.46,0.628,0.829,398.24,0.47,22.57,35.37,15.25,7.67,94.4,5.6,41.52,75.05,91.71,99.36,50.68,12262,5858,193,1116
412670,TAMBOARA,41,0.731,0.674,0.679,0.852,546.32,0.34,1.94,3.98,10.94,10.6,98.32,1.68,13.31,96.38,100.0,98.78,70.01,4664,3996,56,281
412680,TAPEJARA,41,0.703,0.612,0.694,0.819,599.13,0.39,2.9,5.22,11.77,10.92,98.35,1.65,34.1,95.7,100.0,99.58,77.79,14598,13166,216,1097
412690,TAPIRA,41,0.697,0.619,0.689,0.794,583.51,0.42,5.69,11.69,13.9,11.43,99.22,0.78,32.65,95.49,99.45,92.5,80.36,5836,3435,68,401
412700,TEIXEIRA SOARES,41,0.671,0.544,0.676,0.822,536.39,0.51,14.73,22.88,5.5,9.64,96.78,3.22,40.73,93.89,99.31,99.8,63.52,10283,4796,184,970
412710,TELÊMACO BORBA,41,0.734,0.657,0.726,0.828,732.78,0.49,7.05,12.77,7.35,9.74,98.4,1.6,25.72,99.42,99.69,99.71,72.68,69872,68440,1077,5856
412720,TERRA BOA,41,0.728,0.68,0.708,0.803,653.34,0.4,2.3,5.03,8.67,11.41,98.76,1.24,26.66,99.32,99.97,100.0,83.35,15776,13051,197,1076
412730,TERRA RICA,41,0.71,0.613,0.698,0.837,614.23,0.39,3.79,7.5,10.74,10.89,98.79,1.21,24.48,90.31,99.96,99.96,76.58,15221,12370,210,1115
412740,TERRA ROXA,41,0.714,0.639,0.697,0.818,611.85,0.42,7.33,15.53,10.05,10.56,97.71,2.29,28.56,97.62,99.81,99.07,71.1,16759,12801,214,1225
412750,TIBAGI,41,0.664,0.519,0.678,0.832,543.05,0.55,16.14,25.2,12.12,10.33,96.65,3.35,39.64,91.68,98.99,99.68,74.08,19344,11668,327,1853
412760,TIJUCAS DO SUL,41,0.636,0.479,0.679,0.792,547.62,0.47,11.11,20.39,8.59,9.51,97.25,2.75,47.02,91.85,99.79,99.13,69.36,14537,2285,228,1234
412770,TOLEDO,41,0.768,0.702,0.755,0.855,876.72,0.46,2.88,5.9,4.6,11.59,98.76,1.24,19.9,99.22,99.97,98.92,77.78,119313,108259,1539,8553
412780,TOMAZINA,41,0.699,0.622,0.661,0.829,489.45,0.45,11.9,20.55,13.23,11.55,98.4,1.6,32.09,81.13,99.89,98.1,82.31,8791,4119,106,599
412785,TRÊS BARRAS DO PARANÁ,41,0.681,0.557,0.683,0.831,562.22,0.5,16.43,25.97,12.48,11.06,98.3,1.7,31.87,91.45,99.36,97.85,81.04,11824,6095,195,1025
412788,TUNAS DO PARANÁ,41,0.611,0.444,0.641,0.801,431.27,0.52,20.38,29.83,18.25,7.4,97.39,2.61,57.7,61.87,98.74,99.23,55.83,6256,2792,154,681
412790,TUNEIRAS DO OESTE,41,0.695,0.629,0.662,0.805,493.46,0.38,5.54,11.94,9.49,11.42,97.71,2.29,24.35,94.55,99.55,100.0,81.36,8695,5973,113,663
412795,TUPÃSSI,41,0.73,0.649,0.721,0.83,711.31,0.47,4.17,9.57,6.82,11.17,98.56,1.44,22.41,93.75,100.0,99.33,80.75,7997,6286,129,569
412796,TURVO,41,0.672,0.549,0.668,0.828,512.21,0.52,17.24,28.24,12.3,9.25,97.48,2.52,44.33,78.56,94.52,99.38,61.61,13811,5048,249,1335
412800,UBIRATÃ,41,0.739,0.669,0.706,0.854,648.36,0.46,7.95,16.3,9.63,10.27,97.67,2.33,32.14,97.51,99.79,99.83,73.82,21558,18397,289,1518
412810,UMUARAMA,41,0.761,0.698,0.755,0.836,880.6,0.48,2.79,6.64,6.15,10.64,97.91,2.09,19.05,98.96,100.0,99.35,74.29,100676,93455,1281,6729
412820,UNIÃO DA VITÓRIA,41,0.74,0.68,0.713,0.837,674.29,0.48,9.46,18.17,4.04,10.21,98.17,1.83,25.99,96.38,99.45,98.23,71.35,52735,49983,783,4396
412830,UNIFLOR,41,0.72,0.655,0.69,0.826,586.3,0.37,2.47,5.27,10.27,11.71,98.16,1.84,22.28,88.43,99.91,97.63,81.26,2466,1987,29,166
412840,URAÍ,41,0.721,0.655,0.698,0.821,617.75,0.48,7.82,17.24,11.07,11.08,98.65,1.35,32.25,96.98,99.91,98.55,77.77,11472,9358,157,816
412850,WENCESLAU BRAZ,41,0.687,0.594,0.692,0.79,594.42,0.52,13.24,24.88,10.96,9.87,98.21,1.79,32.34,92.72,99.68,99.41,71.47,19298,15509,264,1575
412853,VENTANIA,41,0.65,0.543,0.633,0.798,411.92,0.42,13.81,21.75,14.88,10.43,95.69,4.31,45.55,92.88,99.5,98.43,67.65,9957,6511,174,926
412855,VERA CRUZ DO OESTE,41,0.699,0.601,0.702,0.811,632.91,0.54,14.51,25.9,11.11,10.87,97.72,2.28,33.88,91.71,99.86,99.15,76.02,8973,6863,110,647
412860,VERÊ,41,0.72,0.626,0.709,0.84,661.18,0.47,9.29,17.08,10.79,11.55,98.05,1.95,30.25,92.27,100.0,98.98,80.25,7878,3281,100,524
412862,ALTO PARAÍSO,41,0.678,0.556,0.677,0.829,540.24,0.52,16.59,25.35,14.66,8.91,99.47,0.53,32.31,81.98,99.7,99.53,58.12,3206,1772,49,267
412863,DOUTOR ULYSSES,41,0.546,0.362,0.57,0.791,277.33,0.49,38.11,51.22,17.34,7.91,94.4,5.6,57.0,71.16,96.76,98.08,54.83,5727,929,117,620
412865,VIRMOND,41,0.722,0.628,0.708,0.848,655.2,0.53,14.58,23.99,7.2,11.61,99.55,0.45,40.33,92.48,98.52,100.0,79.66,3950,1880,59,336
412870,VITORINO,41,0.702,0.582,0.728,0.818,742.97,0.48,7.99,15.11,5.7,9.67,97.42,2.58,33.7,91.19,99.48,96.85,69.41,6513,3988,89,510
412880,XAMBRÊ,41,0.706,0.606,0.703,0.825,633.91,0.48,7.01,12.45,12.86,10.08,98.5,1.5,28.36,79.14,99.83,98.37,73.33,6012,1990,89,457
420005,ABDON BATISTA,42,0.694,0.625,0.66,0.812,485.35,0.45,16.39,30.44,9.73,9.37,100.0,0.0,35.65,91.73,100.0,100.0,66.22,2653,724,36,192
420010,ABELARDO LUZ,42,0.696,0.578,0.684,0.852,562.88,0.53,19.55,29.31,11.05,9.86,97.11,2.89,39.27,91.32,99.18,95.55,72.31,17100,9570,295,1669
420020,AGROLÂNDIA,42,0.725,0.633,0.727,0.827,739.1,0.36,3.13,7.03,5.11,10.65,97.02,2.98,31.4,93.11,100.0,99.62,78.4,9323,5959,120,672
420030,AGRONÔMICA,42,0.741,0.595,0.774,0.884,985.65,0.47,1.8,3.88,5.58,8.5,94.45,5.55,36.7,88.94,100.0,97.88,75.36,4904,1858,62,365
420040,ÁGUA DOCE,42,0.698,0.574,0.724,0.82,722.21,0.54,12.29,24.36,7.2,10.43,97.9,2.1,46.38,88.88,99.29,99.85,67.22,6961,3433,135,594
420050,ÁGUAS DE CHAPECÓ,42,0.713,0.629,0.712,0.811,673.13,0.44,8.04,14.31,6.4,10.51,99.29,0.71,36.46,90.86,99.5,96.24,79.19,6110,3236,94,439
420055,ÁGUAS FRIAS,42,0.745,0.661,0.728,0.86,743.13,0.38,5.95,13.91,9.09,11.91,100.0,0.0,38.7,88.67,99.28,98.18,76.04,2424,981,33,184
420060,ÁGUAS MORNAS,42,0.723,0.606,0.731,0.853,754.54,0.34,2.41,5.61,5.84,10.29,98.72,1.28,32.66,58.93,99.95,99.79,77.9,5548,2327,64,388
420070,ALFREDO WAGNER,42,0.668,0.481,0.702,0.882,630.54,0.46,12.22,20.42,9.4,10.04,92.8,7.2,49.95,66.68,99.96,98.56,72.17,9410,2868,125,696
420075,ALTO BELA VISTA,42,0.755,0.664,0.734,0.882,770.49,0.46,7.86,14.19,4.04,10.72,98.92,1.08,21.96,89.53,99.8,100.0,76.59,2005,605,26,125
420080,ANCHIETA,42,0.699,0.608,0.703,0.8,636.15,0.44,10.1,19.31,7.21,11.77,99.76,0.24,40.63,92.97,99.74,100.0,82.45,6380,2586,74,504
420090,ANGELINA,42,0.687,0.581,0.699,0.797,618.55,0.47,9.69,16.51,10.49,10.95,99.26,0.74,42.56,69.37,99.61,100.0,80.02,5250,1123,76,356
420100,ANITA GARIBALDI,42,0.688,0.592,0.667,0.826,506.94,0.5,19.41,33.91,13.29,9.45,96.11,3.89,36.87,84.57,99.67,98.67,67.59,8623,4551,136,690
420110,ANITÁPOLIS,42,0.674,0.524,0.699,0.836,620.8,0.44,7.66,13.6,10.7,7.44,98.47,1.53,51.61,81.12,99.61,100.0,54.64,3214,1315,42,237
420120,ANTÔNIO CARLOS,42,0.749,0.615,0.768,0.89,952.53,0.43,1.01,1.21,4.11,10.55,96.55,3.45,37.92,71.49,100.0,100.0,81.21,7458,2341,97,522
420125,APIÚNA,42,0.708,0.584,0.735,0.827,776.69,0.39,2.95,7.2,5.93,10.23,97.81,2.19,41.27,78.17,99.89,97.8,79.83,9600,4288,130,755
420127,ARABUTÃ,42,0.733,0.614,0.744,0.863,820.78,0.45,7.77,13.37,4.04,10.73,99.67,0.33,29.52,78.79,99.9,99.08,75.31,4193,1307,60,252
420130,ARAQUARI,42,0.703,0.602,0.696,0.83,609.76,0.4,4.69,8.92,5.68,9.48,96.04,3.96,25.02,96.64,99.5,98.01,66.6,24810,23353,443,2410
420140,ARARANGUÁ,42,0.76,0.691,0.745,0.853,827.2,0.45,2.9,5.98,4.45,11.04,98.38,1.62,23.49,97.1,99.97,99.57,79.17,61310,50526,885,4603
420150,ARMAZÉM,42,0.77,0.698,0.743,0.882,814.95,0.44,1.58,3.26,5.8,10.88,98.46,1.54,22.84,82.27,100.0,99.03,81.64,7753,4884,101,535
420160,ARROIO TRINTA,42,0.764,0.653,0.781,0.873,1029.14,0.45,0.76,0.56,5.54,9.56,99.3,0.7,21.0,83.27,99.93,99.89,69.08,3502,2397,27,215
420165,ARVOREDO,42,0.715,0.61,0.713,0.842,675.6,0.36,3.76,5.06,9.87,12.01,97.44,2.56,28.67,79.17,99.92,100.0,87.22,2260,501,34,175
420170,ASCURRA,42,0.742,0.636,0.739,0.868,793.09,0.35,0.57,1.48,4.1,10.12,97.94,2.06,33.72,95.04,100.0,99.56,74.75,7412,6457,86,495
420180,ATALANTA,42,0.733,0.668,0.736,0.802,781.32,0.44,5.42,7.47,3.96,8.77,98.99,1.01,27.87,90.91,100.0,98.83,61.55,3300,1368,49,241
420190,AURORA,42,0.733,0.606,0.748,0.87,841.85,0.4,4.57,7.34,4.61,11.02,99.26,0.74,42.44,72.13,99.91,98.66,79.59,5549,1931,95,424
420195,BALNEÁRIO ARROIO DO SILVA,42,0.746,0.642,0.753,0.858,866.42,0.53,5.51,10.48,4.94,10.1,98.07,1.93,24.35,99.61,99.94,99.9,76.78,9586,9391,136,677
420200,BALNEÁRIO CAMBORIÚ,42,0.845,0.789,0.854,0.894,1625.59,0.52,0.95,2.01,1.5,10.47,98.34,1.66,14.42,99.03,100.0,99.94,77.62,108089,108089,1184,6284
420205,BALNEÁRIO BARRA DO SUL,42,0.716,0.611,0.713,0.844,676.33,0.41,3.89,7.75,3.71,9.81,98.75,1.25,27.91,98.93,99.53,99.61,69.93,8430,8035,114,612
420207,BALNEÁRIO GAIVOTA,42,0.728,0.622,0.734,0.844,768.73,0.47,3.19,6.65,6.3,10.26,98.68,1.32,34.19,98.65,100.0,99.31,70.94,8234,6363,120,605
420208,BANDEIRANTE,42,0.672,0.565,0.675,0.795,534.25,0.4,15.18,33.62,8.92,9.14,99.17,0.83,37.8,90.43,99.78,89.33,69.33,2906,931,39,187
420209,BARRA BONITA,42,0.701,0.599,0.692,0.83,594.28,0.4,8.48,16.72,13.57,11.28,96.4,3.6,38.99,93.93,100.0,100.0,87.62,1878,279,31,141
420210,BARRA VELHA,42,0.738,0.639,0.735,0.857,773.05,0.44,3.56,5.91,4.63,9.99,96.83,3.17,25.77,98.63,99.67,98.8,73.37,22386,21320,328,1787
420213,BELA VISTA DO TOLDO,42,0.675,0.598,0.624,0.826,389.28,0.46,20.14,24.77,5.47,11.14,98.93,1.07,38.09,96.55,99.79,82.64,82.09,6004,847,113,541
420215,BELMONTE,42,0.705,0.611,0.699,0.82,620.67,0.45,10.19,22.17,9.39,11.28,100.0,0.0,35.94,89.38,100.0,93.77,82.37,2635,1273,34,184
420220,BENEDITO NOVO,42,0.74,0.645,0.723,0.868,717.89,0.36,3.5,6.84,4.09,9.44,98.26,1.74,24.78,82.42,100.0,97.78,71.3,10336,5804,140,706
420230,BIGUAÇU,42,0.739,0.659,0.733,0.836,764.37,0.39,2.64,5.96,4.61,10.07,96.87,3.13,22.34,85.61,99.68,99.57,71.71,58206,52758,812,4601
420240,BLUMENAU,42,0.806,0.722,0.812,0.894,1253.17,0.46,1.02,2.31,1.77,9.97,97.04,2.96,17.36,97.89,99.97,99.88,74.87,309011,294773,3797,20447
420243,BOCAINA DO SUL,42,0.647,0.549,0.642,0.768,434.87,0.41,12.6,21.68,11.26,8.37,96.75,3.25,40.45,70.54,97.74,97.32,54.92,3290,967,46,259
420245,BOMBINHAS,42,0.781,0.732,0.753,0.864,865.15,0.44,1.84,3.34,3.46,10.44,99.06,0.94,19.84,93.26,99.86,100.0,76.99,14293,14293,211,1073
420250,BOM JARDIM DA SERRA,42,0.696,0.568,0.71,0.835,665.6,0.57,15.42,25.92,8.39,9.59,97.85,2.15,45.3,79.2,99.93,99.42,61.64,4395,2397,59,343
420253,BOM JESUS,42,0.718,0.606,0.74,0.827,798.97,0.55,10.74,17.71,10.55,8.0,97.97,2.03,26.96,94.13,99.64,99.29,57.19,2526,1495,28,182
420257,BOM JESUS DO OESTE,42,0.712,0.601,0.725,0.83,728.09,0.39,4.04,6.56,7.16,10.33,100.0,0.0,33.81,95.68,100.0,100.0,74.46,2132,647,34,155
420260,BOM RETIRO,42,0.699,0.559,0.704,0.869,638.85,0.46,9.68,16.63,10.2,9.05,96.29,3.71,45.33,90.47,99.07,97.21,69.32,8942,6417,139,812
420270,BOTUVERÁ,42,0.724,0.604,0.741,0.848,805.77,0.28,0.62,1.9,5.85,10.53,99.0,1.0,39.6,82.96,100.0,100.0,79.02,4468,1310,38,251
420280,BRAÇO DO NORTE,42,0.778,0.716,0.746,0.881,831.77,0.41,1.77,3.37,3.54,10.74,98.94,1.06,19.82,94.72,100.0,98.72,74.88,29018,23383,450,2254
420285,BRAÇO DO TROMBUDO,42,0.78,0.702,0.766,0.883,941.12,0.36,0.78,1.31,3.37,10.49,98.93,1.07,12.25,94.91,100.0,100.0,77.55,3457,1898,42,239
420287,BRUNÓPOLIS,42,0.661,0.545,0.646,0.819,446.48,0.47,19.77,31.21,13.63,10.21,98.72,1.28,44.07,80.11,98.8,98.89,74.31,2850,705,42,241
420290,BRUSQUE,42,0.795,0.707,0.794,0.894,1116.93,0.4,0.89,1.76,2.68,10.18,97.98,2.02,22.57,96.33,99.92,99.66,76.28,105503,102025,1325,6662
420300,CAÇADOR,42,0.735,0.62,0.728,0.878,744.28,0.48,6.93,12.39,5.93,9.83,95.96,4.04,33.67,95.77,99.69,99.42,68.21,70762,64457,1120,6024
420310,CAIBI,42,0.728,0.631,0.737,0.83,783.57,0.44,6.06,12.26,8.39,9.46,98.65,1.35,36.39,82.92,99.74,96.07,67.9,6219,3578,68,416
420315,CALMON,42,0.622,0.5,0.618,0.779,373.86,0.42,18.69,26.88,10.84,9.72,95.59,4.41,48.24,89.64,99.05,99.44,64.69,3387,2115,57,359
420320,CAMBORIÚ,42,0.726,0.6,0.736,0.866,781.76,0.4,2.78,5.55,4.04,9.15,96.59,3.41,27.42,97.15,100.0,99.86,69.36,62361,59231,1032,5518
420325,CAPÃO ALTO,42,0.654,0.516,0.68,0.796,550.84,0.51,12.53,19.4,9.89,9.37,99.29,0.71,39.81,73.38,99.78,98.61,66.95,2753,962,42,218
420330,CAMPO ALEGRE,42,0.714,0.636,0.677,0.845,539.9,0.41,8.08,13.66,4.4,9.35,98.61,1.39,34.0,90.15,99.95,99.51,68.04,11748,7237,202,979
420340,CAMPO BELO DO SUL,42,0.641,0.528,0.648,0.768,450.29,0.46,11.66,18.85,14.43,8.95,95.69,4.31,38.05,89.37,97.61,99.73,60.15,7483,4406,122,637
420350,CAMPO ERÊ,42,0.69,0.595,0.702,0.787,631.08,0.51,13.16,23.5,12.94,11.37,98.64,1.36,44.41,93.27,98.42,95.6,80.75,9370,6252,158,853
420360,CAMPOS NOVOS,42,0.742,0.658,0.721,0.861,708.77,0.46,7.44,13.89,6.64,10.03,97.34,2.66,30.73,95.59,99.92,99.36,73.37,32824,27064,534,2621
420370,CANELINHA,42,0.697,0.542,0.723,0.865,721.27,0.44,8.42,13.43,7.89,8.3,98.49,1.51,42.12,89.19,100.0,98.43,65.9,10603,6726,167,904
420380,CANOINHAS,42,0.757,0.692,0.717,0.874,692.87,0.49,8.63,15.61,4.34,10.65,98.83,1.17,25.38,96.01,99.37,98.81,75.2,52765,39273,764,4180
420390,CAPINZAL,42,0.752,0.659,0.742,0.869,811.66,0.45,2.99,6.3,5.59,9.27,97.76,2.24,26.5,94.93,99.98,99.77,62.82,20769,17754,279,1616
420395,CAPIVARI DE BAIXO,42,0.767,0.716,0.724,0.87,723.04,0.36,2.58,4.97,4.22,9.32,97.63,2.37,17.76,97.86,100.0,99.81,66.37,21674,19816,290,1563
420400,CATANDUVAS,42,0.714,0.625,0.723,0.806,717.59,0.47,4.38,9.8,6.17,9.49,96.2,3.8,33.24,96.75,99.58,99.04,71.3,9555,8094,147,811
420410,CAXAMBU DO SUL,42,0.691,0.523,0.725,0.87,730.36,0.5,8.09,14.85,10.77,8.5,96.16,3.84,45.66,82.22,98.44,99.21,64.87,4411,2155,49,294
420415,CELSO RAMOS,42,0.719,0.692,0.651,0.826,458.62,0.39,12.06,20.81,8.69,9.79,98.94,1.06,24.37,90.49,99.77,100.0,65.4,2771,872,35,212
420417,CERRO NEGRO,42,0.621,0.455,0.634,0.829,414.6,0.55,27.51,44.27,17.02,7.86,96.32,3.68,54.72,82.64,100.0,97.82,49.29,3581,764,53,302
420419,CHAPADÃO DO LAGEADO,42,0.704,0.616,0.68,0.833,549.08,0.43,17.53,26.4,7.41,9.92,99.29,0.71,32.74,69.62,100.0,96.37,75.66,2762,513,46,227
420420,CHAPECÓ,42,0.79,0.727,0.779,0.871,1017.34,0.48,2.7,5.4,4.45,10.75,98.36,1.64,20.31,92.46,99.75,99.65,78.42,183530,168113,2542,13506
420425,COCAL DO SUL,42,0.78,0.74,0.747,0.859,833.24,0.37,1.82,2.86,2.81,10.25,98.82,1.18,12.71,98.49,100.0,99.82,77.47,15159,12696,199,1034
420430,CONCÓRDIA,42,0.8,0.756,0.777,0.872,1009.49,0.46,2.68,6.22,4.2,10.46,98.37,1.63,15.85,95.97,99.72,99.72,78.41,68621,54865,813,4548
420435,CORDILHEIRA ALTA,42,0.747,0.662,0.735,0.855,773.44,0.39,4.15,7.35,4.86,10.51,99.33,0.67,21.63,59.21,100.0,85.8,67.39,3767,1448,42,240
420440,CORONEL FREITAS,42,0.744,0.653,0.732,0.86,759.01,0.4,3.33,6.03,8.3,11.73,99.59,0.41,28.53,92.68,99.62,97.88,83.5,10213,6067,129,705
420445,CORONEL MARTINS,42,0.696,0.609,0.678,0.816,543.22,0.44,11.71,14.6,11.43,11.93,99.18,0.82,27.69,79.27,98.33,99.14,79.61,2458,685,41,202
420450,CORUPÁ,42,0.78,0.707,0.768,0.873,951.63,0.46,2.28,3.83,3.09,10.29,99.09,0.91,19.1,91.85,99.9,99.12,77.21,13852,10669,191,972
420455,CORREIA PINTO,42,0.702,0.614,0.701,0.804,628.18,0.49,11.15,19.76,9.4,9.84,97.27,2.73,32.41,94.66,99.55,98.72,67.37,14785,12022,253,1296
420460,CRICIÚMA,42,0.788,0.737,0.786,0.846,1062.53,0.48,2.17,4.85,3.0,10.49,98.49,1.51,17.53,97.84,99.98,99.56,78.64,192308,189630,2473,13332
420470,CUNHA PORÃ,42,0.742,0.682,0.744,0.804,821.86,0.38,1.34,1.92,4.88,11.27,99.29,0.71,19.66,93.63,99.43,98.47,83.27,10613,6519,134,709
420475,CUNHATAÍ,42,0.754,0.623,0.777,0.886,1009.05,0.46,1.96,3.06,3.95,11.4,100.0,0.0,29.14,93.28,99.92,95.02,81.06,1882,569,30,116
420480,CURITIBANOS,42,0.721,0.62,0.716,0.846,687.47,0.51,10.47,19.92,7.95,10.61,97.71,2.29,30.09,86.75,99.55,98.29,76.9,37748,34769,571,3147
420490,DESCANSO,42,0.743,0.647,0.741,0.854,804.31,0.43,5.4,11.48,5.41,10.79,99.24,0.76,28.4,89.13,99.53,94.86,76.03,8634,4297,98,546
420500,DIONÍSIO CERQUEIRA,42,0.706,0.61,0.703,0.82,636.41,0.53,15.17,25.43,10.18,10.77,96.54,3.46,41.93,95.2,97.24,96.15,75.01,14811,10191,229,1284
420510,DONA EMMA,42,0.742,0.622,0.762,0.862,918.49,0.46,4.19,6.66,4.17,10.66,98.12,1.88,34.01,92.84,100.0,99.25,79.12,3721,1868,50,287
420515,DOUTOR PEDRINHO,42,0.716,0.609,0.714,0.843,679.44,0.34,2.83,6.01,3.88,8.96,98.5,1.5,33.17,76.78,100.0,97.91,64.88,3604,2019,50,235
420517,ENTRE RIOS,42,0.657,0.55,0.638,0.808,423.63,0.44,17.87,29.31,14.93,10.51,97.36,2.64,49.17,82.92,96.78,80.85,74.63,3018,928,53,343
420519,ERMO,42,0.726,0.67,0.708,0.808,655.45,0.4,4.74,9.53,6.09,10.88,97.95,2.05,30.95,94.46,100.0,98.78,79.72,2050,619,29,143
420520,ERVAL VELHO,42,0.723,0.592,0.736,0.868,780.33,0.47,4.29,10.44,7.53,11.31,97.4,2.6,30.43,88.63,99.78,95.78,78.4,4352,2842,58,283
420530,FAXINAL DOS GUEDES,42,0.758,0.676,0.746,0.863,828.49,0.49,4.67,8.46,6.97,10.42,97.39,2.61,19.31,88.03,99.96,99.43,80.37,10661,7718,156,874
420535,FLOR DO SERTÃO,42,0.708,0.608,0.736,0.792,778.06,0.48,7.39,13.69,11.97,10.66,98.97,1.03,34.56,98.39,98.93,100.0,78.54,1588,328,24,115
420540,FLORIANÓPOLIS,42,0.847,0.8,0.87,0.873,1798.12,0.54,1.35,3.26,2.07,10.79,98.37,1.63,12.2,96.35,99.96,99.84,77.7,421240,405286,4560,25052
420543,FORMOSA DO SUL,42,0.715,0.593,0.728,0.845,744.5,0.42,6.85,11.6,7.72,10.12,99.06,0.94,38.64,83.4,100.0,100.0,69.94,2601,1084,32,210
420545,FORQUILHINHA,42,0.753,0.657,0.754,0.861,870.85,0.46,1.59,3.15,3.87,10.13,98.26,1.74,24.07,96.87,99.86,99.18,74.31,22548,18426,333,1733
420550,FRAIBURGO,42,0.731,0.637,0.712,0.86,673.84,0.48,9.14,15.1,6.6,10.15,98.07,1.93,31.69,92.28,99.96,99.63,71.0,34553,30291,572,3080
420555,FREI ROGÉRIO,42,0.682,0.588,0.664,0.812,498.33,0.51,24.7,41.42,8.27,11.06,100.0,0.0,37.32,71.93,99.35,86.3,84.61,2474,706,30,210
420560,GALVÃO,42,0.708,0.618,0.704,0.815,638.12,0.45,11.19,19.79,14.28,10.71,97.98,2.02,44.96,93.2,99.35,96.74,81.93,3472,2347,53,262
420570,GAROPABA,42,0.753,0.668,0.737,0.868,784.88,0.45,2.96,5.64,8.25,10.89,99.59,0.41,22.55,90.53,99.96,99.62,79.65,18138,15320,252,1364
420580,GARUVA,42,0.725,0.64,0.717,0.83,691.98,0.44,3.49,6.27,5.6,10.05,97.97,2.03,24.57,85.17,99.94,99.03,73.61,14761,11451,261,1314
420590,GASPAR,42,0.765,0.655,0.77,0.889,964.36,0.37,1.24,1.79,2.45,9.47,97.28,2.72,22.36,97.17,99.99,99.8,73.03,57981,47126,775,4108
420600,GOVERNADOR CELSO RAMOS,42,0.747,0.651,0.737,0.87,784.5,0.43,2.23,4.82,7.77,10.68,97.89,2.11,25.56,94.12,99.92,99.59,76.34,12999,12252,163,933
420610,GRÃO PARÁ,42,0.736,0.63,0.749,0.846,845.01,0.43,2.43,5.41,4.86,11.01,98.2,1.8,26.41,82.92,100.0,99.4,80.16,6223,3019,93,438
420620,GRAVATAL,42,0.757,0.681,0.726,0.877,730.8,0.4,2.32,3.43,5.39,10.98,98.02,1.98,19.54,69.56,100.0,99.7,83.36,10635,4443,141,712
420630,GUABIRUBA,42,0.754,0.653,0.75,0.876,851.75,0.34,1.91,3.86,2.77,9.67,97.58,2.42,26.76,92.09,99.82,99.28,71.08,18430,17066,225,1268
420640,GUARACIABA,42,0.751,0.646,0.754,0.871,873.67,0.47,4.18,10.53,6.59,10.56,99.37,0.63,30.61,88.68,100.0,94.5,76.44,10498,4924,118,640
420650,GUARAMIRIM,42,0.751,0.641,0.748,0.885,842.24,0.38,2.22,3.5,2.83,9.52,96.72,3.28,25.19,96.68,100.0,99.17,72.79,35172,28046,512,2715
420660,GUARUJÁ DO SUL,42,0.73,0.639,0.732,0.833,759.66,0.4,3.87,10.38,6.33,10.53,98.16,1.84,40.99,97.3,99.74,97.81,76.32,4908,2655,55,324
420665,GUATAMBÚ,42,0.717,0.626,0.716,0.823,687.32,0.45,5.68,8.84,10.21,10.05,98.84,1.16,31.45,86.71,99.65,97.33,67.76,4679,1749,67,370
420670,HERVAL D'OESTE,42,0.758,0.684,0.74,0.859,799.29,0.42,3.82,8.66,4.81,10.09,97.42,2.58,26.37,95.87,99.85,99.85,74.72,21239,18851,317,1522
420675,IBIAM,42,0.725,0.631,0.737,0.82,786.22,0.46,5.74,10.45,6.22,10.25,100.0,0.0,32.95,94.72,99.64,98.19,74.31,1945,695,26,137
420680,IBICARÉ,42,0.708,0.586,0.734,0.826,768.67,0.43,5.87,13.68,6.73,10.38,98.31,1.69,40.42,91.55,100.0,100.0,76.68,3373,1557,48,238
420690,IBIRAMA,42,0.737,0.63,0.749,0.848,844.25,0.37,0.92,1.53,3.72,10.04,98.85,1.15,29.59,95.72,99.91,98.82,76.2,17330,14813,263,1310
420700,IÇARA,42,0.741,0.645,0.732,0.861,759.54,0.4,2.9,6.14,4.2,10.11,96.41,3.59,22.47,96.44,100.0,96.54,76.81,58833,53913,796,4191
420710,ILHOTA,42,0.738,0.607,0.75,0.883,853.29,0.38,0.97,2.23,5.28,10.68,97.05,2.95,28.31,86.58,100.0,99.93,80.18,12355,7898,178,948
420720,IMARUÍ,42,0.667,0.53,0.67,0.834,516.73,0.45,11.66,21.59,12.08,9.25,97.47,2.53,43.81,71.72,99.58,92.48,63.84,11672,4005,154,835
420730,IMBITUBA,42,0.765,0.703,0.734,0.868,768.81,0.45,5.08,10.19,5.88,10.8,99.14,0.86,18.81,93.26,99.9,98.26,77.3,40170,40170,502,2708
420740,IMBUIA,42,0.713,0.602,0.716,0.84,688.57,0.47,8.53,11.94,6.51,9.49,99.72,0.28,37.69,88.7,100.0,96.98,68.15,5707,2515,87,478
420750,INDAIAL,42,0.777,0.701,0.767,0.873,945.33,0.39,0.89,2.04,2.91,9.71,98.12,1.88,20.69,96.78,99.96,99.15,74.83,54854,52927,712,3926
420757,IOMERÊ,42,0.795,0.749,0.754,0.891,873.9,0.33,0.98,0.74,2.96,10.43,100.0,0.0,21.0,94.48,100.0,100.0,79.22,2739,907,40,177
420760,IPIRA,42,0.736,0.657,0.724,0.838,725.68,0.45,5.92,9.32,5.02,10.97,99.52,0.48,26.65,92.27,99.93,99.88,78.28,4752,2521,51,335
420765,IPORÃ DO OESTE,42,0.759,0.695,0.743,0.847,815.06,0.43,3.45,8.23,3.34,11.66,98.88,1.12,26.43,94.61,100.0,98.31,83.77,8409,4122,108,561
420768,IPUAÇU,42,0.66,0.54,0.674,0.79,530.81,0.61,27.86,41.7,11.07,9.72,95.69,4.31,40.98,58.41,94.18,97.93,68.85,6798,1377,138,780
420770,IPUMIRIM,42,0.738,0.631,0.747,0.853,837.81,0.42,3.58,8.69,5.09,9.71,99.67,0.33,36.35,83.66,99.9,100.0,73.99,7220,3148,106,508
420775,IRACEMINHA,42,0.722,0.628,0.71,0.845,663.24,0.43,9.03,17.64,7.1,11.23,98.96,1.04,26.11,87.64,100.0,87.15,82.51,4253,1468,63,323
420780,IRANI,42,0.742,0.675,0.715,0.847,686.25,0.42,5.71,10.75,7.37,10.27,98.24,1.76,31.23,91.69,99.57,99.32,74.28,9531,6520,131,785
420785,IRATI,42,0.707,0.609,0.694,0.836,601.25,0.45,11.05,19.93,11.56,11.07,97.88,2.12,32.21,97.28,99.58,97.71,73.64,2096,449,30,149
420790,IRINEÓPOLIS,42,0.699,0.567,0.72,0.836,708.34,0.54,10.69,18.58,7.05,10.23,97.5,2.5,44.75,90.74,98.49,96.16,73.23,10448,3519,194,911
420800,ITÁ,42,0.771,0.698,0.747,0.879,836.69,0.45,3.39,6.68,6.08,11.12,98.46,1.54,20.97,87.35,99.76,99.24,79.94,6426,4057,79,471
420810,ITAIÓPOLIS,42,0.708,0.606,0.7,0.836,625.36,0.49,11.82,18.47,4.7,9.38,97.3,2.7,35.58,93.43,99.52,98.86,70.91,20301,10737,333,1821
420820,ITAJAÍ,42,0.795,0.73,0.778,0.884,1014.0,0.45,2.31,4.91,2.97,10.3,97.93,2.07,17.15,97.93,99.92,99.86,76.67,183373,173452,2543,13656
420830,ITAPEMA,42,0.796,0.727,0.788,0.881,1078.48,0.49,2.7,5.41,2.8,9.73,97.95,2.05,23.28,93.67,99.83,99.95,73.97,45797,44659,616,3378
420840,ITAPIRANGA,42,0.775,0.723,0.766,0.842,942.44,0.45,3.06,5.06,3.28,11.59,99.78,0.22,18.48,96.22,99.97,99.21,84.46,15409,7616,227,1131
420845,ITAPOÁ,42,0.761,0.682,0.739,0.874,793.24,0.47,5.51,11.06,3.88,10.17,98.65,1.35,24.55,97.35,99.5,99.37,72.71,14763,14172,196,1131
420850,ITUPORANGA,42,0.748,0.638,0.749,0.876,844.05,0.43,3.94,6.08,4.62,9.05,98.01,1.99,31.28,90.25,100.0,96.17,62.62,22250,14832,340,1724
420860,JABORÁ,42,0.732,0.657,0.746,0.801,831.84,0.45,5.61,9.89,7.29,11.61,99.68,0.32,27.61,74.31,100.0,98.76,82.33,4041,1605,42,257
420870,JACINTO MACHADO,42,0.716,0.633,0.708,0.818,655.7,0.43,7.03,15.88,7.61,10.07,98.29,1.71,39.05,83.67,99.96,99.18,69.37,10609,5133,141,791
420880,JAGUARUNA,42,0.721,0.628,0.719,0.83,701.05,0.39,3.32,6.38,6.49,9.71,97.32,2.68,32.12,97.56,100.0,97.87,65.83,17290,13198,209,1200
420890,JARAGUÁ DO SUL,42,0.803,0.755,0.793,0.865,1111.85,0.42,0.71,1.58,1.77,10.5,98.31,1.69,11.61,97.98,100.0,99.98,81.28,143123,132800,1864,9728
420895,JARDINÓPOLIS,42,0.709,0.611,0.708,0.823,654.02,0.4,6.18,9.24,8.99,12.7,100.0,0.0,28.11,93.84,99.93,100.0,93.77,1766,799,16,127
420900,JOAÇABA,42,0.827,0.771,0.823,0.891,1338.5,0.54,2.61,5.91,3.17,10.85,99.76,0.24,16.33,97.25,100.0,99.4,77.43,27020,24924,354,1806
420910,JOINVILLE,42,0.809,0.749,0.795,0.889,1126.74,0.49,1.67,3.57,2.26,10.02,97.34,2.66,12.04,98.16,99.93,99.92,73.39,515288,497850,6734,36440
420915,JOSÉ BOITEUX,42,0.694,0.578,0.689,0.841,580.97,0.44,13.78,24.59,6.27,10.88,98.34,1.66,28.71,89.52,99.77,100.0,76.46,4721,1611,90,460
420917,JUPIÁ,42,0.719,0.61,0.708,0.862,654.0,0.55,14.26,24.04,10.18,10.6,99.23,0.77,35.02,94.06,98.41,91.49,74.87,2148,1044,32,173
420920,LACERDÓPOLIS,42,0.781,0.708,0.763,0.883,925.08,0.39,1.16,3.67,5.41,12.28,99.5,0.5,18.86,72.11,100.0,99.49,93.03,2199,1160,33,138
420930,LAGES,42,0.77,0.697,0.755,0.867,878.34,0.54,6.24,11.96,5.02,10.18,97.3,2.7,22.09,98.84,99.58,99.14,73.19,156727,153937,2251,12210
420940,LAGUNA,42,0.752,0.682,0.715,0.871,684.42,0.44,5.27,10.3,5.55,10.77,97.71,2.29,25.54,87.13,99.98,98.94,78.51,51562,40655,656,3665
420945,LAJEADO GRANDE,42,0.771,0.712,0.75,0.858,850.34,0.44,4.85,13.0,7.39,11.16,95.8,4.2,31.51,76.47,98.94,98.85,83.75,1490,648,15,88
420950,LAURENTINO,42,0.749,0.662,0.742,0.855,810.58,0.36,1.7,4.77,3.9,9.43,97.6,2.4,26.2,92.05,100.0,98.99,71.9,6004,4374,62,406
420960,LAURO MULLER,42,0.735,0.677,0.714,0.822,678.67,0.37,3.13,5.54,4.86,9.75,98.72,1.28,20.58,84.91,100.0,98.89,70.51,14367,11106,182,939
420970,LEBON RÉGIS,42,0.649,0.537,0.632,0.806,409.05,0.45,19.27,31.2,12.05,9.11,95.26,4.74,42.36,91.15,98.0,99.26,66.38,11838,7522,209,1173
420980,LEOBERTO LEAL,42,0.686,0.533,0.74,0.818,800.32,0.49,7.03,7.47,10.42,8.27,98.85,1.15,48.51,77.25,100.0,99.08,60.62,3365,820,47,249
420985,LINDÓIA DO SUL,42,0.743,0.636,0.747,0.865,836.32,0.43,4.68,10.5,5.44,9.46,98.1,1.9,32.8,95.61,99.41,100.0,68.77,4642,1930,49,307
420990,LONTRAS,42,0.704,0.579,0.735,0.82,773.05,0.37,2.79,5.74,5.08,9.63,98.55,1.45,33.77,94.29,100.0,98.07,68.05,10244,7014,148,788
421000,LUIZ ALVES,42,0.737,0.6,0.766,0.87,937.32,0.44,1.67,3.46,4.39,8.84,96.71,3.29,40.81,81.58,100.0,98.96,69.36,10438,3256,151,820
421003,LUZERNA,42,0.789,0.718,0.781,0.877,1030.37,0.43,0.85,1.41,2.16,11.45,99.54,0.46,19.84,93.42,99.95,99.81,84.32,5600,4259,52,323
421005,MACIEIRA,42,0.662,0.533,0.675,0.806,533.9,0.39,6.53,10.1,9.63,10.23,94.23,5.77,52.85,83.12,100.0,94.58,77.5,1826,501,27,144
421010,MAFRA,42,0.777,0.723,0.738,0.88,789.53,0.49,5.4,10.62,3.45,11.38,98.94,1.06,18.34,95.52,99.68,96.73,82.21,52912,41318,865,4275
421020,MAJOR GERCINO,42,0.698,0.563,0.738,0.818,789.61,0.52,8.26,16.75,7.52,8.56,98.04,1.96,36.26,77.37,98.75,96.24,64.96,3279,1249,38,235
421030,MAJOR VIEIRA,42,0.69,0.617,0.653,0.817,465.76,0.46,17.28,28.02,6.08,9.66,97.8,2.2,37.58,95.84,99.23,97.08,71.08,7479,2961,109,629
421040,MARACAJÁ,42,0.768,0.699,0.752,0.861,861.85,0.5,2.51,4.06,5.53,11.51,98.53,1.47,18.73,98.19,100.0,99.07,85.72,6404,4256,91,448
421050,MARAVILHA,42,0.781,0.708,0.758,0.886,896.02,0.45,2.14,4.73,4.98,9.59,97.69,2.31,23.74,92.66,99.97,99.2,72.03,22101,18087,298,1458
421055,MAREMA,42,0.743,0.636,0.748,0.862,840.58,0.41,2.65,5.92,8.42,11.66,100.0,0.0,31.17,51.95,100.0,100.0,78.09,2203,760,23,148
421060,MASSARANDUBA,42,0.774,0.714,0.749,0.867,847.63,0.34,1.47,3.7,3.44,10.76,98.37,1.63,18.25,94.1,99.88,99.4,82.19,14674,7606,173,994
421070,MATOS COSTA,42,0.657,0.541,0.63,0.831,402.83,0.45,19.28,32.74,10.81,9.66,98.41,1.59,59.9,90.64,98.81,95.65,68.34,2839,1465,49,264
421080,MELEIRO,42,0.738,0.679,0.734,0.808,768.23,0.41,2.12,3.79,5.37,12.16,99.69,0.31,21.51,85.69,99.95,99.31,89.2,7000,3649,84,409
421085,MIRIM DOCE,42,0.708,0.633,0.683,0.821,560.66,0.39,7.94,13.25,7.74,11.06,96.7,3.3,30.18,66.25,100.0,99.76,85.36,2513,1202,31,181
421090,MODELO,42,0.76,0.659,0.751,0.886,858.23,0.43,3.58,10.05,6.67,11.1,100.0,0.0,28.8,95.13,100.0,96.56,80.03,4045,2692,56,313
421100,MONDAÍ,42,0.748,0.657,0.728,0.875,741.84,0.4,6.09,9.96,4.55,10.08,96.16,3.84,26.63,88.96,99.76,98.67,75.53,10231,6305,120,625
421105,MONTE CARLO,42,0.643,0.511,0.648,0.804,449.82,0.45,12.36,19.61,12.5,9.64,98.66,1.34,47.11,96.42,98.79,99.48,66.53,9312,8076,200,978
421110,MONTE CASTELO,42,0.675,0.581,0.641,0.826,432.84,0.44,15.25,26.49,7.38,10.77,98.39,1.61,41.92,95.51,98.95,96.62,80.67,8346,4849,139,797
421120,MORRO DA FUMAÇA,42,0.738,0.665,0.732,0.825,759.25,0.36,2.08,4.4,5.37,11.04,98.08,1.92,31.37,89.98,100.0,98.13,81.61,16126,13863,232,1205
421125,MORRO GRANDE,42,0.701,0.548,0.742,0.847,809.37,0.51,7.01,14.05,6.06,9.42,100.0,0.0,54.31,90.9,100.0,98.76,62.72,2890,756,37,203
421130,NAVEGANTES,42,0.736,0.624,0.731,0.873,756.39,0.41,5.19,10.04,4.2,9.61,97.38,2.62,29.76,97.44,99.96,99.79,66.53,60556,57402,919,5017
421140,NOVA ERECHIM,42,0.765,0.686,0.767,0.851,944.83,0.44,2.61,6.95,5.77,12.03,99.59,0.41,34.52,98.2,99.95,97.51,84.57,4275,3211,70,320
421145,NOVA ITABERABA,42,0.736,0.605,0.753,0.876,868.83,0.55,8.15,14.95,9.14,9.34,98.43,1.57,37.3,73.24,99.59,86.19,68.52,4267,1530,60,341
421150,NOVA TRENTO,42,0.748,0.628,0.749,0.891,847.77,0.35,2.54,3.3,3.65,9.74,99.17,0.83,28.11,85.07,100.0,97.82,72.86,12190,9129,116,776
421160,NOVA VENEZA,42,0.768,0.703,0.741,0.869,805.79,0.39,1.32,3.48,3.33,10.62,99.33,0.67,19.1,89.78,99.95,99.19,77.0,13309,8927,162,870
421165,NOVO HORIZONTE,42,0.706,0.594,0.7,0.846,623.51,0.39,6.6,11.58,12.99,9.16,100.0,0.0,34.7,85.66,99.54,81.48,63.48,2750,921,59,247
421170,ORLEANS,42,0.755,0.657,0.749,0.873,844.35,0.45,3.34,5.9,4.46,10.07,98.11,1.89,29.38,88.85,100.0,95.23,75.62,21393,16084,287,1488
421175,OTACÍLIO COSTA,42,0.74,0.681,0.713,0.835,677.67,0.4,5.74,10.75,6.63,9.88,95.96,4.04,23.82,98.18,99.93,99.78,74.16,16337,14891,248,1366
421180,OURO,42,0.774,0.677,0.774,0.884,987.45,0.45,4.14,7.96,4.27,10.98,98.85,1.15,26.47,91.77,100.0,98.6,75.33,7372,4844,77,490
421185,OURO VERDE,42,0.695,0.611,0.696,0.79,607.09,0.53,17.8,31.49,11.69,9.63,98.06,1.94,39.5,90.76,99.29,90.51,66.77,2271,715,26,187
421187,PAIAL,42,0.718,0.62,0.705,0.847,644.16,0.44,8.48,13.7,9.23,9.56,100.0,0.0,34.92,94.34,99.44,100.0,64.43,1763,336,23,135
421189,PAINEL,42,0.664,0.543,0.668,0.808,511.7,0.49,13.56,25.2,10.06,10.7,97.26,2.74,36.94,81.06,99.54,99.55,74.52,2353,945,29,187
421190,PALHOÇA,42,0.757,0.672,0.752,0.859,862.74,0.4,2.18,4.79,3.9,9.83,97.65,2.35,19.99,94.97,99.9,99.42,69.78,137334,135311,1928,10511
421200,PALMA SOLA,42,0.704,0.622,0.7,0.8,623.64,0.5,13.17,23.43,8.97,10.77,98.7,1.3,37.08,93.77,99.11,99.0,76.77,7765,4468,111,643
421205,PALMEIRA,42,0.671,0.557,0.655,0.827,471.82,0.43,14.95,26.03,11.29,8.66,92.88,7.12,42.97,82.77,99.56,99.74,67.33,2373,925,39,212
421210,PALMITOS,42,0.737,0.632,0.757,0.836,887.5,0.46,4.37,9.43,6.89,11.39,98.97,1.03,31.44,94.99,99.63,96.23,78.37,16020,9871,223,1105
421220,PAPANDUVA,42,0.704,0.603,0.691,0.836,589.35,0.47,10.8,19.98,6.77,9.31,98.07,1.93,37.96,95.61,99.22,97.03,71.08,17928,9184,315,1622
421223,PARAÍSO,42,0.7,0.565,0.728,0.833,743.76,0.5,10.16,20.39,11.07,11.83,100.0,0.0,47.81,88.44,99.57,89.1,82.93,4080,1451,54,314
421225,PASSO DE TORRES,42,0.72,0.618,0.695,0.869,602.85,0.42,8.29,16.7,6.87,10.57,97.42,2.58,23.07,96.23,99.9,99.4,80.91,6627,5873,103,549
421227,PASSOS MAIA,42,0.659,0.547,0.648,0.808,450.78,0.47,19.0,31.02,9.75,8.35,96.85,3.15,49.23,85.69,99.25,99.11,59.71,4425,1099,71,427
421230,PAULO LOPES,42,0.716,0.6,0.707,0.865,650.58,0.4,5.37,9.23,11.08,10.88,98.92,1.08,34.47,68.07,100.0,99.12,75.79,6692,4820,101,528
421240,PEDRAS GRANDES,42,0.728,0.621,0.715,0.87,683.36,0.33,2.32,3.01,5.04,9.41,98.72,1.28,28.79,78.51,99.96,99.83,61.47,4107,1261,33,252
421250,PENHA,42,0.743,0.64,0.739,0.867,793.53,0.42,3.5,7.97,3.54,10.31,97.65,2.35,24.15,96.62,99.87,99.72,72.19,25141,23064,339,1948
421260,PERITIBA,42,0.766,0.669,0.762,0.882,918.86,0.47,6.67,14.43,2.12,11.13,98.5,1.5,30.41,93.53,99.39,99.28,80.41,2988,1481,27,159
421270,PETROLÂNDIA,42,0.716,0.618,0.74,0.802,799.56,0.47,6.17,10.69,7.54,10.79,99.34,0.66,32.78,83.04,99.9,97.84,80.84,6131,2225,74,425
421280,BALNEÁRIO PIÇARRAS,42,0.756,0.668,0.745,0.869,826.13,0.44,4.09,8.45,4.54,9.2,95.53,4.47,26.72,99.0,99.79,99.35,65.72,17078,15500,258,1355
421290,PINHALZINHO,42,0.783,0.716,0.758,0.886,893.85,0.43,2.23,4.19,4.95,11.03,99.17,0.83,28.02,96.12,99.9,99.44,74.15,16332,13615,237,1155
421300,PINHEIRO PRETO,42,0.777,0.712,0.762,0.866,917.64,0.45,2.28,4.69,4.64,12.12,100.0,0.0,31.08,84.01,99.77,100.0,88.36,3147,1700,48,228
421310,PIRATUBA,42,0.758,0.714,0.736,0.829,779.57,0.43,2.76,5.39,5.4,11.24,99.64,0.36,30.34,85.34,99.88,93.85,83.96,4786,2855,51,329
421315,PLANALTO ALEGRE,42,0.751,0.659,0.731,0.881,754.11,0.42,5.29,8.4,11.98,10.9,100.0,0.0,34.89,91.17,99.61,95.15,84.76,2654,1067,31,187
421320,POMERODE,42,0.78,0.687,0.78,0.886,1022.91,0.38,0.81,1.37,1.68,10.62,98.69,1.31,16.88,97.54,99.92,99.46,80.64,27759,23823,359,1722
421330,PONTE ALTA,42,0.673,0.568,0.666,0.804,503.47,0.45,12.44,21.32,11.28,10.63,98.39,1.61,43.05,89.32,98.45,100.0,73.28,4894,3578,96,461
421335,PONTE ALTA DO NORTE,42,0.689,0.605,0.661,0.819,490.45,0.47,13.06,19.76,9.61,9.31,97.83,2.17,30.56,96.64,99.66,99.25,70.15,3303,3007,47,317
421340,PONTE SERRADA,42,0.693,0.61,0.69,0.79,586.05,0.44,7.23,13.6,9.66,10.39,98.47,1.53,39.93,86.21,98.97,99.32,76.56,11031,7624,204,954
421350,PORTO BELO,42,0.76,0.66,0.75,0.886,850.99,0.42,1.93,4.21,4.62,9.91,97.43,2.57,26.9,87.2,99.83,99.37,74.2,16083,15167,239,1319
421360,PORTO UNIÃO,42,0.786,0.724,0.752,0.891,864.41,0.53,6.26,12.96,3.44,10.87,98.16,1.84,22.1,96.63,99.38,99.42,77.37,33493,28266,510,2725
421370,POUSO REDONDO,42,0.72,0.598,0.728,0.857,742.15,0.43,3.69,7.44,5.85,9.47,98.62,1.38,34.93,86.0,99.92,99.01,72.17,14810,9024,205,1094
421380,PRAIA GRANDE,42,0.718,0.636,0.692,0.84,591.62,0.42,8.28,16.33,9.58,10.93,99.01,0.99,30.3,85.27,99.88,99.69,78.33,7267,4297,84,511
421390,PRESIDENTE CASTELLO BRANCO,42,0.77,0.637,0.813,0.883,1255.85,0.47,1.82,3.23,4.7,12.12,100.0,0.0,31.75,86.54,100.0,100.0,88.83,1725,553,21,123
421400,PRESIDENTE GETÚLIO,42,0.759,0.654,0.764,0.874,928.86,0.41,2.58,5.98,3.06,10.21,98.06,1.94,25.65,95.56,99.97,99.76,77.2,14887,10535,210,1104
421410,PRESIDENTE NEREU,42,0.737,0.609,0.765,0.861,934.37,0.5,2.47,5.71,11.29,10.2,99.41,0.59,38.88,83.9,99.81,100.0,68.01,2284,808,35,162
421415,PRINCESA,42,0.706,0.611,0.701,0.82,626.1,0.42,6.32,10.46,10.36,11.56,99.36,0.64,27.74,95.45,99.49,98.83,83.07,2758,1004,43,208
421420,QUILOMBO,42,0.73,0.656,0.712,0.832,672.58,0.39,5.7,10.33,8.22,9.76,97.23,2.77,31.58,87.53,99.96,97.84,67.0,10248,5746,139,752
421430,RANCHO QUEIMADO,42,0.753,0.644,0.743,0.893,813.8,0.42,1.92,3.37,6.98,11.01,98.32,1.68,31.47,74.01,100.0,98.41,80.94,2748,1290,39,191
421440,RIO DAS ANTAS,42,0.697,0.569,0.727,0.82,737.53,0.44,5.21,10.63,6.0,10.81,97.06,2.94,42.23,91.25,99.79,99.22,71.62,6143,2740,76,504
421450,RIO DO CAMPO,42,0.729,0.65,0.741,0.803,803.46,0.5,5.92,8.38,5.79,11.2,99.37,0.63,30.43,86.75,100.0,100.0,78.53,6192,2632,89,457
421460,RIO DO OESTE,42,0.754,0.625,0.769,0.892,957.34,0.47,3.11,6.16,4.08,9.32,97.58,2.42,31.94,79.67,99.98,100.0,78.19,7090,3390,84,449
421470,RIO DOS CEDROS,42,0.729,0.634,0.739,0.827,795.95,0.37,2.35,5.64,3.03,9.97,96.45,3.55,31.07,84.88,100.0,99.5,73.98,10284,5110,108,642
421480,RIO DO SUL,42,0.802,0.727,0.793,0.894,1114.31,0.45,2.03,4.45,2.81,10.16,96.53,3.47,21.74,96.56,100.0,99.3,73.89,61198,56785,805,4188
421490,RIO FORTUNA,42,0.806,0.727,0.848,0.85,1570.51,0.56,0.37,1.04,2.89,10.83,98.87,1.13,15.96,81.86,100.0,100.0,75.32,4446,1523,43,242
421500,RIO NEGRINHO,42,0.738,0.668,0.71,0.848,664.58,0.44,5.02,9.54,3.84,9.72,97.91,2.09,25.36,97.83,99.39,99.91,73.29,39846,36348,692,3591
421505,RIO RUFINO,42,0.653,0.53,0.652,0.806,463.38,0.42,17.29,24.85,9.51,9.64,99.13,0.87,34.82,75.89,99.46,97.47,65.38,2436,688,41,206
421507,RIQUEZA,42,0.714,0.624,0.702,0.83,629.81,0.44,7.99,13.41,8.43,11.92,98.59,1.41,36.55,93.06,99.67,97.55,83.78,4838,2154,75,376
421510,RODEIO,42,0.754,0.626,0.769,0.889,958.15,0.42,1.64,5.05,3.75,9.02,96.55,3.45,32.43,81.52,100.0,98.63,74.56,10922,9424,104,569
421520,ROMELÂNDIA,42,0.692,0.561,0.738,0.8,791.78,0.47,6.47,11.4,11.36,9.97,97.77,2.23,45.62,93.7,99.7,82.88,73.6,5551,2008,79,428
421530,SALETE,42,0.744,0.695,0.737,0.803,784.32,0.43,3.15,5.54,4.53,10.07,98.65,1.35,20.79,80.68,100.0,99.06,79.11,7370,4987,72,509
421535,SALTINHO,42,0.654,0.551,0.639,0.795,427.12,0.5,25.2,37.35,13.98,11.0,98.58,1.42,46.59,94.65,97.86,95.39,84.37,3961,1255,60,363
421540,SALTO VELOSO,42,0.784,0.705,0.778,0.88,1011.21,0.55,5.36,11.04,7.55,11.4,98.31,1.69,22.12,75.29,100.0,100.0,85.31,4301,3402,46,283
421545,SANGÃO,42,0.7,0.554,0.725,0.853,730.38,0.4,1.32,2.04,7.28,9.13,94.91,5.09,42.14,83.07,100.0,97.55,66.83,10400,4856,200,926
421550,SANTA CECÍLIA,42,0.698,0.597,0.697,0.819,610.94,0.52,10.51,16.2,9.66,9.56,96.85,3.15,35.41,94.88,98.78,98.83,75.01,15757,13663,258,1473
421555,SANTA HELENA,42,0.727,0.653,0.705,0.833,644.48,0.38,6.05,11.95,9.82,11.44,100.0,0.0,27.51,89.61,99.7,98.31,83.28,2382,882,29,154
421560,SANTA ROSA DE LIMA,42,0.757,0.71,0.726,0.843,731.43,0.32,2.42,4.96,4.83,11.51,97.85,2.15,15.69,70.55,100.0,100.0,87.05,2065,518,24,127
421565,SANTA ROSA DO SUL,42,0.705,0.618,0.702,0.806,630.29,0.39,4.79,9.48,6.62,10.79,99.14,0.86,30.82,92.46,99.94,99.7,79.04,8054,3746,113,630
421567,SANTA TEREZINHA,42,0.669,0.575,0.637,0.817,421.9,0.48,21.41,29.71,5.66,10.47,97.4,2.6,36.46,88.0,100.0,98.06,76.64,8767,1513,141,784
421568,SANTA TEREZINHA DO PROGRESSO,42,0.682,0.585,0.686,0.791,572.73,0.56,25.49,36.25,13.18,11.77,98.49,1.51,24.7,92.63,99.9,98.6,85.49,2896,539,40,227
421569,SANTIAGO DO SUL,42,0.728,0.652,0.731,0.811,756.0,0.46,8.98,16.64,11.41,10.91,98.99,1.01,39.34,97.22,100.0,100.0,84.76,1465,650,18,98
421570,SANTO AMARO DA IMPERATRIZ,42,0.781,0.71,0.753,0.89,867.13,0.38,1.64,3.71,5.13,10.94,98.97,1.03,20.27,84.5,100.0,99.74,81.21,19823,14970,250,1345
421575,SÃO BERNARDINO,42,0.677,0.577,0.653,0.822,465.1,0.45,20.7,32.48,11.57,10.0,99.3,0.7,39.27,81.85,98.64,89.63,67.52,2677,719,33,229
421580,SÃO BENTO DO SUL,42,0.782,0.719,0.763,0.871,923.29,0.49,2.97,5.94,2.42,10.39,97.82,2.18,16.52,98.79,99.95,99.9,75.32,74801,71234,1053,5649
421590,SÃO BONIFÁCIO,42,0.731,0.622,0.729,0.86,745.72,0.47,7.34,13.83,3.71,9.14,98.77,1.23,29.42,69.51,100.0,100.0,66.84,3008,685,48,192
421600,SÃO CARLOS,42,0.769,0.688,0.763,0.867,924.02,0.46,2.92,6.46,4.71,10.69,98.91,1.09,28.61,93.09,99.52,98.44,70.16,10291,6902,119,631
421605,SÃO CRISTOVÃO DO SUL,42,0.665,0.543,0.667,0.812,507.73,0.44,10.38,18.33,12.62,8.82,97.26,2.74,50.2,96.41,99.64,98.66,63.0,5012,3800,72,407
421610,SÃO DOMINGOS,42,0.765,0.675,0.769,0.861,956.19,0.58,5.48,11.98,9.27,11.44,98.23,1.77,29.43,90.96,99.81,92.32,84.09,9491,6313,153,697
421620,SÃO FRANCISCO DO SUL,42,0.762,0.699,0.74,0.856,801.49,0.45,5.63,10.99,3.64,10.43,98.49,1.51,16.32,96.74,99.22,99.09,73.77,42520,39490,632,3527
421625,SÃO JOÃO DO OESTE,42,0.761,0.668,0.756,0.873,881.09,0.4,1.4,2.48,1.05,12.2,100.0,0.0,21.19,91.84,100.0,98.43,89.24,6036,2119,67,338
421630,SÃO JOÃO BATISTA,42,0.74,0.634,0.739,0.865,794.12,0.33,1.13,2.59,3.41,9.5,94.89,5.11,23.07,92.86,100.0,99.28,70.5,26260,23551,383,2013
421635,SÃO JOÃO DO ITAPERIÚ,42,0.738,0.645,0.714,0.873,680.25,0.34,1.63,4.18,6.57,9.84,98.64,1.36,25.03,96.75,99.79,98.9,73.71,3435,1925,62,294
421640,SÃO JOÃO DO SUL,42,0.695,0.587,0.682,0.84,558.4,0.42,9.05,17.76,7.66,10.61,98.33,1.67,32.07,79.4,100.0,100.0,77.82,7002,1572,104,522
421650,SÃO JOAQUIM,42,0.687,0.562,0.705,0.817,641.75,0.48,7.66,14.92,5.84,8.74,95.72,4.28,33.6,92.58,99.73,100.0,64.71,24812,17573,370,1849
421660,SÃO JOSÉ,42,0.809,0.752,0.799,0.88,1157.43,0.44,1.36,2.99,2.62,10.52,97.54,2.46,14.84,97.85,99.97,99.81,75.63,209804,207312,2547,13705
421670,SÃO JOSÉ DO CEDRO,42,0.731,0.625,0.753,0.83,866.73,0.48,6.71,12.95,6.0,10.07,98.92,1.08,37.07,97.42,99.49,92.87,69.79,13684,8447,165,956
421680,SÃO JOSÉ DO CERRITO,42,0.636,0.503,0.618,0.827,375.44,0.46,24.69,40.26,12.92,9.12,96.78,3.22,50.75,68.53,99.56,98.32,68.02,9273,2492,157,748
421690,SÃO LOURENÇO DO OESTE,42,0.749,0.695,0.748,0.807,841.27,0.46,3.83,7.49,6.7,9.79,99.03,0.97,30.99,94.35,99.79,95.62,70.62,21792,16880,326,1667
421700,SÃO LUDGERO,42,0.755,0.683,0.756,0.834,884.18,0.44,2.28,4.68,3.8,9.56,99.07,0.93,20.42,85.42,100.0,94.58,68.85,10993,9863,141,743
421710,SÃO MARTINHO,42,0.742,0.654,0.754,0.83,870.77,0.38,1.77,4.28,4.27,10.48,96.74,3.26,22.31,76.73,100.0,100.0,86.97,3209,1231,33,185
421715,SÃO MIGUEL DA BOA VISTA,42,0.71,0.615,0.733,0.795,767.85,0.5,9.06,19.18,11.08,12.26,98.64,1.36,34.33,97.11,99.1,96.55,91.22,1904,439,35,149
421720,SÃO MIGUEL DO OESTE,42,0.801,0.739,0.787,0.884,1072.6,0.5,3.27,8.31,4.64,10.54,97.7,2.3,18.23,91.87,99.85,99.17,78.26,36306,32065,427,2344
421725,SÃO PEDRO DE ALCÂNTARA,42,0.734,0.618,0.757,0.846,887.7,0.41,2.65,6.34,5.79,11.02,98.49,1.51,19.14,83.54,100.0,97.83,78.77,4704,3729,26,199
421730,SAUDADES,42,0.755,0.7,0.723,0.85,719.94,0.33,1.98,5.65,4.42,11.66,99.41,0.59,19.32,87.78,100.0,98.82,82.3,9016,5123,118,604
421740,SCHROEDER,42,0.769,0.71,0.75,0.855,852.5,0.34,1.2,2.88,2.05,10.27,98.16,1.84,15.46,92.45,99.92,99.02,79.08,15316,13703,231,1153
421750,SEARA,42,0.779,0.674,0.804,0.872,1188.18,0.51,1.47,3.49,5.2,10.87,98.58,1.42,21.26,88.3,99.85,99.56,78.82,16936,11586,190,1116
421755,SERRA ALTA,42,0.773,0.694,0.758,0.879,893.35,0.41,1.39,3.86,6.14,11.69,100.0,0.0,28.8,95.42,99.75,97.03,84.74,3285,1835,37,212
421760,SIDERÓPOLIS,42,0.774,0.701,0.751,0.88,855.02,0.4,2.53,4.72,4.34,11.21,99.37,0.63,17.35,85.61,99.83,99.56,81.15,12998,10051,170,932
421770,SOMBRIO,42,0.728,0.617,0.729,0.858,746.69,0.4,2.09,4.35,5.39,9.83,97.58,2.42,30.88,96.43,100.0,99.77,76.85,26613,19638,386,2045
421775,SUL BRASIL,42,0.707,0.595,0.713,0.832,674.87,0.45,7.14,8.99,13.49,11.96,99.4,0.6,33.49,94.36,100.0,94.79,91.07,2766,1011,51,230
421780,TAIÓ,42,0.761,0.67,0.749,0.879,848.34,0.43,1.81,3.53,4.47,11.12,97.39,2.61,22.13,88.96,99.8,99.62,80.35,17260,9964,253,1294
421790,TANGARÁ,42,0.737,0.617,0.748,0.867,840.87,0.46,4.19,8.43,6.58,11.19,98.42,1.58,32.89,89.86,99.66,96.04,76.18,8674,4984,116,599
421795,TIGRINHOS,42,0.717,0.633,0.688,0.846,579.87,0.41,11.25,20.54,10.26,12.04,100.0,0.0,31.95,98.28,98.98,100.0,87.9,1757,343,17,130
421800,TIJUCAS,42,0.76,0.672,0.747,0.873,835.48,0.41,3.81,7.3,5.85,9.73,96.46,3.54,28.37,96.82,99.67,100.0,71.23,30960,26002,422,2320
421810,TIMBÉ DO SUL,42,0.72,0.606,0.721,0.856,709.63,0.47,4.21,7.89,8.22,10.83,98.31,1.69,34.03,74.91,100.0,100.0,83.06,5308,1845,69,337
421820,TIMBÓ,42,0.784,0.697,0.807,0.856,1214.03,0.47,0.38,0.84,1.82,9.19,98.22,1.78,17.61,98.94,100.0,99.8,69.3,36774,34296,470,2315
421825,TIMBÓ GRANDE,42,0.659,0.565,0.634,0.798,412.31,0.47,17.76,27.14,9.6,10.49,95.25,4.75,35.5,92.86,96.85,97.16,79.77,7167,4083,143,767
421830,TRÊS BARRAS,42,0.706,0.639,0.677,0.814,539.69,0.47,12.49,20.9,6.5,9.23,96.25,3.75,31.08,95.87,99.27,99.35,66.69,18129,15365,329,1768
421835,TREVISO,42,0.774,0.714,0.737,0.882,784.39,0.34,0.71,1.64,2.27,11.25,99.78,0.22,21.64,95.43,100.0,99.12,87.01,3527,1833,37,218
421840,TREZE DE MAIO,42,0.729,0.602,0.729,0.881,746.89,0.36,0.7,1.76,5.78,9.6,97.13,2.87,32.24,76.82,100.0,92.57,70.01,6876,3401,70,414
421850,TREZE TÍLIAS,42,0.795,0.685,0.838,0.874,1471.95,0.62,3.36,7.4,4.48,10.44,97.67,2.33,26.23,89.64,100.0,99.45,73.42,6341,4715,95,487
421860,TROMBUDO CENTRAL,42,0.775,0.696,0.76,0.88,905.3,0.44,1.88,5.34,4.33,10.05,99.64,0.36,23.84,91.75,100.0,99.53,75.9,6553,4101,89,490
421870,TUBARÃO,42,0.796,0.74,0.788,0.866,1077.62,0.47,1.71,3.46,3.33,10.72,98.81,1.19,14.75,93.21,99.83,99.85,75.34,97235,88094,1085,5824
421875,TUNÁPOLIS,42,0.752,0.704,0.728,0.83,742.67,0.41,5.14,10.98,3.89,11.49,99.4,0.6,27.3,95.85,99.68,100.0,87.82,4633,1418,54,318
421880,TURVO,42,0.74,0.631,0.742,0.867,810.85,0.4,1.04,1.87,4.7,10.08,98.46,1.54,27.95,79.46,100.0,97.85,77.0,11854,7915,149,785
421885,UNIÃO DO OESTE,42,0.705,0.606,0.703,0.823,634.81,0.37,4.58,7.43,9.81,11.13,100.0,0.0,25.34,87.3,98.71,98.73,78.89,2910,1107,38,176
421890,URUBICI,42,0.694,0.562,0.722,0.823,713.25,0.52,8.29,18.04,6.56,9.73,96.71,3.29,37.59,82.85,99.83,99.6,69.48,10699,7066,165,899
421895,URUPEMA,42,0.699,0.622,0.667,0.823,508.79,0.42,10.58,20.3,6.97,10.84,99.59,0.41,44.46,78.44,99.53,99.84,69.73,2482,1232,47,220
421900,URUSSANGA,42,0.772,0.695,0.756,0.876,883.42,0.4,2.46,5.48,3.24,10.28,97.65,2.35,20.89,91.52,100.0,99.69,77.3,20223,11405,223,1177
421910,VARGEÃO,42,0.686,0.551,0.708,0.827,655.53,0.45,7.44,11.55,8.49,7.91,94.04,5.96,40.45,77.39,98.67,100.0,60.39,3532,1820,59,274
421915,VARGEM,42,0.629,0.495,0.636,0.79,419.74,0.5,24.28,41.91,13.86,7.93,98.91,1.09,54.65,81.13,99.25,99.22,53.25,2808,896,38,249
421917,VARGEM BONITA,42,0.718,0.656,0.705,0.801,642.6,0.43,7.79,13.7,6.93,10.3,99.33,0.67,27.61,84.68,99.66,96.27,74.9,4793,2677,68,438
421920,VIDAL RAMOS,42,0.7,0.588,0.728,0.802,744.1,0.41,5.06,9.56,8.48,10.21,99.29,0.71,41.76,80.85,100.0,99.61,72.06,6290,1792,99,532
421930,VIDEIRA,42,0.764,0.675,0.772,0.857,978.07,0.47,1.76,3.85,3.55,10.49,96.88,3.12,20.8,95.51,99.92,99.83,74.53,47188,42856,622,3497
421935,VITOR MEIRELES,42,0.673,0.522,0.694,0.841,599.02,0.52,15.84,23.99,7.91,9.96,96.81,3.19,38.99,91.04,99.85,93.64,73.61,5207,1445,96,481
421940,WITMARSUM,42,0.71,0.557,0.739,0.87,796.45,0.43,6.07,12.95,4.85,7.35,98.09,1.91,43.46,89.08,100.0,99.02,52.49,3600,845,40,265
421950,XANXERÊ,42,0.775,0.711,0.76,0.861,906.11,0.48,5.55,10.2,5.62,10.02,98.65,1.35,21.49,68.94,99.17,98.54,71.77,44128,39143,613,3246
421960,XAVANTINA,42,0.749,0.632,0.772,0.861,973.81,0.47,3.42,6.34,6.47,10.48,99.45,0.55,29.63,86.94,99.63,100.0,77.87,4142,1118,48,256
421970,XAXIM,42,0.752,0.662,0.737,0.871,783.29,0.43,3.48,7.36,5.7,10.5,96.4,3.6,33.32,94.32,99.44,98.31,77.74,25713,20967,340,1878
421985,ZORTÉA,42,0.761,0.661,0.752,0.885,861.63,0.42,3.15,8.02,7.17,10.68,98.84,1.16,21.67,96.08,99.91,99.58,77.28,2991,2336,47,257
430003,ACEGUÁ,43,0.687,0.541,0.703,0.852,633.63,0.53,13.65,24.31,6.4,9.88,93.85,6.15,44.21,63.06,99.04,100.0,77.43,4394,1059,65,374
430005,ÁGUA SANTA,43,0.75,0.59,0.84,0.85,1491.17,0.68,6.62,13.63,5.42,10.51,98.39,1.61,27.89,74.76,100.0,99.37,72.14,3722,1447,48,249
430010,AGUDO,43,0.694,0.524,0.752,0.847,861.06,0.52,8.71,16.02,6.78,7.95,96.54,3.46,40.81,88.17,99.59,98.77,53.04,16722,6889,190,1099
430020,AJURICABA,43,0.753,0.658,0.763,0.85,925.7,0.47,3.62,5.88,5.14,11.1,98.59,1.41,27.1,93.24,99.77,97.76,83.18,7255,4108,74,431
430030,ALECRIM,43,0.672,0.522,0.683,0.852,561.62,0.49,16.76,35.41,7.86,11.36,97.09,2.91,37.43,94.42,98.71,100.0,80.51,7045,2165,69,417
430040,ALEGRETE,43,0.74,0.664,0.72,0.849,705.29,0.52,9.47,18.69,5.92,10.98,98.87,1.13,22.17,96.94,99.19,99.46,72.7,77653,69594,938,5441
430045,ALEGRIA,43,0.695,0.572,0.717,0.818,692.76,0.53,12.57,26.95,10.02,11.4,98.89,1.11,38.65,88.46,99.62,99.64,81.16,4301,1585,54,265
430047,ALMIRANTE TAMANDARÉ DO SUL,43,0.74,0.669,0.732,0.828,760.16,0.44,7.16,16.63,4.27,10.22,100.0,0.0,20.6,76.79,100.0,100.0,70.42,2067,839,12,106
430050,ALPESTRE,43,0.671,0.543,0.7,0.795,625.11,0.49,12.75,25.16,12.73,10.27,98.1,1.9,37.95,89.77,99.32,89.7,75.59,8027,2211,115,528
430055,ALTO ALEGRE,43,0.747,0.642,0.756,0.859,880.85,0.48,6.55,14.91,7.36,10.36,97.91,2.09,23.07,89.89,99.89,92.71,79.08,1848,743,17,90
430057,ALTO FELIZ,43,0.734,0.603,0.74,0.886,802.2,0.29,1.53,2.51,2.69,9.73,98.28,1.72,23.39,93.19,100.0,100.0,76.53,2917,816,32,158
430060,ALVORADA,43,0.699,0.564,0.694,0.874,600.48,0.43,7.32,14.14,3.93,9.03,95.31,4.69,25.59,98.9,99.85,99.34,59.01,195673,195673,3238,17662
430063,AMARAL FERRADOR,43,0.624,0.457,0.664,0.802,499.77,0.44,16.6,28.98,12.05,9.7,98.31,1.69,49.19,92.22,97.82,98.81,67.22,6353,1866,113,510
430064,AMETISTA DO SUL,43,0.682,0.562,0.697,0.809,611.2,0.58,16.67,22.94,11.41,10.17,100.0,0.0,44.98,88.67,99.7,95.92,73.06,7323,3811,117,637
430066,ANDRÉ DA ROCHA,43,0.72,0.605,0.738,0.837,792.19,0.5,6.76,12.45,6.67,10.38,100.0,0.0,45.88,95.53,99.84,100.0,65.7,1216,496,16,79
430070,ANTA GORDA,43,0.74,0.63,0.742,0.868,810.41,0.34,1.87,4.92,5.62,10.37,97.81,2.19,33.03,95.54,100.0,99.63,74.77,6073,2331,65,324
430080,ANTÔNIO PRADO,43,0.758,0.671,0.777,0.835,1004.85,0.41,1.14,2.85,4.82,10.56,98.59,1.41,16.52,95.23,100.0,99.58,78.49,12833,9235,142,731
430085,ARAMBARÉ,43,0.691,0.57,0.694,0.833,599.72,0.48,11.37,23.11,7.38,9.96,97.26,2.74,32.93,99.17,99.84,99.84,65.61,3693,2913,49,303
430087,ARARICÁ,43,0.679,0.547,0.696,0.824,609.69,0.35,1.81,2.81,4.94,9.18,97.22,2.78,46.03,86.14,99.47,100.0,62.56,4864,3996,80,384
430090,ARATIBA,43,0.772,0.67,0.801,0.856,1171.7,0.54,2.62,6.4,4.38,10.73,98.77,1.23,30.85,80.68,100.0,97.58,78.73,6565,3316,63,363
430100,ARROIO DO MEIO,43,0.769,0.706,0.75,0.86,850.06,0.36,1.09,3.17,1.88,9.87,99.79,0.21,26.52,97.4,99.97,99.58,71.16,18783,14663,213,1101
430105,ARROIO DO SAL,43,0.74,0.649,0.74,0.844,800.4,0.47,6.46,13.81,3.88,9.68,98.54,1.46,27.62,98.11,99.63,99.15,68.73,7740,7509,99,587
430107,ARROIO DO PADRE,43,0.669,0.461,0.756,0.86,883.18,0.53,7.17,15.07,4.6,8.86,97.4,2.6,50.08,79.1,100.0,90.17,61.88,2730,454,33,169
430110,ARROIO DOS RATOS,43,0.698,0.583,0.7,0.833,623.54,0.46,8.29,16.88,7.11,10.06,97.57,2.43,33.55,98.76,99.52,98.98,69.29,13606,12956,162,1013
430120,ARROIO DO TIGRE,43,0.707,0.589,0.708,0.848,654.51,0.47,10.63,19.98,7.07,10.38,98.25,1.75,37.88,84.79,99.26,93.11,77.0,12648,5962,182,879
430130,ARROIO GRANDE,43,0.657,0.522,0.673,0.807,528.13,0.5,14.55,27.5,8.15,10.22,98.72,1.28,41.39,96.95,99.75,99.45,71.22,18470,16085,245,1457
430140,ARVOREZINHA,43,0.694,0.575,0.713,0.817,675.18,0.41,7.09,14.33,8.27,9.58,97.23,2.77,40.14,94.24,100.0,96.8,68.08,10225,6273,119,665
430150,AUGUSTO PESTANA,43,0.743,0.621,0.779,0.847,1016.34,0.49,3.74,9.54,4.03,11.37,99.76,0.24,30.1,89.94,99.88,99.43,76.26,7096,3657,67,346
430155,ÁUREA,43,0.707,0.588,0.715,0.841,686.1,0.42,6.03,10.85,5.44,9.06,99.19,0.81,43.29,76.77,100.0,100.0,66.96,3665,1537,48,235
430160,BAGÉ,43,0.74,0.647,0.739,0.848,795.56,0.56,8.96,17.54,4.93,10.34,97.56,2.44,23.85,99.23,99.66,99.67,70.38,116794,97765,1739,8878
430163,BALNEÁRIO PINHAL,43,0.696,0.567,0.71,0.836,662.85,0.5,12.02,23.48,5.19,9.63,97.94,2.06,34.18,97.65,99.25,100.0,66.19,10856,10743,173,928
430165,BARÃO,43,0.748,0.652,0.767,0.836,947.28,0.4,1.14,2.41,3.06,10.36,98.68,1.32,26.17,93.35,99.94,99.79,75.49,5741,2970,60,356
430170,BARÃO DE COTEGIPE,43,0.719,0.593,0.745,0.842,823.2,0.42,5.2,12.58,3.83,10.57,97.91,2.09,39.54,93.51,99.41,95.87,69.07,6529,3966,71,414
430175,BARÃO DO TRIUNFO,43,0.61,0.428,0.645,0.821,441.81,0.53,24.69,38.19,9.75,9.68,97.97,2.03,66.55,70.01,99.37,98.72,63.58,7018,697,105,579
430180,BARRACÃO,43,0.71,0.568,0.711,0.885,667.95,0.57,14.55,22.66,8.72,10.75,97.76,2.24,37.39,86.33,99.78,96.65,73.34,5357,3037,67,372
430185,BARRA DO GUARITA,43,0.734,0.672,0.696,0.845,609.31,0.48,8.06,11.94,9.92,10.54,97.87,2.13,22.49,93.82,99.64,98.91,79.08,3089,1371,47,231
430187,BARRA DO QUARAÍ,43,0.662,0.548,0.659,0.802,483.29,0.48,18.35,26.73,7.4,10.57,97.72,2.28,30.25,92.66,98.97,99.14,68.99,4012,2840,79,349
430190,BARRA DO RIBEIRO,43,0.67,0.529,0.691,0.822,589.16,0.48,11.24,23.62,7.03,9.94,94.18,5.82,37.28,95.8,98.6,99.28,65.9,12572,9291,181,977
430192,BARRA DO RIO AZUL,43,0.723,0.638,0.703,0.842,634.55,0.4,5.94,5.2,7.96,11.55,99.16,0.84,32.11,49.35,100.0,100.0,88.97,2003,403,19,117
430195,BARRA FUNDA,43,0.763,0.71,0.731,0.856,757.01,0.39,2.71,6.13,5.17,11.17,100.0,0.0,21.31,83.43,100.0,98.73,82.19,2367,1522,17,125
430200,BARROS CASSAL,43,0.65,0.5,0.69,0.795,587.45,0.51,14.82,24.87,15.14,9.39,96.5,3.5,51.68,83.23,98.89,98.68,70.5,11133,3531,183,952
430205,BENJAMIN CONSTANT DO SUL,43,0.619,0.492,0.601,0.801,336.44,0.48,31.18,45.89,13.81,8.85,98.04,1.96,31.73,92.43,98.65,100.0,54.78,2307,341,47,246
430210,BENTO GONÇALVES,43,0.778,0.695,0.805,0.842,1196.56,0.44,1.31,2.65,2.23,10.02,96.62,3.38,22.03,97.34,99.91,99.88,72.57,107278,99069,1213,6358
430215,BOA VISTA DAS MISSÕES,43,0.676,0.561,0.666,0.825,505.89,0.44,12.93,23.45,9.0,9.9,98.45,1.55,40.87,99.43,99.82,96.53,65.88,2114,886,33,161
430220,BOA VISTA DO BURICÁ,43,0.762,0.697,0.761,0.834,909.95,0.43,2.58,6.62,1.88,11.23,99.65,0.35,19.77,99.28,99.57,99.72,82.52,6574,4366,88,400
430222,BOA VISTA DO CADEADO,43,0.703,0.59,0.692,0.851,594.94,0.4,7.96,14.17,5.57,9.01,100.0,0.0,31.52,74.69,99.57,89.07,59.27,2441,472,34,146
430223,BOA VISTA DO INCRA,43,0.731,0.641,0.703,0.867,633.52,0.45,8.62,16.95,5.01,8.87,99.1,0.9,22.13,93.69,99.86,99.64,52.86,2425,724,20,166
430225,BOA VISTA DO SUL,43,0.728,0.587,0.77,0.852,964.35,0.45,1.66,1.76,7.36,11.01,99.1,0.9,39.59,93.44,100.0,93.08,84.22,2776,391,26,137
430230,BOM JESUS,43,0.666,0.51,0.697,0.832,611.26,0.52,11.04,19.86,7.91,8.63,94.98,5.02,40.04,86.91,99.25,99.04,58.99,11519,8593,171,943
430235,BOM PRINCÍPIO,43,0.746,0.661,0.751,0.836,855.42,0.37,0.62,1.27,1.72,9.71,97.96,2.04,25.53,97.74,100.0,99.0,75.21,11789,9198,133,756
430237,BOM PROGRESSO,43,0.723,0.643,0.7,0.84,623.82,0.52,14.03,25.82,10.21,10.98,99.23,0.77,29.77,78.9,99.72,99.43,78.66,2328,1146,27,158
430240,BOM RETIRO DO SUL,43,0.739,0.649,0.725,0.857,728.62,0.38,3.27,7.28,3.42,9.83,99.44,0.56,22.11,94.45,100.0,99.95,72.58,11472,9162,151,785
430245,BOQUEIRÃO DO LEÃO,43,0.7,0.562,0.725,0.843,726.61,0.47,9.88,17.65,10.77,10.11,98.56,1.44,42.0,92.7,99.73,99.71,76.16,7673,1672,109,601
430250,BOSSOROCA,43,0.692,0.608,0.665,0.821,502.18,0.49,15.71,28.73,7.96,9.98,96.88,3.12,35.1,90.34,99.24,95.8,66.05,6884,3682,86,526
430258,BOZANO,43,0.745,0.628,0.773,0.853,982.06,0.42,3.63,6.42,5.16,10.93,100.0,0.0,26.04,92.31,99.95,98.01,76.99,2200,629,31,134
430260,BRAGA,43,0.674,0.563,0.656,0.83,475.39,0.47,22.26,41.07,13.78,10.54,92.94,7.06,40.67,88.52,99.62,97.9,75.68,3702,2282,49,313
430265,BROCHIER,43,0.699,0.554,0.723,0.851,720.21,0.36,1.28,2.73,3.33,10.54,98.09,1.91,39.53,99.1,99.61,98.48,77.32,4675,2296,52,271
430270,BUTIÁ,43,0.689,0.558,0.691,0.848,590.45,0.47,9.74,17.21,8.46,9.43,96.43,3.57,42.3,99.05,99.41,99.69,61.12,20406,19330,329,1617
430280,CAÇAPAVA DO SUL,43,0.704,0.585,0.699,0.855,618.98,0.48,10.41,20.2,8.24,9.77,98.97,1.03,32.64,91.42,99.76,99.11,64.1,33690,25410,442,2307
430290,CACEQUI,43,0.7,0.626,0.68,0.807,550.88,0.52,12.69,22.03,7.51,10.99,96.46,3.54,27.43,95.79,98.98,88.21,73.26,13676,11952,174,1029
430300,CACHOEIRA DO SUL,43,0.742,0.648,0.739,0.854,793.67,0.54,9.04,20.07,7.49,10.14,98.68,1.32,29.41,96.6,99.75,99.11,67.57,83827,71700,1141,5904
430310,CACHOEIRINHA,43,0.757,0.675,0.749,0.857,844.04,0.44,3.91,7.73,2.94,10.05,95.99,4.01,15.77,99.21,99.53,99.35,69.65,118278,118278,1618,8927
430320,CACIQUE DOBLE,43,0.662,0.528,0.677,0.81,539.67,0.51,21.52,40.29,10.13,10.7,99.03,0.97,44.46,84.93,95.05,99.11,72.91,4868,1628,62,373
430330,CAIBATÉ,43,0.719,0.611,0.709,0.857,659.58,0.48,9.97,18.78,6.95,10.54,98.12,1.88,31.62,99.42,99.79,99.69,67.67,4954,2745,49,312
430340,CAIÇARA,43,0.699,0.58,0.721,0.817,712.77,0.47,8.7,17.6,7.59,11.02,97.08,2.92,35.58,91.43,99.64,92.1,79.64,5071,1594,64,352
430350,CAMAQUÃ,43,0.697,0.578,0.715,0.819,686.36,0.48,9.19,18.76,7.05,10.19,96.73,3.27,34.55,95.09,99.62,99.02,74.12,62764,49356,855,4571
430355,CAMARGO,43,0.736,0.612,0.762,0.854,916.32,0.39,0.8,2.18,8.57,10.06,98.09,1.91,36.65,97.49,99.87,100.0,68.97,2592,1095,32,170
430360,CAMBARÁ DO SUL,43,0.697,0.574,0.705,0.838,643.45,0.45,4.94,8.65,6.89,10.07,96.38,3.62,26.59,73.95,99.18,99.16,73.95,6542,3041,111,563
430367,CAMPESTRE DA SERRA,43,0.706,0.557,0.713,0.886,675.91,0.31,2.27,4.53,6.42,10.43,100.0,0.0,40.63,88.56,99.74,96.89,74.58,3247,1231,34,227
430370,CAMPINA DAS MISSÕES,43,0.738,0.677,0.698,0.849,615.85,0.41,8.31,16.0,4.06,11.47,98.55,1.45,22.07,99.61,99.86,100.0,85.86,6117,2188,58,319
430380,CAMPINAS DO SUL,43,0.76,0.691,0.753,0.842,869.1,0.46,3.53,8.6,4.72,10.48,99.4,0.6,29.34,97.66,100.0,99.32,74.2,5506,4217,74,322
430390,CAMPO BOM,43,0.745,0.643,0.755,0.852,879.65,0.43,2.23,5.28,3.18,9.57,98.95,1.05,28.36,99.23,99.82,100.0,72.6,60074,57338,749,4284
430400,CAMPO NOVO,43,0.703,0.593,0.677,0.866,539.04,0.48,13.56,20.92,13.04,8.88,98.59,1.41,35.93,96.69,99.48,98.36,56.45,5459,4109,82,402
430410,CAMPOS BORGES,43,0.708,0.616,0.704,0.819,637.46,0.46,8.0,15.82,9.44,11.07,97.3,2.7,33.79,62.6,99.82,98.2,79.75,3494,2006,37,203
430420,CANDELÁRIA,43,0.674,0.521,0.699,0.842,620.92,0.46,11.01,20.66,9.5,9.93,97.88,2.12,39.31,89.19,99.78,98.68,69.75,30171,15715,384,2155
430430,CÂNDIDO GODÓI,43,0.728,0.627,0.72,0.853,706.19,0.45,5.32,10.53,3.38,11.38,99.19,0.81,33.52,98.33,99.77,100.0,83.63,6535,1846,62,340
430435,CANDIOTA,43,0.698,0.562,0.704,0.86,638.77,0.51,14.37,25.02,5.48,8.46,94.87,5.13,36.68,89.25,99.41,99.59,56.72,8771,2598,131,788
430440,CANELA,43,0.748,0.667,0.738,0.849,787.78,0.48,5.48,11.86,4.2,9.95,97.15,2.85,32.61,98.07,99.77,99.81,76.03,39229,35831,603,3317
430450,CANGUÇU,43,0.65,0.491,0.683,0.819,562.54,0.49,18.19,29.62,9.17,9.45,96.89,3.11,42.43,85.13,99.44,99.45,66.9,53259,19694,748,3948
430460,CANOAS,43,0.75,0.636,0.768,0.864,952.13,0.51,4.4,9.67,2.61,9.89,95.88,4.12,22.7,98.8,99.93,99.12,65.94,323827,323827,4564,24793
430461,CANUDOS DO VALE,43,0.713,0.574,0.751,0.84,854.58,0.49,9.47,19.41,10.66,11.08,98.99,1.01,40.92,94.5,99.87,97.91,83.65,1807,411,20,100
430462,CAPÃO BONITO DO SUL,43,0.637,0.507,0.654,0.779,468.49,0.52,21.56,35.96,10.12,10.34,98.75,1.25,37.77,64.76,99.2,98.91,66.97,1754,499,28,132
430463,CAPÃO DA CANOA,43,0.743,0.637,0.756,0.852,884.47,0.51,6.25,12.01,3.74,8.75,95.16,4.84,27.26,97.7,99.72,99.52,61.33,42040,41787,658,3579
430465,CAPÃO DO CIPÓ,43,0.672,0.552,0.639,0.86,426.09,0.51,21.85,29.55,6.42,9.76,98.91,1.09,34.23,93.68,99.73,95.13,69.19,3104,519,44,244
430466,CAPÃO DO LEÃO,43,0.637,0.48,0.662,0.814,493.36,0.43,11.03,20.06,7.37,9.6,95.31,4.69,40.82,96.59,99.9,99.25,64.31,24298,22382,366,2057
430467,CAPIVARI DO SUL,43,0.766,0.668,0.805,0.836,1196.47,0.68,6.19,12.42,7.9,8.49,96.37,3.63,23.17,98.43,99.68,99.77,64.15,3890,3230,46,301
430468,CAPELA DE SANTANA,43,0.661,0.525,0.675,0.816,533.88,0.39,7.42,15.07,5.77,9.42,98.26,1.74,49.89,93.86,100.0,99.67,67.04,11612,6915,178,991
430469,CAPITÃO,43,0.746,0.661,0.747,0.842,835.57,0.38,0.87,1.68,5.32,10.86,98.07,1.93,24.31,97.54,100.0,94.06,85.26,2636,1147,29,166
430470,CARAZINHO,43,0.766,0.707,0.756,0.84,881.73,0.51,5.82,12.74,4.1,10.45,97.96,2.04,18.6,97.65,99.76,98.61,71.92,59317,58253,806,4250
430471,CARAÁ,43,0.652,0.505,0.661,0.83,490.65,0.39,9.24,18.33,11.98,9.31,96.22,3.78,40.21,89.37,98.97,99.69,72.95,7312,1058,89,509
430480,CARLOS BARBOSA,43,0.796,0.724,0.835,0.835,1446.56,0.51,0.19,0.55,2.54,10.97,98.74,1.26,13.71,95.65,100.0,99.62,78.72,25192,19992,246,1395
430485,CARLOS GOMES,43,0.739,0.622,0.732,0.886,761.35,0.43,3.7,8.76,4.74,10.37,98.21,1.79,40.45,85.34,100.0,98.13,82.55,1607,378,25,104
430490,CASCA,43,0.785,0.733,0.778,0.847,1011.38,0.41,2.02,5.86,3.88,11.57,99.04,0.96,25.32,94.56,99.93,99.03,80.52,8651,5090,84,485
430495,CASEIROS,43,0.703,0.6,0.696,0.833,606.99,0.47,11.95,22.67,10.19,11.65,94.7,5.3,42.35,90.71,99.91,100.0,84.5,3007,1488,39,221
430500,CATUÍPE,43,0.739,0.627,0.763,0.842,920.96,0.56,6.14,13.65,6.07,10.34,99.59,0.41,30.6,96.44,99.2,97.39,76.81,9323,5998,113,557
430510,CAXIAS DO SUL,43,0.782,0.686,0.812,0.86,1253.93,0.48,1.72,3.85,2.34,10.05,96.32,3.68,18.25,98.34,99.97,99.62,73.18,435564,419406,5564,28740
430511,CENTENÁRIO,43,0.701,0.569,0.707,0.856,651.77,0.46,8.5,15.52,4.08,11.01,99.24,0.76,41.22,93.8,100.0,95.21,80.9,2965,949,36,168
430512,CERRITO,43,0.649,0.504,0.657,0.824,476.66,0.48,20.28,38.24,12.08,10.58,97.41,2.59,42.99,92.49,99.6,93.77,69.53,6402,3747,83,449
430513,CERRO BRANCO,43,0.661,0.527,0.671,0.816,519.95,0.41,11.66,26.0,13.08,10.33,98.62,1.38,47.95,91.89,98.62,100.0,65.32,4454,1274,56,298
430515,CERRO GRANDE,43,0.674,0.563,0.676,0.803,538.45,0.49,14.25,23.79,14.04,10.73,97.7,2.3,48.32,97.97,99.4,97.88,73.23,2417,830,37,178
430517,CERRO GRANDE DO SUL,43,0.66,0.499,0.673,0.855,527.88,0.5,17.24,30.02,9.85,9.77,94.93,5.07,51.32,74.92,99.59,98.85,65.47,10268,2484,202,885
430520,CERRO LARGO,43,0.764,0.698,0.752,0.849,862.05,0.47,2.85,5.72,4.43,10.95,98.26,1.74,24.1,97.72,99.16,98.64,74.2,13289,10571,152,812
430530,CHAPADA,43,0.757,0.679,0.752,0.849,860.15,0.46,3.47,6.9,4.28,9.6,98.96,1.04,29.55,97.96,99.95,98.84,68.84,9377,5573,101,495
430535,CHARQUEADAS,43,0.747,0.659,0.726,0.87,734.59,0.43,4.56,9.53,4.63,10.39,99.52,0.48,21.68,95.12,99.97,99.72,69.0,35320,34490,384,2257
430537,CHARRUA,43,0.62,0.385,0.699,0.885,618.89,0.51,20.85,38.16,13.09,8.41,89.68,10.32,57.47,61.36,95.6,99.4,55.57,3471,584,68,352
430540,CHIAPETTA,43,0.732,0.657,0.702,0.85,632.18,0.49,13.15,23.91,6.26,11.3,97.44,2.56,18.77,99.41,99.71,99.62,73.48,4044,2470,49,285
430543,CHUÍ,43,0.706,0.658,0.676,0.792,535.86,0.48,14.5,28.35,1.88,9.69,97.69,2.31,17.91,98.72,99.07,98.96,75.09,5917,5697,107,538
430544,CHUVISCA,43,0.616,0.437,0.655,0.818,471.66,0.46,20.13,32.64,9.74,10.59,96.95,3.05,65.31,82.93,99.75,97.11,75.26,4944,273,90,422
430545,CIDREIRA,43,0.729,0.625,0.73,0.848,750.55,0.49,7.42,14.83,3.66,9.08,99.13,0.87,32.29,98.98,99.48,99.72,59.91,12668,12260,179,1031
430550,CIRÍACO,43,0.719,0.6,0.724,0.855,725.12,0.45,6.08,12.53,7.12,10.17,95.3,4.7,28.42,81.49,100.0,99.48,78.0,4922,2494,72,318
430558,COLINAS,43,0.765,0.678,0.786,0.84,1066.39,0.47,2.2,6.12,2.93,10.41,99.12,0.88,23.13,92.81,100.0,100.0,77.19,2420,1105,24,116
430560,COLORADO,43,0.758,0.674,0.775,0.835,996.93,0.51,4.38,9.7,4.45,10.43,99.17,0.83,22.49,96.47,100.0,97.91,79.76,3550,1844,23,192
430570,CONDOR,43,0.747,0.666,0.735,0.852,777.62,0.49,7.68,13.64,5.4,10.4,98.3,1.7,28.15,93.87,99.93,99.82,72.18,6552,4034,108,474
430580,CONSTANTINA,43,0.754,0.668,0.726,0.885,732.39,0.45,10.09,22.22,8.26,10.23,96.1,3.9,34.76,89.78,99.83,95.46,80.53,9752,6510,147,673
430583,COQUEIRO BAIXO,43,0.692,0.532,0.703,0.886,634.31,0.41,9.34,14.26,7.06,11.16,100.0,0.0,39.59,97.38,100.0,100.0,72.13,1528,282,11,75
430585,COQUEIROS DO SUL,43,0.746,0.614,0.806,0.84,1208.56,0.53,4.11,9.88,5.09,11.19,98.69,1.31,24.11,88.64,100.0,97.84,71.72,2457,904,18,142
430587,CORONEL BARROS,43,0.744,0.61,0.793,0.852,1112.14,0.53,3.59,9.1,3.15,10.19,98.65,1.35,34.81,97.71,100.0,100.0,72.08,2459,1093,33,141
430590,CORONEL BICACO,43,0.665,0.55,0.667,0.803,509.04,0.51,19.56,32.83,11.28,10.65,97.27,2.73,46.13,81.84,98.6,95.44,71.56,7748,5068,119,639
430593,CORONEL PILAR,43,0.727,0.6,0.766,0.835,942.36,0.36,1.3,0.87,4.06,11.27,100.0,0.0,25.22,91.17,100.0,96.62,87.69,1725,174,15,90
430595,COTIPORÃ,43,0.741,0.636,0.767,0.835,943.48,0.39,0.37,0.0,4.52,11.18,99.4,0.6,29.34,80.42,100.0,98.63,79.96,3917,2048,39,205
430597,COXILHA,43,0.706,0.586,0.693,0.866,596.9,0.49,11.86,19.96,6.82,9.37,97.93,2.07,29.99,95.29,100.0,100.0,66.2,2826,1739,33,202
430600,CRISSIUMAL,43,0.712,0.616,0.702,0.835,630.54,0.41,7.24,14.54,4.79,10.72,98.79,1.21,37.01,96.16,99.32,98.56,77.35,14084,6124,182,925
430605,CRISTAL,43,0.644,0.471,0.687,0.826,575.45,0.45,11.74,25.58,9.49,9.33,97.96,2.04,50.32,90.58,97.9,99.06,63.74,7280,4077,104,564
430607,CRISTAL DO SUL,43,0.66,0.542,0.641,0.826,430.67,0.45,17.74,24.44,12.19,11.08,97.83,2.17,40.96,95.18,99.77,92.67,79.46,2826,931,32,224
430610,CRUZ ALTA,43,0.75,0.653,0.754,0.858,871.81,0.53,7.02,15.63,4.49,10.21,97.2,2.8,26.91,97.94,99.49,98.38,70.74,62821,60594,831,4579
430613,CRUZALTENSE,43,0.719,0.605,0.724,0.849,723.18,0.45,9.38,16.59,6.76,10.25,100.0,0.0,40.58,88.99,99.29,97.6,75.68,2141,489,26,131
430620,CRUZEIRO DO SUL,43,0.723,0.607,0.746,0.833,832.23,0.41,1.82,5.5,3.83,9.69,97.03,2.97,29.46,80.72,99.89,98.87,70.91,12320,7476,141,766
430630,DAVID CANABARRO,43,0.762,0.688,0.74,0.87,798.91,0.44,2.6,5.54,7.36,12.11,98.63,1.37,23.13,91.64,100.0,99.69,85.94,4683,1912,53,279
430632,DERRUBADAS,43,0.707,0.628,0.664,0.846,497.31,0.55,24.87,36.99,9.78,10.72,100.0,0.0,26.89,93.93,99.88,100.0,72.1,3190,901,42,251
430635,DEZESSEIS DE NOVEMBRO,43,0.654,0.553,0.625,0.809,391.3,0.48,27.9,44.39,12.29,10.5,98.81,1.19,34.04,99.5,98.99,99.18,64.23,2866,667,42,214
430637,DILERMANDO DE AGUIAR,43,0.648,0.463,0.681,0.864,553.74,0.58,22.19,36.91,13.65,9.14,94.08,5.92,48.87,84.23,98.44,100.0,60.71,3064,991,42,210
430640,DOIS IRMÃOS,43,0.743,0.633,0.763,0.848,921.37,0.38,0.52,1.14,2.04,9.57,98.48,1.52,20.78,99.28,100.0,99.78,66.98,27572,27276,349,1858
430642,DOIS IRMÃOS DAS MISSÕES,43,0.67,0.585,0.646,0.797,446.59,0.5,26.64,40.39,12.29,8.13,95.98,4.02,44.41,94.82,99.09,97.47,58.5,2157,1094,28,156
430645,DOIS LAJEADOS,43,0.757,0.67,0.775,0.837,992.68,0.34,0.31,1.28,5.11,10.37,99.02,0.98,20.81,79.34,99.85,100.0,75.33,3278,1564,30,163
430650,DOM FELICIANO,43,0.587,0.39,0.633,0.818,409.72,0.48,22.12,35.54,12.21,9.47,94.05,5.95,64.95,76.21,99.02,99.5,65.63,14380,3334,227,1203
430655,DOM PEDRO DE ALCÂNTARA,43,0.691,0.577,0.697,0.82,611.05,0.43,7.75,14.05,5.65,10.58,97.59,2.41,39.29,83.61,99.86,99.26,78.62,2550,741,33,151
430660,DOM PEDRITO,43,0.708,0.585,0.715,0.848,686.15,0.54,11.38,23.8,5.88,10.28,97.46,2.54,33.12,95.16,99.77,99.19,71.96,38898,35255,492,2895
430670,DONA FRANCISCA,43,0.697,0.568,0.718,0.831,698.57,0.46,8.83,18.4,7.19,8.87,97.63,2.37,33.62,76.86,99.75,97.41,44.75,3401,2146,31,205
430673,DOUTOR MAURÍCIO CARDOSO,43,0.706,0.593,0.707,0.84,652.63,0.47,10.68,20.17,6.29,11.4,97.3,2.7,35.81,94.07,99.81,98.66,80.75,5313,2619,56,298
430675,DOUTOR RICARDO,43,0.724,0.593,0.749,0.855,843.35,0.38,3.37,9.83,7.19,11.3,99.23,0.77,37.13,95.79,99.86,94.84,76.28,2030,693,24,116
430676,ELDORADO DO SUL,43,0.717,0.609,0.717,0.844,692.0,0.46,6.99,13.07,4.17,9.46,97.18,2.82,25.05,97.51,99.57,98.89,63.29,34343,30800,549,3003
430680,ENCANTADO,43,0.767,0.687,0.764,0.858,931.47,0.42,2.21,6.04,3.25,9.57,99.5,0.5,24.47,94.19,100.0,99.85,69.66,20510,17879,195,1165
430690,ENCRUZILHADA DO SUL,43,0.657,0.478,0.677,0.875,539.0,0.52,16.24,31.58,10.8,9.54,96.11,3.89,47.76,90.3,98.95,99.0,61.17,24534,17119,329,1952
430692,ENGENHO VELHO,43,0.717,0.611,0.735,0.821,775.44,0.55,21.37,39.86,10.6,8.99,97.2,2.8,33.8,98.38,99.53,96.72,62.43,1527,599,27,136
430693,ENTRE-IJUÍS,43,0.68,0.548,0.692,0.829,594.67,0.47,13.51,25.69,6.09,10.13,99.24,0.76,38.89,87.55,99.68,98.24,64.64,8938,4893,115,580
430695,ENTRE RIOS DO SUL,43,0.703,0.572,0.709,0.857,657.86,0.45,10.32,18.91,9.13,10.85,98.13,1.87,33.14,93.34,100.0,99.1,78.02,3080,2130,47,226
430697,EREBANGO,43,0.712,0.626,0.689,0.837,583.76,0.47,10.02,20.76,6.86,9.72,99.08,0.92,20.85,83.64,99.76,98.74,54.99,2970,1958,38,237
430700,ERECHIM,43,0.776,0.716,0.782,0.833,1038.39,0.48,3.29,7.34,3.27,10.06,97.85,2.15,20.78,97.84,99.86,99.66,71.77,96087,90552,1085,6169
430705,ERNESTINA,43,0.716,0.612,0.703,0.854,634.28,0.43,6.24,12.15,6.23,11.22,100.0,0.0,23.69,97.87,99.87,98.28,76.51,3088,1671,31,217
430710,HERVAL,43,0.687,0.527,0.73,0.843,752.24,0.68,20.49,37.49,7.53,9.93,97.28,2.72,36.1,86.93,99.21,98.68,69.34,6753,4519,92,509
430720,ERVAL GRANDE,43,0.681,0.501,0.713,0.885,677.58,0.5,10.37,23.84,11.75,9.63,99.25,0.75,56.47,87.52,99.45,98.76,63.71,5163,2690,53,325
430730,ERVAL SECO,43,0.685,0.589,0.666,0.821,505.57,0.52,21.46,35.69,11.78,10.54,99.1,0.9,39.15,85.6,99.01,98.55,70.73,7878,3437,117,632
430740,ESMERALDA,43,0.68,0.569,0.669,0.827,514.34,0.45,12.73,19.56,8.22,10.48,98.7,1.3,36.7,90.11,99.93,99.42,78.63,3168,2128,53,269
430745,ESPERANÇA DO SUL,43,0.661,0.55,0.665,0.788,502.89,0.43,16.09,33.74,10.08,9.83,97.92,2.08,55.24,91.29,98.6,90.41,75.78,3272,844,29,216
430750,ESPUMOSO,43,0.765,0.677,0.747,0.884,834.66,0.49,5.14,9.93,7.52,10.29,98.24,1.76,24.6,94.72,99.45,99.21,74.37,15240,11131,208,1017
430755,ESTAÇÃO,43,0.753,0.674,0.752,0.843,862.69,0.46,1.78,3.91,3.48,8.42,96.68,3.32,20.76,91.99,100.0,99.53,62.72,6011,5119,83,375
430760,ESTÂNCIA VELHA,43,0.757,0.652,0.749,0.887,848.45,0.42,2.21,4.83,2.62,10.12,98.58,1.42,24.61,98.95,99.91,99.64,74.57,42574,41484,555,3077
430770,ESTEIO,43,0.754,0.662,0.769,0.843,955.86,0.48,4.53,9.64,2.65,10.25,97.61,2.39,23.44,99.51,99.99,99.78,70.53,80755,80643,1096,5789
430780,ESTRELA,43,0.767,0.684,0.776,0.85,1002.78,0.42,1.23,3.5,2.47,9.91,98.69,1.31,26.5,98.84,100.0,99.85,71.4,30619,25913,353,1951
430781,ESTRELA VELHA,43,0.679,0.56,0.707,0.792,650.28,0.49,12.96,29.68,8.99,11.11,100.0,0.0,46.33,90.67,99.32,98.84,78.15,3628,1167,59,259
430783,EUGÊNIO DE CASTRO,43,0.712,0.584,0.697,0.885,613.5,0.5,12.26,22.6,6.49,10.04,99.32,0.68,41.11,97.46,99.12,97.65,73.49,2798,1480,32,181
430786,FAGUNDES VARELA,43,0.763,0.674,0.773,0.852,981.99,0.35,0.63,0.41,4.02,11.26,98.83,1.17,31.05,81.91,99.88,100.0,83.62,2579,1293,31,144
430790,FARROUPILHA,43,0.777,0.696,0.783,0.861,1045.05,0.43,1.37,1.91,2.58,9.99,98.5,1.5,19.05,89.71,99.96,99.59,74.31,63635,55053,689,3834
430800,FAXINAL DO SOTURNO,43,0.72,0.597,0.732,0.854,760.86,0.47,6.92,15.15,5.15,10.23,99.09,0.91,38.19,82.17,99.72,99.56,68.04,6672,4175,71,424
430805,FAXINALZINHO,43,0.666,0.571,0.646,0.801,445.67,0.43,17.32,30.96,9.49,10.28,96.35,3.65,30.71,82.3,98.15,100.0,71.99,2567,1273,44,218
430807,FAZENDA VILANOVA,43,0.698,0.557,0.726,0.841,734.82,0.44,2.45,5.16,5.94,9.11,97.08,2.92,41.59,98.74,99.12,99.72,60.83,3697,2013,52,257
430810,FELIZ,43,0.75,0.658,0.758,0.847,897.05,0.37,0.5,1.11,0.95,10.43,98.89,1.11,33.49,98.44,99.89,99.59,74.69,12359,9416,132,746
430820,FLORES DA CUNHA,43,0.754,0.642,0.786,0.849,1062.06,0.44,1.12,3.49,3.16,9.67,97.44,2.56,29.67,94.04,100.0,99.51,65.73,27126,20855,333,1751
430825,FLORIANO PEIXOTO,43,0.663,0.486,0.701,0.854,626.67,0.44,11.16,27.03,4.44,10.5,99.35,0.65,63.47,96.32,99.59,100.0,77.69,2018,292,18,116
430830,FONTOURA XAVIER,43,0.661,0.532,0.668,0.812,511.46,0.53,20.19,30.88,17.45,9.69,96.06,3.94,45.01,80.08,99.12,89.66,70.6,10719,4100,169,869
430840,FORMIGUEIRO,43,0.682,0.549,0.69,0.838,586.75,0.51,15.55,32.75,11.22,10.0,95.59,4.41,38.36,90.68,99.92,99.9,69.14,7014,2769,81,462
430843,FORQUETINHA,43,0.683,0.484,0.743,0.886,812.72,0.38,4.78,13.92,6.64,10.0,95.24,4.76,45.42,96.95,99.81,100.0,68.54,2479,468,26,118
430845,FORTALEZA DOS VALOS,43,0.756,0.663,0.779,0.837,1021.84,0.62,6.5,11.18,6.27,10.06,99.65,0.35,30.26,91.99,98.52,98.63,71.03,4575,2993,56,313
430850,FREDERICO WESTPHALEN,43,0.76,0.688,0.754,0.846,875.03,0.47,4.98,9.64,4.78,10.87,97.93,2.07,30.63,92.52,99.93,99.32,75.7,28843,23333,318,1828
430860,GARIBALDI,43,0.786,0.688,0.825,0.856,1355.37,0.51,1.04,3.78,2.64,10.42,95.59,4.41,25.54,91.51,100.0,99.32,75.56,30689,27211,340,1724
430865,GARRUCHOS,43,0.671,0.553,0.657,0.833,476.17,0.52,19.53,32.83,12.22,11.02,98.29,1.71,29.48,97.8,99.93,100.0,82.74,3234,1057,50,245
430870,GAURAMA,43,0.738,0.643,0.733,0.852,765.58,0.43,5.74,12.18,4.05,11.08,99.18,0.82,31.41,81.21,99.95,97.51,74.75,5862,3388,57,342
430880,GENERAL CÂMARA,43,0.686,0.552,0.704,0.832,640.45,0.49,11.25,21.64,9.55,9.11,97.3,2.7,40.94,95.9,99.57,97.47,55.23,8447,4966,107,608
430885,GENTIL,43,0.733,0.643,0.71,0.863,662.04,0.43,8.2,20.12,7.59,10.51,97.98,2.02,35.97,97.06,96.79,97.07,83.75,1677,723,25,116
430890,GETÚLIO VARGAS,43,0.746,0.658,0.747,0.843,837.17,0.45,3.68,8.51,4.12,10.01,98.5,1.5,26.63,94.85,99.79,99.51,63.52,16154,13862,166,979
430900,GIRUÁ,43,0.721,0.629,0.707,0.842,653.18,0.53,11.44,21.2,6.68,10.82,98.21,1.79,28.33,92.51,99.68,98.34,78.23,17075,12907,219,1173
430905,GLORINHA,43,0.714,0.593,0.716,0.859,686.99,0.41,4.97,11.62,7.96,10.66,98.86,1.14,29.16,94.23,99.62,100.0,71.77,6891,2067,97,469
430910,GRAMADO,43,0.764,0.662,0.783,0.861,1045.52,0.48,2.18,6.26,2.82,10.61,96.86,3.14,21.8,96.24,100.0,100.0,74.34,32273,29013,438,2291
430912,GRAMADO DOS LOUREIROS,43,0.685,0.584,0.662,0.832,491.1,0.5,22.49,41.15,13.05,11.3,99.41,0.59,32.33,93.49,99.58,100.0,77.14,2269,526,31,177
430915,GRAMADO XAVIER,43,0.634,0.473,0.681,0.792,552.44,0.54,21.6,32.79,9.91,10.06,98.55,1.45,60.94,85.02,100.0,100.0,66.31,3970,529,74,379
430920,GRAVATAÍ,43,0.736,0.636,0.727,0.862,737.29,0.44,5.39,10.85,3.2,10.16,95.73,4.27,20.57,98.65,99.77,99.67,70.4,255660,243497,3842,20409
430925,GUABIJU,43,0.758,0.612,0.831,0.857,1408.71,0.55,1.81,5.31,4.55,11.27,100.0,0.0,45.57,97.36,100.0,100.0,75.18,1598,738,10,73
430930,GUAÍBA,43,0.73,0.639,0.732,0.833,758.83,0.47,6.44,13.12,3.83,10.02,97.31,2.69,22.69,98.95,99.83,99.62,68.57,95204,93064,1361,7591
430940,GUAPORÉ,43,0.765,0.685,0.781,0.837,1035.41,0.42,0.86,1.22,3.75,10.0,98.55,1.45,33.6,94.79,100.0,99.89,73.21,22814,20820,268,1424
430950,GUARANI DAS MISSÕES,43,0.737,0.665,0.698,0.863,615.87,0.42,6.49,12.51,4.93,10.3,97.85,2.15,23.17,96.48,99.16,99.1,76.4,8115,5030,100,522
430955,HARMONIA,43,0.749,0.668,0.748,0.841,840.55,0.36,1.89,3.87,2.09,9.73,100.0,0.0,22.65,98.59,99.77,100.0,63.53,4254,2456,44,285
430957,HERVEIRAS,43,0.616,0.441,0.67,0.792,516.11,0.41,12.94,21.48,10.17,9.68,93.72,6.28,61.51,89.74,99.38,96.32,62.59,2954,384,35,223
430960,HORIZONTINA,43,0.783,0.716,0.782,0.858,1037.04,0.49,2.47,4.89,2.89,10.7,97.58,2.42,16.06,96.26,99.88,99.15,80.11,18348,14569,215,1112
430965,HULHA NEGRA,43,0.643,0.512,0.653,0.796,465.17,0.54,24.94,38.0,8.69,9.32,95.98,4.02,31.33,85.15,99.93,94.56,65.17,6043,2909,111,578
430970,HUMAITÁ,43,0.738,0.657,0.732,0.837,759.99,0.42,3.47,7.66,3.55,10.99,98.91,1.09,41.56,90.92,99.41,98.46,79.41,4919,2911,57,298
430975,IBARAMA,43,0.652,0.511,0.686,0.792,572.6,0.43,13.26,23.79,6.69,10.19,97.72,2.28,48.04,93.66,99.26,98.7,74.75,4371,1053,66,349
430980,IBIAÇÁ,43,0.739,0.593,0.766,0.888,940.93,0.43,2.05,5.14,6.7,10.81,97.63,2.37,28.08,92.41,99.86,92.84,75.13,4710,2849,65,286
430990,IBIRAIARAS,43,0.724,0.615,0.739,0.835,795.0,0.44,4.41,10.12,5.99,10.45,97.5,2.5,30.66,85.62,100.0,99.83,70.59,7171,3817,111,543
430995,IBIRAPUITÃ,43,0.638,0.463,0.678,0.828,544.81,0.52,16.54,28.72,9.99,8.95,95.4,4.6,47.33,97.42,99.5,99.0,61.58,4061,2391,58,313
431000,IBIRUBÁ,43,0.765,0.671,0.786,0.848,1062.3,0.49,3.09,7.03,3.44,10.1,99.06,0.94,22.18,95.53,99.96,99.5,70.38,19310,15342,209,1141
431010,IGREJINHA,43,0.721,0.571,0.749,0.876,848.23,0.44,2.42,5.39,3.51,9.48,97.27,2.73,36.14,94.33,100.0,100.0,68.67,31660,30190,448,2301
431020,IJUÍ,43,0.781,0.707,0.786,0.858,1066.65,0.57,5.95,13.51,4.16,10.72,98.89,1.11,21.62,97.57,99.61,99.15,74.59,78915,71550,1015,5279
431030,ILÓPOLIS,43,0.73,0.595,0.756,0.866,884.57,0.48,5.43,14.51,6.74,10.21,95.69,4.31,30.1,93.89,100.0,99.34,74.43,4102,2207,49,258
431033,IMBÉ,43,0.764,0.638,0.825,0.847,1359.66,0.68,5.75,12.53,3.02,9.65,96.77,3.23,29.91,96.51,99.8,99.69,70.44,17670,17661,258,1327
431036,IMIGRANTE,43,0.743,0.635,0.764,0.844,928.0,0.35,1.68,6.17,1.32,9.83,95.02,4.98,28.6,96.43,100.0,100.0,76.25,3023,1499,32,167
431040,INDEPENDÊNCIA,43,0.693,0.576,0.711,0.813,665.99,0.48,11.94,22.67,7.95,10.6,98.85,1.15,40.15,87.82,99.76,93.63,72.42,6618,4157,82,460
431041,INHACORÁ,43,0.673,0.585,0.647,0.807,448.48,0.43,14.15,24.14,10.55,10.52,98.7,1.3,44.44,98.02,99.68,97.79,74.32,2267,1346,35,158
431043,IPÊ,43,0.728,0.618,0.751,0.831,856.32,0.45,2.92,6.18,6.3,9.72,98.62,1.38,34.51,89.8,99.9,99.71,69.81,6016,2913,55,352
431046,IPIRANGA DO SUL,43,0.791,0.698,0.818,0.866,1301.23,0.48,2.05,5.44,3.38,12.38,100.0,0.0,19.81,73.15,100.0,100.0,86.88,1944,679,19,96
431050,IRAÍ,43,0.691,0.59,0.684,0.819,564.49,0.54,20.23,32.11,9.44,10.88,98.32,1.68,35.65,83.76,97.77,98.7,72.76,8078,4457,97,633
431053,ITAARA,43,0.76,0.687,0.761,0.841,913.96,0.61,7.21,15.6,5.72,9.44,99.09,0.91,24.86,94.95,99.77,99.16,59.73,5010,3968,68,366
431055,ITACURUBI,43,0.657,0.509,0.692,0.804,593.23,0.61,20.08,32.62,8.36,10.11,96.34,3.66,35.28,96.06,96.78,100.0,74.24,3441,1184,52,271
431057,ITAPUCA,43,0.664,0.495,0.709,0.834,660.33,0.4,5.73,10.82,9.13,9.65,97.42,2.58,45.4,93.16,99.72,96.49,54.41,2344,558,30,181
431060,ITAQUI,43,0.713,0.626,0.687,0.843,576.71,0.51,11.59,19.32,6.18,10.5,98.73,1.27,30.05,94.86,99.69,97.59,70.18,38159,33311,581,3136
431065,ITATI,43,0.669,0.524,0.692,0.827,592.8,0.47,15.13,28.68,12.92,9.94,97.69,2.31,37.84,76.26,98.53,100.0,72.16,2584,212,42,206
431070,ITATIBA DO SUL,43,0.681,0.567,0.696,0.801,607.67,0.49,13.92,28.14,11.38,10.79,99.12,0.88,42.55,87.43,99.3,94.9,73.12,4171,1729,46,266
431075,IVORÁ,43,0.724,0.602,0.712,0.886,670.27,0.44,7.13,19.77,4.84,11.78,97.04,2.96,39.02,83.21,99.92,100.0,80.7,2156,705,23,128
431080,IVOTI,43,0.784,0.729,0.78,0.848,1025.02,0.44,0.95,1.64,1.88,10.38,100.0,0.0,21.59,95.92,100.0,100.0,75.04,19874,18062,244,1245
431085,JABOTICABA,43,0.658,0.547,0.636,0.82,419.41,0.53,28.1,42.75,12.16,10.32,98.15,1.85,48.79,82.13,98.97,98.58,70.41,4098,1487,55,306
431087,JACUIZINHO,43,0.662,0.487,0.73,0.817,750.68,0.72,28.01,40.15,11.85,9.91,98.11,1.89,47.58,88.6,98.01,98.45,63.6,2507,562,33,189
431090,JACUTINGA,43,0.726,0.636,0.703,0.855,636.24,0.39,6.07,14.25,6.31,10.99,97.43,2.57,32.23,78.75,99.62,94.48,80.61,3633,2573,37,181
431100,JAGUARÃO,43,0.707,0.608,0.698,0.832,616.82,0.49,10.63,22.94,6.62,9.62,97.12,2.88,30.43,98.72,99.56,99.68,65.16,27931,26105,401,2117
431110,JAGUARI,43,0.712,0.567,0.734,0.866,772.25,0.51,8.86,17.71,5.82,11.21,96.97,3.03,31.6,78.51,100.0,98.19,77.46,11473,6531,89,626
431112,JAQUIRANA,43,0.614,0.475,0.626,0.779,392.53,0.43,19.38,36.4,11.07,9.42,96.08,3.92,48.67,86.01,98.45,99.55,63.79,4177,2430,67,389
431113,JARI,43,0.631,0.473,0.636,0.836,418.18,0.56,26.54,34.21,7.65,8.44,95.95,4.05,51.06,90.26,98.46,98.92,59.86,3575,613,41,243
431115,JÓIA,43,0.686,0.572,0.671,0.841,521.7,0.53,18.88,31.69,6.26,10.34,96.6,3.4,36.47,82.67,99.14,100.0,66.8,8331,2089,123,671
431120,JÚLIO DE CASTILHOS,43,0.716,0.602,0.733,0.833,765.91,0.59,12.13,23.38,5.65,11.0,97.3,2.7,36.08,95.73,99.5,97.81,74.86,19579,16106,266,1498
431123,LAGOA BONITA DO SUL,43,0.67,0.539,0.696,0.801,608.88,0.43,8.94,16.34,10.66,10.36,97.78,2.22,43.88,83.61,98.55,100.0,80.38,2662,384,35,206
431125,LAGOÃO,43,0.643,0.505,0.641,0.822,432.78,0.43,16.01,26.98,20.11,10.26,97.03,2.97,53.03,80.86,97.8,94.63,76.23,6185,1655,93,563
431127,LAGOA DOS TRÊS CANTOS,43,0.789,0.754,0.765,0.852,933.6,0.43,3.78,8.86,2.22,9.82,100.0,0.0,9.85,98.38,99.4,99.25,67.69,1598,807,18,95
431130,LAGOA VERMELHA,43,0.738,0.62,0.734,0.885,771.47,0.5,7.19,14.87,7.41,9.69,97.47,2.53,34.68,94.03,99.76,97.89,70.74,27525,24136,372,1990
431140,LAJEADO,43,0.778,0.704,0.796,0.84,1130.85,0.46,1.96,4.94,2.69,10.19,98.01,1.99,24.1,90.43,99.92,99.92,74.71,71445,71180,857,4423
431142,LAJEADO DO BUGRE,43,0.613,0.465,0.604,0.822,343.1,0.49,32.58,48.78,18.33,10.08,96.93,3.07,56.77,96.51,97.36,87.84,74.36,2487,706,41,204
431150,LAVRAS DO SUL,43,0.699,0.577,0.683,0.868,559.67,0.5,11.8,24.59,9.19,9.52,98.52,1.48,32.03,95.41,99.17,94.84,62.64,7679,4758,93,576
431160,LIBERATO SALZANO,43,0.685,0.583,0.68,0.81,551.91,0.43,10.29,19.89,12.78,10.71,98.83,1.17,35.76,89.38,99.09,98.51,71.5,5780,1297,74,410
431162,LINDOLFO COLLOR,43,0.712,0.601,0.712,0.842,672.81,0.37,3.27,8.1,3.78,9.81,97.14,2.86,39.62,98.0,99.94,99.57,75.14,5227,4287,92,440
431164,LINHA NOVA,43,0.749,0.662,0.751,0.846,857.79,0.36,1.15,2.73,2.86,10.73,100.0,0.0,28.3,96.16,100.0,93.68,80.91,1624,416,18,77
431170,MACHADINHO,43,0.692,0.577,0.711,0.807,669.6,0.5,13.51,23.22,10.55,10.44,98.54,1.46,42.97,84.32,99.85,98.03,78.12,5510,3385,78,431
431171,MAÇAMBARÁ,43,0.684,0.58,0.664,0.832,499.71,0.5,13.49,19.34,9.92,10.49,99.21,0.79,38.57,85.96,99.35,81.0,66.0,4738,1310,61,384
431173,MAMPITUBA,43,0.649,0.517,0.65,0.813,456.27,0.46,16.34,29.5,10.22,10.68,96.51,3.49,47.66,86.28,99.5,100.0,77.38,3003,568,43,231
431175,MANOEL VIANA,43,0.655,0.534,0.686,0.766,570.72,0.52,13.93,25.96,9.77,9.96,99.27,0.73,43.97,91.22,99.64,99.27,57.58,7072,5362,102,519
431177,MAQUINÉ,43,0.682,0.519,0.695,0.88,604.04,0.43,6.45,13.86,7.59,9.62,94.58,5.42,41.33,85.19,98.86,100.0,65.45,6905,2064,97,544
431179,MARATÁ,43,0.697,0.54,0.729,0.862,745.31,0.34,2.12,6.8,3.06,8.83,98.91,1.09,38.12,98.81,100.0,98.48,66.77,2527,753,38,160
431180,MARAU,43,0.774,0.699,0.773,0.857,980.92,0.44,1.31,2.61,3.0,9.65,94.51,5.49,20.1,89.37,99.95,100.0,72.43,36364,31558,438,2394
431190,MARCELINO RAMOS,43,0.724,0.618,0.735,0.834,777.41,0.47,7.35,17.5,6.42,10.56,98.12,1.88,35.86,94.14,100.0,98.5,74.71,5134,2722,57,317
431198,MARIANA PIMENTEL,43,0.701,0.568,0.701,0.866,628.63,0.46,6.84,15.53,7.56,11.67,97.71,2.29,43.9,77.97,99.31,100.0,90.04,3768,638,36,244
431200,MARIANO MORO,43,0.73,0.604,0.763,0.843,925.46,0.47,4.8,9.51,7.24,10.62,98.05,1.95,34.95,72.43,100.0,96.4,82.43,2210,1153,30,139
431205,MARQUES DE SOUZA,43,0.687,0.515,0.743,0.849,817.11,0.42,3.56,8.13,6.91,9.43,100.0,0.0,48.02,95.82,99.48,99.72,66.81,4068,1545,36,203
431210,MATA,43,0.656,0.529,0.66,0.807,484.75,0.46,16.67,28.97,7.52,10.92,97.87,2.13,42.18,81.83,99.69,98.41,73.85,5111,2618,62,329
431213,MATO CASTELHANO,43,0.727,0.608,0.752,0.839,862.71,0.56,5.63,11.02,9.38,9.85,100.0,0.0,27.6,64.18,100.0,99.61,63.06,2470,521,28,174
431215,MATO LEITÃO,43,0.746,0.676,0.721,0.853,708.43,0.36,6.77,14.65,3.8,9.36,100.0,0.0,26.25,99.62,99.92,96.87,56.43,3865,1621,46,251
431217,MATO QUEIMADO,43,0.717,0.603,0.702,0.87,629.4,0.43,8.84,20.48,7.59,9.9,99.33,0.67,33.95,100.0,99.4,97.71,69.78,1799,479,20,117
431220,MAXIMILIANO DE ALMEIDA,43,0.699,0.591,0.699,0.825,620.58,0.44,9.55,20.16,8.81,10.19,99.2,0.8,44.72,87.1,99.4,97.36,72.42,4911,2974,55,339
431225,MINAS DO LEÃO,43,0.681,0.514,0.743,0.826,815.23,0.62,9.0,19.11,10.25,9.33,97.86,2.14,41.18,99.55,99.79,99.4,61.19,7631,7340,116,634
431230,MIRAGUAÍ,43,0.725,0.613,0.744,0.837,820.8,0.66,17.49,30.42,9.64,9.51,99.08,0.92,35.2,89.67,98.9,94.37,61.57,4855,2069,70,354
431235,MONTAURI,43,0.764,0.662,0.79,0.852,1091.01,0.35,0.47,2.14,6.61,10.13,100.0,0.0,29.31,98.72,100.0,97.03,78.43,1542,644,10,72
431237,MONTE ALEGRE DOS CAMPOS,43,0.65,0.501,0.667,0.822,508.71,0.55,20.56,28.36,10.93,10.28,98.68,1.32,43.2,57.79,98.35,92.62,73.9,3102,645,50,246
431238,MONTE BELO DO SUL,43,0.752,0.663,0.752,0.852,861.81,0.33,1.65,1.98,2.4,11.1,98.59,1.41,20.49,96.0,100.0,96.43,87.27,2670,770,27,126
431240,MONTENEGRO,43,0.755,0.654,0.761,0.866,914.23,0.5,4.87,9.89,3.75,9.92,97.36,2.64,27.92,96.91,99.87,99.64,67.9,59415,53629,771,4138
431242,MORMAÇO,43,0.714,0.576,0.735,0.86,775.77,0.57,12.34,26.02,10.22,10.56,97.89,2.11,37.51,96.93,98.92,100.0,67.58,2749,600,29,210
431244,MORRINHOS DO SUL,43,0.711,0.593,0.72,0.842,705.78,0.47,6.08,13.31,8.73,9.93,100.0,0.0,29.37,88.24,99.89,99.83,77.3,3182,1300,33,172
431245,MORRO REDONDO,43,0.702,0.557,0.719,0.864,701.43,0.51,9.88,21.59,9.01,9.84,98.47,1.53,34.96,89.05,99.61,99.86,73.19,6227,2648,79,378
431247,MORRO REUTER,43,0.743,0.653,0.733,0.858,767.55,0.32,1.19,3.19,1.04,8.48,96.67,3.33,26.56,86.41,100.0,99.65,65.86,5676,4841,68,325
431250,MOSTARDAS,43,0.664,0.493,0.701,0.849,627.16,0.55,11.7,22.66,11.25,9.73,96.56,3.44,43.43,98.06,99.17,98.58,65.33,12124,8143,173,938
431260,MUÇUM,43,0.746,0.654,0.757,0.84,887.43,0.39,2.5,7.34,4.47,10.95,97.17,2.83,25.83,99.17,100.0,98.38,77.01,4791,4044,56,256
431261,MUITOS CAPÕES,43,0.702,0.558,0.711,0.873,666.24,0.5,8.62,16.79,7.39,10.27,92.68,7.32,40.08,75.05,100.0,96.09,67.35,2988,970,34,193
431262,MULITERNO,43,0.689,0.547,0.74,0.808,799.52,0.51,12.18,27.25,6.82,10.64,95.03,4.97,32.71,87.32,99.14,99.63,71.3,1813,508,17,123
431265,NÃO-ME-TOQUE,43,0.765,0.673,0.784,0.847,1051.05,0.5,2.2,4.51,3.79,9.49,98.93,1.07,23.05,97.86,99.97,100.0,65.88,15936,13966,171,963
431267,NICOLAU VERGUEIRO,43,0.753,0.66,0.772,0.839,974.79,0.52,6.97,14.93,5.66,11.4,97.2,2.8,25.45,97.73,99.73,90.96,81.68,1721,636,29,106
431270,NONOAI,43,0.702,0.591,0.703,0.833,634.06,0.5,12.04,22.85,11.02,10.0,96.18,3.82,33.89,96.01,99.45,97.05,70.17,12074,9065,162,950
431275,NOVA ALVORADA,43,0.74,0.634,0.763,0.838,925.66,0.46,3.55,6.89,8.25,9.35,96.75,3.25,31.52,91.03,99.49,100.0,63.42,3182,1332,55,241
431280,NOVA ARAÇÁ,43,0.785,0.722,0.796,0.843,1134.76,0.45,1.37,3.41,2.48,11.08,100.0,0.0,22.6,91.67,100.0,100.0,81.56,4001,2880,47,208
431290,NOVA BASSANO,43,0.747,0.632,0.778,0.849,1010.72,0.37,1.03,3.05,3.29,10.45,98.58,1.42,23.68,97.59,100.0,98.28,80.14,8840,5514,87,534
431295,NOVA BOA VISTA,43,0.768,0.708,0.764,0.836,928.49,0.4,1.08,3.11,2.5,10.87,98.25,1.75,22.37,99.55,100.0,100.0,84.39,1960,578,20,99
431300,NOVA BRÉSCIA,43,0.778,0.666,0.836,0.847,1452.06,0.58,3.58,8.47,3.73,9.88,99.42,0.58,40.15,95.62,99.94,100.0,72.3,3184,1511,35,189
431301,NOVA CANDELÁRIA,43,0.759,0.643,0.794,0.856,1120.1,0.41,0.0,0.0,2.16,10.78,97.81,2.19,19.18,99.89,100.0,98.68,70.25,2751,709,25,140
431303,NOVA ESPERANÇA DO SUL,43,0.735,0.647,0.723,0.848,717.7,0.45,3.2,7.6,5.31,11.43,100.0,0.0,24.91,92.07,100.0,100.0,80.14,4671,3599,48,286
431306,NOVA HARTZ,43,0.689,0.563,0.694,0.836,600.0,0.34,2.09,3.74,3.32,9.51,95.61,4.39,37.63,86.89,100.0,100.0,71.59,18346,15269,266,1360
431308,NOVA PÁDUA,43,0.761,0.678,0.762,0.852,914.36,0.32,0.34,1.08,3.63,12.0,100.0,0.0,24.68,94.37,100.0,98.87,85.56,2450,732,20,120
431310,NOVA PALMA,43,0.744,0.643,0.762,0.841,915.86,0.53,8.47,18.27,3.62,9.45,97.98,2.02,20.89,87.64,99.44,99.9,68.94,6342,3083,70,459
431320,NOVA PETRÓPOLIS,43,0.78,0.688,0.775,0.89,994.67,0.44,1.27,1.96,2.02,10.14,98.73,1.27,22.96,95.35,99.97,99.37,75.47,19045,14134,214,1062
431330,NOVA PRATA,43,0.766,0.686,0.782,0.839,1039.74,0.43,2.26,5.4,2.88,10.76,99.25,0.75,24.74,89.23,100.0,99.86,72.69,22830,18659,254,1394
431333,NOVA RAMADA,43,0.742,0.642,0.752,0.847,861.28,0.5,6.62,12.49,6.48,10.7,98.67,1.33,26.75,95.88,100.0,96.91,72.1,2437,670,24,153
431335,NOVA ROMA DO SUL,43,0.741,0.602,0.794,0.851,1120.95,0.44,0.57,0.0,4.6,10.04,98.28,1.72,32.99,95.09,99.74,98.98,75.85,3343,1585,38,206
431337,NOVA SANTA RITA,43,0.718,0.606,0.716,0.853,686.87,0.43,5.51,10.39,4.54,9.53,97.49,2.51,28.12,96.56,99.86,98.71,67.35,22716,19475,372,2025
431339,NOVO CABRAIS,43,0.688,0.548,0.697,0.852,611.08,0.42,9.11,18.15,8.73,10.91,98.66,1.34,42.6,92.43,99.85,99.26,81.3,3855,545,50,256
431340,NOVO HAMBURGO,43,0.747,0.629,0.778,0.852,1011.62,0.53,3.91,8.7,3.36,9.55,97.03,2.97,32.63,98.5,99.92,99.68,66.49,238940,234798,3128,17390
431342,NOVO MACHADO,43,0.663,0.543,0.674,0.796,531.07,0.41,13.27,31.15,7.22,11.3,97.61,2.39,44.63,96.96,99.34,99.54,81.11,3925,1553,44,231
431344,NOVO TIRADENTES,43,0.676,0.566,0.679,0.805,548.05,0.4,11.18,18.92,15.28,10.83,98.72,1.28,44.09,99.58,99.44,98.34,77.56,2277,654,27,160
431346,NOVO XINGU,43,0.767,0.708,0.749,0.85,847.22,0.41,1.86,3.41,5.52,11.41,99.25,0.75,17.07,100.0,100.0,100.0,84.86,1757,554,20,103
431349,NOVO BARREIRO,43,0.706,0.594,0.734,0.808,768.98,0.62,13.4,25.96,10.78,10.82,99.29,0.71,39.96,96.81,99.45,95.66,81.62,3978,1306,52,264
431350,OSÓRIO,43,0.751,0.646,0.769,0.853,957.94,0.53,5.67,12.48,4.19,10.11,97.12,2.88,25.55,94.92,99.99,99.76,68.82,40906,37917,558,3046
431360,PAIM FILHO,43,0.706,0.558,0.725,0.87,729.03,0.47,6.6,11.37,7.65,8.14,98.62,1.38,37.02,95.45,99.93,99.64,57.07,4243,2253,41,245
431365,PALMARES DO SUL,43,0.715,0.592,0.725,0.852,730.31,0.53,9.07,18.25,8.09,9.91,95.59,4.41,33.43,98.25,99.61,98.87,70.06,10969,9803,133,768
431370,PALMEIRA DAS MISSÕES,43,0.737,0.667,0.722,0.831,715.29,0.52,11.01,20.32,8.71,10.56,98.32,1.68,27.97,96.83,99.53,97.85,74.49,34328,29831,513,2630
431380,PALMITINHO,43,0.72,0.632,0.707,0.836,652.86,0.42,8.07,12.6,8.95,10.64,98.74,1.26,33.32,93.23,99.42,94.82,80.14,6920,3393,102,485
431390,PANAMBI,43,0.761,0.691,0.752,0.848,864.44,0.44,3.2,7.09,2.96,10.88,99.09,0.91,23.86,95.89,99.52,99.54,76.15,38058,34562,504,2591
431395,PANTANO GRANDE,43,0.661,0.524,0.676,0.816,536.01,0.47,9.35,19.35,10.55,9.48,98.38,1.62,37.61,98.16,99.0,98.33,67.99,9895,8314,131,819
431400,PARAÍ,43,0.773,0.679,0.787,0.866,1071.25,0.47,1.51,4.32,2.75,10.84,96.08,3.92,27.42,95.48,100.0,99.61,83.31,6812,3816,70,378
431402,PARAÍSO DO SUL,43,0.676,0.537,0.692,0.831,593.01,0.37,7.84,17.07,7.54,10.22,99.18,0.82,45.24,89.97,99.64,94.92,72.29,7336,2852,78,488
431403,PARECI NOVO,43,0.749,0.668,0.738,0.852,788.66,0.4,3.09,9.96,1.66,9.79,97.81,2.19,26.98,99.49,100.0,100.0,68.89,3511,981,39,219
431405,PAROBÉ,43,0.704,0.562,0.7,0.886,625.4,0.37,4.94,9.98,4.56,8.88,96.61,3.39,38.02,95.59,99.74,99.84,65.44,51502,48633,794,4208
431406,PASSA SETE,43,0.622,0.482,0.639,0.782,427.13,0.45,21.75,37.0,13.1,9.59,98.59,1.41,56.15,76.24,98.42,83.88,63.51,5154,555,74,426
431407,PASSO DO SOBRADO,43,0.698,0.551,0.726,0.851,732.19,0.47,7.97,14.73,5.92,10.48,98.51,1.49,47.41,89.51,99.88,100.0,68.0,6011,1429,61,352
431410,PASSO FUNDO,43,0.776,0.699,0.787,0.849,1068.95,0.52,3.63,7.9,3.58,10.53,97.26,2.74,20.99,98.74,99.73,99.46,73.6,184826,180120,2386,12948
431413,PAULO BENTO,43,0.71,0.571,0.73,0.858,749.77,0.39,3.24,9.94,4.08,10.29,99.14,0.86,39.07,84.98,100.0,100.0,62.4,2196,594,24,119
431415,PAVERAMA,43,0.683,0.541,0.701,0.84,628.77,0.34,3.25,7.86,6.35,9.49,98.71,1.29,44.57,97.08,99.87,98.67,65.29,8044,4098,103,519
431417,PEDRAS ALTAS,43,0.64,0.493,0.647,0.82,449.2,0.52,21.75,34.83,9.87,9.17,94.24,5.76,45.81,80.47,99.54,94.97,50.67,2212,768,38,192
431420,PEDRO OSÓRIO,43,0.678,0.551,0.683,0.829,560.06,0.48,12.94,24.98,8.71,11.35,95.81,4.19,29.11,95.1,99.89,99.06,70.19,7811,7301,95,572
431430,PEJUÇARA,43,0.741,0.648,0.724,0.867,722.64,0.44,4.84,9.38,4.51,10.03,100.0,0.0,26.0,81.44,99.92,99.58,70.0,3973,2672,50,235
431440,PELOTAS,43,0.739,0.632,0.758,0.844,894.35,0.54,7.56,16.58,4.12,9.89,96.85,3.15,29.22,98.11,99.7,99.18,64.92,328275,306193,3987,21938
431442,PICADA CAFÉ,43,0.758,0.701,0.738,0.842,792.06,0.32,1.66,3.97,2.33,10.44,99.38,0.62,28.34,94.59,99.67,99.48,69.24,5182,4559,62,319
431445,PINHAL,43,0.72,0.624,0.701,0.852,625.79,0.45,10.09,17.8,9.34,10.35,98.42,1.58,24.94,98.04,100.0,99.43,77.57,2513,1290,29,177
431446,PINHAL DA SERRA,43,0.65,0.513,0.641,0.835,431.37,0.52,26.61,42.36,8.28,9.92,95.64,4.36,43.05,92.21,99.7,100.0,61.67,2130,478,32,172
431447,PINHAL GRANDE,43,0.678,0.577,0.672,0.804,523.52,0.51,20.56,35.11,7.99,9.76,97.69,2.31,39.57,94.76,98.95,96.27,65.96,4471,1895,52,340
431449,PINHEIRINHO DO VALE,43,0.71,0.607,0.713,0.828,678.14,0.57,14.36,21.61,10.36,10.7,97.24,2.76,29.52,89.32,99.81,95.51,81.43,4497,915,61,334
431450,PINHEIRO MACHADO,43,0.661,0.499,0.685,0.846,567.32,0.48,12.97,25.28,9.81,8.87,97.06,2.94,36.71,96.38,99.58,99.72,60.65,12780,9784,163,864
431455,PIRAPÓ,43,0.669,0.553,0.656,0.824,473.9,0.46,19.89,29.82,13.73,9.32,97.83,2.17,45.58,98.65,98.53,100.0,73.06,2757,777,21,181
431460,PIRATINI,43,0.658,0.517,0.672,0.821,524.3,0.51,19.16,31.94,10.31,9.44,97.21,2.79,37.26,85.56,99.69,99.68,56.85,19841,11570,243,1429
431470,PLANALTO,43,0.687,0.597,0.674,0.807,531.04,0.44,15.18,30.97,11.28,10.42,97.19,2.81,37.84,93.8,98.58,95.11,64.4,10524,5932,137,813
431475,POÇO DAS ANTAS,43,0.744,0.634,0.742,0.877,810.09,0.38,4.52,13.96,2.79,10.11,98.91,1.09,21.89,97.97,100.0,100.0,72.29,2017,861,20,105
431477,PONTÃO,43,0.725,0.623,0.708,0.864,656.34,0.53,11.97,16.68,4.75,10.01,96.89,3.11,28.22,96.55,99.47,97.69,75.57,3857,1559,53,280
431478,PONTE PRETA,43,0.725,0.6,0.727,0.874,735.35,0.39,3.25,6.78,6.54,11.01,100.0,0.0,31.1,95.42,100.0,89.08,74.43,1750,512,7,79
431480,PORTÃO,43,0.713,0.584,0.725,0.856,729.01,0.42,4.7,9.38,4.63,9.81,96.17,3.83,35.14,97.11,99.72,99.91,64.59,30920,25276,448,2469
431490,PORTO ALEGRE,43,0.805,0.702,0.867,0.857,1758.27,0.6,3.82,9.7,2.27,9.76,96.63,3.37,18.31,99.55,99.91,99.64,65.5,1409351,1409351,16337,89493
431500,PORTO LUCENA,43,0.693,0.575,0.7,0.827,621.82,0.44,10.34,24.18,8.63,11.3,97.58,2.42,41.64,98.53,99.2,98.42,82.2,5413,2331,62,307
431505,PORTO MAUÁ,43,0.698,0.608,0.672,0.831,524.57,0.41,14.66,27.34,6.61,10.16,100.0,0.0,30.28,99.04,100.0,100.0,66.67,2542,954,28,140
431507,PORTO VERA CRUZ,43,0.69,0.6,0.661,0.827,490.03,0.42,13.64,29.35,7.9,12.0,100.0,0.0,42.12,99.41,99.22,100.0,87.06,1852,440,20,120
431510,PORTO XAVIER,43,0.723,0.628,0.687,0.876,574.32,0.47,11.29,22.61,11.13,11.17,99.55,0.45,31.19,96.15,99.37,97.01,75.53,10558,5210,152,800
431513,POUSO NOVO,43,0.715,0.566,0.765,0.845,935.9,0.53,9.7,21.48,8.97,10.44,96.43,3.57,51.19,92.13,98.95,97.73,72.14,1875,632,17,104
431514,PRESIDENTE LUCENA,43,0.757,0.674,0.727,0.885,739.9,0.32,1.95,3.75,2.2,9.97,98.52,1.48,28.32,98.1,100.0,100.0,65.88,2484,1511,34,146
431515,PROGRESSO,43,0.683,0.525,0.705,0.861,643.93,0.4,6.75,14.57,8.79,10.14,99.03,0.97,52.06,92.14,99.74,97.35,75.52,6163,1873,74,397
431517,PROTÁSIO ALVES,43,0.733,0.609,0.771,0.839,972.84,0.52,3.95,10.77,6.95,10.61,98.29,1.71,30.59,85.96,98.81,100.0,73.94,2000,427,21,113
431520,PUTINGA,43,0.715,0.563,0.745,0.873,826.94,0.42,3.34,8.02,8.6,11.18,97.85,2.15,36.98,91.94,99.67,98.74,88.8,4141,1577,36,242
431530,QUARAÍ,43,0.704,0.609,0.673,0.852,528.64,0.5,16.89,30.39,5.6,9.32,99.41,0.59,29.44,97.04,99.66,99.72,63.32,23021,21310,338,1853
431531,QUATRO IRMÃOS,43,0.689,0.565,0.695,0.833,602.95,0.47,11.12,21.33,9.7,9.5,99.54,0.46,36.46,83.36,99.05,96.98,60.27,1775,916,26,140
431532,QUEVEDOS,43,0.665,0.534,0.667,0.824,509.07,0.55,22.23,38.23,8.72,11.01,96.38,3.62,39.86,85.68,98.46,100.0,85.52,2710,852,34,177
431535,QUINZE DE NOVEMBRO,43,0.756,0.655,0.783,0.841,1046.11,0.47,2.84,5.38,3.56,11.0,100.0,0.0,18.92,87.94,100.0,98.56,78.92,3653,1961,24,166
431540,REDENTORA,43,0.631,0.523,0.606,0.792,346.4,0.64,43.55,62.38,16.28,8.62,93.51,6.49,43.16,84.69,93.33,87.01,58.47,10222,3002,258,1232
431545,RELVADO,43,0.731,0.588,0.765,0.868,935.8,0.44,2.86,8.54,4.7,11.12,98.29,1.71,36.05,96.53,100.0,96.66,75.95,2155,734,24,113
431550,RESTINGA SECA,43,0.683,0.542,0.709,0.828,660.14,0.52,8.94,17.33,7.11,9.8,97.54,2.46,34.03,95.52,100.0,99.58,64.88,15849,8982,160,1011
431555,RIO DOS ÍNDIOS,43,0.656,0.545,0.645,0.804,442.12,0.49,22.68,38.32,14.85,10.69,95.15,4.85,44.31,84.44,98.74,96.03,77.99,3616,755,50,242
431560,RIO GRANDE,43,0.744,0.637,0.752,0.861,859.2,0.51,6.99,15.27,4.62,9.51,97.69,2.31,26.29,97.02,99.72,99.51,63.44,197228,189429,2589,13780
431570,RIO PARDO,43,0.693,0.56,0.702,0.846,633.1,0.48,10.91,20.73,8.23,9.76,96.12,3.88,36.51,91.73,99.38,99.29,65.42,37591,25614,504,2729
431575,RIOZINHO,43,0.661,0.472,0.69,0.885,587.62,0.38,5.18,8.54,8.39,9.57,96.4,3.6,60.73,86.67,99.7,100.0,73.06,4330,2748,62,322
431580,ROCA SALES,43,0.729,0.602,0.753,0.853,865.23,0.43,2.07,4.93,3.1,10.61,98.77,1.23,32.82,89.17,99.85,99.51,76.48,10284,6600,98,587
431590,RODEIO BONITO,43,0.732,0.636,0.733,0.842,767.63,0.46,6.95,13.01,7.93,10.35,99.29,0.71,34.32,93.64,99.42,94.36,72.77,5743,4310,60,416
431595,ROLADOR,43,0.689,0.579,0.676,0.834,537.31,0.44,15.93,30.79,7.8,10.9,98.62,1.38,28.76,97.7,99.84,83.04,77.01,2546,608,29,161
431600,ROLANTE,43,0.688,0.553,0.708,0.83,656.75,0.35,3.29,6.73,6.59,10.53,96.89,3.11,36.22,92.95,99.84,99.47,75.83,19485,15310,240,1379
431610,RONDA ALTA,43,0.724,0.6,0.729,0.867,746.52,0.54,12.41,29.69,7.15,10.16,94.64,5.36,41.99,96.49,99.95,95.15,66.48,10221,6867,155,756
431620,RONDINHA,43,0.764,0.678,0.78,0.842,1022.85,0.47,3.11,6.65,4.26,11.46,99.05,0.95,26.38,98.98,100.0,100.0,83.18,5518,2317,69,308
431630,ROQUE GONZALES,43,0.688,0.563,0.687,0.843,575.83,0.5,14.93,25.53,7.1,10.57,97.85,2.15,37.74,99.5,99.07,99.82,76.21,7203,3087,73,476
431640,ROSÁRIO DO SUL,43,0.699,0.576,0.705,0.841,643.97,0.51,12.68,24.43,7.63,9.99,96.55,3.45,32.49,94.32,99.53,97.95,65.84,39707,34931,535,3056
431642,SAGRADA FAMÍLIA,43,0.678,0.596,0.669,0.782,513.97,0.54,14.98,24.44,13.05,11.25,98.51,1.49,33.61,97.77,99.71,90.74,77.31,2595,785,28,176
431643,SALDANHA MARINHO,43,0.762,0.706,0.745,0.841,823.55,0.43,3.09,6.26,5.22,11.89,100.0,0.0,14.94,94.03,99.89,100.0,82.83,2869,1927,27,150
431645,SALTO DO JACUÍ,43,0.687,0.558,0.693,0.837,596.84,0.48,12.1,20.25,8.57,9.09,96.28,3.72,36.62,94.34,98.95,95.2,60.53,11880,10208,182,993
431647,SALVADOR DAS MISSÕES,43,0.753,0.706,0.71,0.851,663.26,0.36,3.55,6.89,1.87,10.52,100.0,0.0,15.59,99.78,99.5,98.28,80.59,2669,1094,35,145
431650,SALVADOR DO SUL,43,0.74,0.641,0.75,0.843,852.02,0.38,0.67,1.35,2.31,10.18,98.88,1.12,27.4,97.9,100.0,100.0,71.86,6747,4009,78,443
431660,SANANDUVA,43,0.747,0.647,0.764,0.843,931.29,0.44,3.04,7.75,5.53,10.21,98.39,1.61,28.46,94.71,99.94,98.8,70.99,15373,10697,151,909
431670,SANTA BÁRBARA DO SUL,43,0.725,0.634,0.716,0.841,689.09,0.49,8.47,15.01,6.74,10.9,99.5,0.5,29.6,93.66,99.57,99.17,79.87,8829,6985,118,621
431673,SANTA CECÍLIA DO SUL,43,0.725,0.581,0.781,0.839,1029.23,0.48,4.44,8.19,5.13,10.6,99.01,0.99,32.77,74.06,99.12,99.03,76.53,1655,480,16,123
431675,SANTA CLARA DO SUL,43,0.74,0.644,0.747,0.843,833.67,0.36,1.96,4.42,3.88,9.87,98.68,1.32,23.64,99.37,100.0,99.71,71.05,5697,2855,61,306
431680,SANTA CRUZ DO SUL,43,0.773,0.693,0.782,0.852,1036.87,0.49,3.68,8.87,3.37,10.2,98.31,1.69,21.96,97.41,99.66,99.64,70.48,118374,105190,1386,7608
431690,SANTA MARIA,43,0.784,0.715,0.795,0.848,1127.25,0.55,5.47,13.2,3.18,10.85,98.11,1.89,19.0,97.52,99.62,98.86,74.36,261031,248347,3226,17111
431695,SANTA MARIA DO HERVAL,43,0.676,0.51,0.716,0.846,689.47,0.3,1.34,3.07,1.91,8.22,88.12,11.88,39.99,84.95,99.67,96.44,72.03,6053,4362,53,321
431697,SANTA MARGARIDA DO SUL,43,0.663,0.484,0.691,0.87,588.3,0.54,11.81,23.85,12.44,9.71,98.93,1.07,48.9,81.73,97.3,96.47,59.34,2352,552,36,151
431700,SANTANA DA BOA VISTA,43,0.633,0.503,0.63,0.802,404.01,0.52,27.76,46.21,13.98,10.68,98.53,1.47,46.66,81.24,98.93,99.82,67.41,8242,3723,98,599
431710,SANT'ANA DO LIVRAMENTO,43,0.727,0.636,0.715,0.846,685.04,0.54,13.21,25.42,4.21,10.57,97.55,2.45,27.2,97.13,99.51,98.7,70.01,82464,74410,1084,6538
431720,SANTA ROSA,43,0.769,0.693,0.752,0.871,863.61,0.47,3.98,7.99,3.75,10.83,98.59,1.41,19.42,96.23,99.96,99.6,77.27,68587,60366,850,4539
431725,SANTA TEREZA,43,0.746,0.637,0.765,0.853,935.56,0.37,0.85,3.08,3.5,10.77,98.6,1.4,26.98,91.55,100.0,100.0,73.82,1720,627,16,80
431730,SANTA VITÓRIA DO PALMAR,43,0.712,0.591,0.709,0.861,657.76,0.54,11.12,22.86,6.47,9.81,98.49,1.51,30.88,97.26,99.26,99.28,63.83,30990,26890,453,2361
431740,SANTIAGO,43,0.766,0.682,0.746,0.882,828.78,0.51,6.85,13.44,4.54,10.78,98.92,1.08,21.07,97.66,99.71,99.78,76.82,49071,44735,588,3329
431750,SANTO ÂNGELO,43,0.772,0.696,0.765,0.863,936.27,0.54,5.66,11.65,4.23,11.02,99.04,0.96,25.13,97.75,99.85,98.19,76.85,76275,71804,1057,5413
431755,SANTO ANTÔNIO DO PALMA,43,0.764,0.665,0.787,0.853,1069.61,0.49,4.11,8.5,5.19,10.9,99.35,0.65,21.83,96.34,99.53,99.74,83.93,2139,681,30,137
431760,SANTO ANTÔNIO DA PATRULHA,43,0.717,0.594,0.718,0.866,696.41,0.44,6.24,15.61,9.05,9.62,96.89,3.11,35.04,89.03,99.59,98.71,69.68,39685,28114,525,2871
431770,SANTO ANTÔNIO DAS MISSÕES,43,0.686,0.576,0.672,0.835,522.77,0.45,12.04,21.88,9.31,10.64,97.35,2.65,32.96,97.64,98.4,94.49,72.76,11210,6788,149,777
431775,SANTO ANTÔNIO DO PLANALTO,43,0.759,0.705,0.701,0.885,626.67,0.44,8.95,18.48,5.55,9.54,99.14,0.86,23.6,98.41,100.0,99.84,59.62,1987,1233,26,123
431780,SANTO AUGUSTO,43,0.739,0.637,0.753,0.84,866.86,0.57,7.56,15.02,9.05,10.79,97.74,2.26,29.33,96.66,99.73,98.9,75.03,13968,11380,176,935
431790,SANTO CRISTO,43,0.738,0.656,0.746,0.82,832.4,0.44,3.54,9.22,2.59,11.35,99.75,0.25,29.87,96.5,100.0,99.67,82.58,14378,7781,142,823
431795,SANTO EXPEDITO DO SUL,43,0.732,0.677,0.679,0.853,547.94,0.43,13.98,24.02,7.64,10.76,98.82,1.18,20.89,94.03,100.0,92.31,73.7,2461,872,32,145
431800,SÃO BORJA,43,0.736,0.643,0.72,0.86,705.72,0.55,8.98,16.14,6.51,10.73,97.52,2.48,24.68,95.91,99.08,98.92,74.17,61671,55138,852,4618
431805,SÃO DOMINGOS DO SUL,43,0.763,0.68,0.78,0.839,1025.84,0.44,0.96,0.59,4.44,11.9,99.0,1.0,22.99,97.36,100.0,99.73,80.92,2926,1748,34,163
431810,SÃO FRANCISCO DE ASSIS,43,0.675,0.552,0.681,0.818,553.81,0.54,17.06,29.39,8.68,10.77,97.97,2.03,41.69,89.57,99.56,97.85,73.21,19254,13495,211,1293
431820,SÃO FRANCISCO DE PAULA,43,0.685,0.534,0.701,0.86,628.15,0.46,7.8,16.48,7.44,9.93,96.77,3.23,45.51,91.13,99.32,100.0,72.34,20537,13004,320,1723
431830,SÃO GABRIEL,43,0.699,0.585,0.711,0.822,667.06,0.54,12.24,23.67,8.0,10.02,96.85,3.15,37.03,96.93,98.39,99.35,69.02,60425,53775,857,4613
431840,SÃO JERÔNIMO,43,0.696,0.56,0.734,0.822,768.93,0.55,11.34,20.13,8.54,9.54,96.04,3.96,37.98,92.71,99.37,97.85,63.54,22134,17055,327,1691
431842,SÃO JOÃO DA URTIGA,43,0.694,0.575,0.702,0.828,632.23,0.4,7.11,16.17,9.11,11.42,98.67,1.33,37.11,90.0,99.95,98.41,80.28,4726,2291,36,258
431843,SÃO JOÃO DO POLÊSINE,43,0.748,0.661,0.748,0.847,841.33,0.53,5.1,14.87,4.65,11.09,99.09,0.91,29.19,68.65,99.59,100.0,79.55,2635,1354,27,141
431844,SÃO JORGE,43,0.732,0.617,0.75,0.846,853.6,0.39,1.35,4.12,3.82,9.88,98.23,1.77,28.93,95.48,100.0,100.0,77.22,2774,1451,40,149
431845,SÃO JOSÉ DAS MISSÕES,43,0.651,0.542,0.652,0.782,462.15,0.43,15.53,31.01,9.43,11.9,99.05,0.95,56.83,95.79,99.54,87.38,76.02,2720,828,40,213
431846,SÃO JOSÉ DO HERVAL,43,0.717,0.622,0.701,0.847,626.93,0.58,21.66,36.58,16.31,9.85,95.2,4.8,42.08,83.92,99.33,98.19,74.74,2204,867,34,182
431848,SÃO JOSÉ DO HORTÊNCIO,43,0.707,0.597,0.717,0.824,693.46,0.28,1.45,2.54,1.37,9.64,99.45,0.55,26.72,99.19,100.0,99.62,64.07,4094,2645,44,235
431849,SÃO JOSÉ DO INHACORÁ,43,0.747,0.702,0.723,0.822,720.69,0.36,2.72,5.14,2.68,12.72,99.48,0.52,20.53,99.73,99.92,99.46,89.13,2200,832,24,96
431850,SÃO JOSÉ DO NORTE,43,0.623,0.461,0.663,0.792,493.78,0.43,12.23,19.76,17.37,8.3,96.62,3.38,44.44,94.22,99.6,99.47,57.68,25503,17383,314,1861
431860,SÃO JOSÉ DO OURO,43,0.755,0.669,0.759,0.846,901.51,0.55,8.34,17.5,5.95,11.11,100.0,0.0,26.82,75.73,99.81,99.24,78.18,6904,4423,75,403
431861,SÃO JOSÉ DO SUL,43,0.725,0.59,0.774,0.836,989.48,0.39,0.32,0.0,2.36,10.92,96.54,3.46,26.27,96.85,100.0,99.29,85.01,2082,720,16,97
431862,SÃO JOSÉ DOS AUSENTES,43,0.663,0.541,0.674,0.801,529.71,0.48,12.48,21.36,7.07,10.03,98.42,1.58,43.06,73.97,98.93,92.03,71.15,3290,2062,50,264
431870,SÃO LEOPOLDO,43,0.739,0.612,0.766,0.861,939.93,0.53,5.96,12.76,3.17,9.7,96.79,3.21,28.74,98.96,99.91,99.67,64.95,214087,213238,3064,16197
431880,SÃO LOURENÇO DO SUL,43,0.687,0.528,0.722,0.849,713.88,0.46,7.57,16.54,5.01,8.64,97.57,2.43,42.96,90.68,99.07,98.45,58.15,43111,24237,480,2692
431890,SÃO LUIZ GONZAGA,43,0.741,0.664,0.718,0.855,698.77,0.5,9.47,17.94,6.71,10.69,98.75,1.25,27.69,98.09,99.77,96.84,73.29,34556,30508,465,2526
431900,SÃO MARCOS,43,0.768,0.683,0.775,0.855,991.51,0.41,1.41,3.31,3.89,10.55,98.42,1.58,26.22,90.12,100.0,99.89,76.93,20103,17598,233,1277
431910,SÃO MARTINHO,43,0.726,0.628,0.734,0.83,771.81,0.47,8.01,15.9,6.14,10.61,99.14,0.86,27.69,94.46,99.7,99.58,71.19,5773,3441,64,320
431912,SÃO MARTINHO DA SERRA,43,0.652,0.496,0.659,0.848,482.31,0.49,19.81,38.29,9.63,11.0,99.76,0.24,48.69,73.73,99.01,100.0,75.24,3201,942,40,198
431915,SÃO MIGUEL DAS MISSÕES,43,0.667,0.537,0.674,0.821,531.71,0.54,19.7,35.81,9.06,9.09,97.23,2.77,43.95,79.52,98.75,96.06,63.48,7421,3727,117,551
431920,SÃO NICOLAU,43,0.645,0.523,0.658,0.778,479.55,0.5,19.31,32.33,12.87,10.59,96.83,3.17,37.08,97.81,98.89,92.4,72.48,5727,3692,88,466
431930,SÃO PAULO DAS MISSÕES,43,0.692,0.584,0.688,0.825,577.86,0.42,9.17,19.76,6.22,11.23,98.45,1.55,35.42,98.97,99.61,99.75,79.76,6364,2199,68,387
431935,SÃO PEDRO DA SERRA,43,0.739,0.634,0.748,0.851,842.22,0.42,1.8,4.47,1.97,10.67,98.39,1.61,31.39,95.26,100.0,99.46,71.94,3315,1429,36,243
431936,SÃO PEDRO DAS MISSÕES,43,0.664,0.566,0.644,0.804,441.36,0.48,18.7,31.01,14.12,10.83,98.83,1.17,33.41,92.47,99.57,97.38,74.42,1886,532,28,162
431937,SÃO PEDRO DO BUTIÁ,43,0.763,0.694,0.76,0.843,905.55,0.46,4.44,5.38,2.31,11.05,100.0,0.0,18.84,99.37,100.0,98.74,78.57,2873,1209,29,151
431940,SÃO PEDRO DO SUL,43,0.709,0.619,0.698,0.824,614.89,0.48,12.07,21.42,5.85,10.34,97.18,2.82,26.77,90.4,99.77,98.92,73.25,16368,11929,195,1058
431950,SÃO SEBASTIÃO DO CAÍ,43,0.739,0.646,0.734,0.852,772.04,0.44,4.97,12.66,3.51,10.49,99.2,0.8,31.45,98.62,99.77,98.54,70.82,21932,17608,286,1471
431960,SÃO SEPÉ,43,0.708,0.576,0.708,0.871,656.77,0.51,10.78,21.54,7.59,9.73,97.32,2.68,37.24,90.28,99.31,98.43,70.14,23798,18821,307,1578
431970,SÃO VALENTIM,43,0.72,0.612,0.745,0.82,826.2,0.53,11.38,23.48,9.37,10.8,99.19,0.81,34.37,86.67,99.22,95.98,78.82,3632,1744,44,226
431971,SÃO VALENTIM DO SUL,43,0.764,0.677,0.776,0.848,1000.93,0.45,4.13,7.0,4.23,9.93,98.02,1.98,20.16,93.65,100.0,100.0,66.04,2168,746,18,100
431973,SÃO VALÉRIO DO SUL,43,0.642,0.48,0.674,0.816,530.07,0.57,22.04,32.09,13.67,8.63,94.24,5.76,49.3,98.64,98.07,98.6,53.31,2647,510,72,294
431975,SÃO VENDELINO,43,0.754,0.677,0.743,0.852,814.28,0.29,0.0,0.0,1.17,11.28,100.0,0.0,26.17,98.58,100.0,99.19,85.06,1944,1353,21,93
431980,SÃO VICENTE DO SUL,43,0.685,0.553,0.698,0.831,614.13,0.52,12.2,26.57,7.53,9.19,98.21,1.79,37.38,87.68,99.95,95.98,63.21,8440,5881,100,627
431990,SAPIRANGA,43,0.711,0.598,0.722,0.832,713.99,0.41,3.73,7.5,3.91,9.45,97.56,2.44,36.26,99.01,99.73,99.75,67.2,74985,72286,1135,6264
432000,SAPUCAIA DO SUL,43,0.726,0.624,0.726,0.844,733.28,0.44,4.94,10.05,3.33,9.71,97.39,2.61,21.14,98.81,99.8,99.49,62.63,130957,130469,1965,10383
432010,SARANDI,43,0.777,0.705,0.776,0.858,1000.86,0.52,2.58,5.52,5.02,10.54,98.22,1.78,27.77,95.04,99.36,99.74,77.08,21285,17940,264,1487
432020,SEBERI,43,0.723,0.62,0.706,0.865,645.51,0.52,16.38,31.37,8.0,10.51,98.07,1.93,37.3,92.11,99.86,95.31,70.62,10897,5923,137,745
432023,SEDE NOVA,43,0.712,0.543,0.751,0.886,856.09,0.56,13.16,26.74,8.7,10.17,98.99,1.01,41.17,95.01,97.62,98.9,66.61,3011,1581,39,227
432026,SEGREDO,43,0.659,0.525,0.673,0.811,528.42,0.48,18.28,27.62,9.81,10.14,98.53,1.47,47.94,88.21,99.88,93.49,70.11,7158,1807,114,568
432030,SELBACH,43,0.777,0.71,0.785,0.841,1055.91,0.47,2.61,5.4,3.74,10.69,99.66,0.34,20.91,91.86,100.0,99.85,78.57,4929,3450,54,304
432032,SENADOR SALGADO FILHO,43,0.693,0.581,0.701,0.817,628.28,0.42,6.08,12.64,6.06,11.44,96.76,3.24,36.77,98.52,100.0,89.37,80.53,2814,880,25,154
432035,SENTINELA DO SUL,43,0.671,0.545,0.671,0.826,519.1,0.47,12.81,25.65,7.57,10.63,99.52,0.48,40.56,88.66,99.93,99.77,75.41,5198,1282,86,408
432040,SERAFINA CORRÊA,43,0.76,0.69,0.755,0.843,877.24,0.36,1.72,4.75,3.15,11.1,97.91,2.09,20.84,93.04,100.0,99.21,79.98,14253,12054,184,953
432045,SÉRIO,43,0.652,0.471,0.695,0.847,606.03,0.37,7.47,17.65,11.95,8.89,96.93,3.07,54.72,91.62,99.86,98.28,59.34,2281,530,29,131
432050,SERTÃO,43,0.751,0.678,0.746,0.837,827.95,0.46,5.35,11.87,6.1,10.96,97.41,2.59,24.25,88.38,100.0,97.77,78.94,6294,3387,77,398
432055,SERTÃO SANTANA,43,0.689,0.534,0.737,0.832,783.19,0.6,16.57,27.05,7.15,8.96,97.84,2.16,36.77,80.42,99.57,99.41,61.96,5850,1278,75,453
432057,SETE DE SETEMBRO,43,0.683,0.577,0.682,0.81,557.15,0.47,13.96,21.97,4.99,11.45,99.14,0.86,38.91,97.72,98.97,100.0,81.99,2124,494,15,116
432060,SEVERIANO DE ALMEIDA,43,0.752,0.67,0.738,0.861,791.5,0.43,6.08,15.76,6.15,10.02,97.72,2.28,26.79,73.71,99.78,96.26,69.6,3842,1399,54,242
432065,SILVEIRA MARTINS,43,0.742,0.644,0.744,0.852,817.67,0.5,7.84,17.38,5.4,10.46,99.14,0.86,33.12,86.35,99.57,100.0,75.61,2449,1091,26,139
432067,SINIMBU,43,0.631,0.456,0.697,0.792,610.76,0.48,14.11,30.93,8.01,8.87,97.24,2.76,66.61,83.6,99.35,100.0,58.61,10068,1437,118,646
432070,SOBRADINHO,43,0.743,0.647,0.735,0.861,775.79,0.5,7.14,14.54,6.63,10.16,97.56,2.44,29.53,96.8,99.08,99.88,67.02,14283,11347,172,999
432080,SOLEDADE,43,0.731,0.625,0.727,0.861,737.92,0.52,9.13,18.4,8.9,9.27,96.34,3.66,34.29,95.06,98.94,97.59,64.02,30044,24032,420,2274
432085,TABAÍ,43,0.701,0.595,0.694,0.834,599.99,0.41,7.57,19.32,8.02,10.89,100.0,0.0,41.11,88.93,99.35,100.0,76.28,4131,1246,53,301
432090,TAPEJARA,43,0.76,0.688,0.763,0.837,922.28,0.44,1.47,2.93,3.69,9.97,98.54,1.46,25.23,95.81,99.85,99.2,76.19,19250,17080,249,1220
432100,TAPERA,43,0.747,0.672,0.743,0.835,812.48,0.45,4.21,8.84,5.18,10.9,98.95,1.05,32.85,97.19,99.86,99.13,79.15,10448,8820,137,710
432110,TAPES,43,0.695,0.556,0.699,0.862,620.13,0.51,10.42,21.83,6.98,9.59,97.8,2.2,40.37,98.48,99.79,99.62,63.33,16629,14478,279,1427
432120,TAQUARA,43,0.727,0.579,0.754,0.88,871.42,0.5,4.81,8.97,4.34,9.61,97.14,2.86,35.78,96.65,99.63,99.38,67.98,54643,45266,776,4160
432130,TAQUARI,43,0.733,0.629,0.737,0.849,786.91,0.5,5.58,12.09,6.45,8.84,97.17,2.83,32.12,96.57,100.0,99.33,57.83,26092,21875,373,1905
432132,TAQUARUÇU DO SUL,43,0.739,0.633,0.768,0.83,954.19,0.53,6.49,17.08,8.63,10.6,98.28,1.72,36.04,94.75,99.91,93.22,71.5,2966,1164,35,182
432135,TAVARES,43,0.656,0.492,0.692,0.828,594.12,0.42,8.23,18.92,14.38,9.89,95.31,4.69,43.47,96.13,99.12,96.94,68.3,5351,3299,81,383
432140,TENENTE PORTELA,43,0.708,0.603,0.709,0.83,659.27,0.55,18.25,30.96,8.62,10.34,96.74,3.26,40.19,96.22,98.77,94.46,69.0,13719,8847,236,1208
432143,TERRA DE AREIA,43,0.689,0.565,0.699,0.829,620.36,0.43,6.28,10.93,7.26,9.46,98.44,1.56,37.5,94.96,100.0,99.62,64.21,9878,5195,155,819
432145,TEUTÔNIA,43,0.747,0.65,0.751,0.855,854.63,0.35,0.44,0.86,2.0,10.79,99.43,0.57,24.25,99.03,100.0,99.98,77.8,27272,23322,317,1728
432146,TIO HUGO,43,0.742,0.682,0.709,0.845,660.04,0.4,2.67,3.34,6.33,10.45,91.58,8.42,18.62,93.53,100.0,97.4,86.22,2724,1164,36,192
432147,TIRADENTES DO SUL,43,0.689,0.569,0.705,0.815,644.85,0.48,12.98,26.91,10.75,10.58,98.86,1.14,42.88,86.95,98.7,95.86,75.9,6461,2098,96,472
432149,TOROPI,43,0.683,0.569,0.68,0.822,551.5,0.44,13.73,27.98,5.89,10.53,98.0,2.0,37.07,87.45,98.65,100.0,79.03,2952,611,41,169
432150,TORRES,43,0.762,0.685,0.75,0.862,853.62,0.47,3.75,8.43,4.6,10.38,98.45,1.55,20.9,98.68,99.76,99.88,72.09,34656,33340,480,2483
432160,TRAMANDAÍ,43,0.719,0.606,0.727,0.842,737.84,0.5,9.55,19.5,4.08,9.31,97.55,2.45,30.04,98.95,99.49,99.28,68.04,41585,40577,678,3591
432162,TRAVESSEIRO,43,0.701,0.559,0.735,0.839,777.34,0.35,3.32,10.72,4.01,10.31,97.53,2.47,41.09,98.19,99.62,99.68,72.26,2314,887,32,120
432163,TRÊS ARROIOS,43,0.791,0.689,0.843,0.851,1518.78,0.62,1.43,2.0,4.16,10.34,100.0,0.0,19.15,85.74,100.0,99.13,74.62,2855,1027,23,119
432166,TRÊS CACHOEIRAS,43,0.718,0.606,0.722,0.847,713.83,0.4,4.49,5.97,5.92,10.16,97.54,2.46,29.78,87.13,100.0,98.02,75.32,10217,7501,139,684
432170,TRÊS COROAS,43,0.71,0.584,0.74,0.829,799.41,0.4,1.33,2.32,4.0,8.9,98.94,1.06,35.19,87.75,99.5,99.55,61.45,23848,20546,329,1727
432180,TRÊS DE MAIO,43,0.759,0.694,0.756,0.834,881.15,0.5,4.7,11.88,4.43,11.55,98.83,1.17,20.04,93.54,99.72,98.73,81.76,23726,18962,257,1357
432183,TRÊS FORQUILHAS,43,0.662,0.539,0.661,0.813,489.32,0.41,11.25,20.51,12.59,10.34,96.0,4.0,41.14,80.61,99.8,98.15,76.43,2914,385,33,214
432185,TRÊS PALMEIRAS,43,0.703,0.56,0.747,0.832,835.88,0.61,15.77,30.43,11.0,10.84,98.36,1.64,33.42,97.82,99.47,98.75,77.84,4381,2090,55,299
432190,TRÊS PASSOS,43,0.768,0.71,0.745,0.858,823.33,0.45,6.24,11.38,5.32,10.63,98.88,1.12,15.04,92.46,99.96,98.6,77.32,23965,19054,295,1458
432195,TRINDADE DO SUL,43,0.687,0.61,0.675,0.787,532.27,0.49,17.85,32.6,11.56,10.94,98.93,1.07,40.11,96.62,98.57,97.9,81.43,5787,2899,67,450
432200,TRIUNFO,43,0.733,0.629,0.717,0.873,695.08,0.44,4.8,11.17,6.51,10.48,98.27,1.73,28.96,89.15,99.72,98.84,71.6,25793,16857,377,2022
432210,TUCUNDUVA,43,0.747,0.682,0.748,0.816,839.53,0.48,6.03,14.3,5.22,11.57,100.0,0.0,27.58,96.6,99.89,99.81,83.11,5898,4035,54,318
432215,TUNAS,43,0.657,0.541,0.659,0.794,482.5,0.47,18.66,30.39,11.47,10.1,98.32,1.68,42.91,83.77,99.35,82.44,65.38,4395,1375,62,327
432218,TUPANCI DO SUL,43,0.694,0.595,0.688,0.818,577.85,0.5,16.92,29.23,10.2,11.0,98.65,1.35,38.67,85.05,99.82,100.0,75.24,1573,473,23,115
432220,TUPANCIRETÃ,43,0.709,0.596,0.721,0.828,708.79,0.57,12.37,22.51,5.5,10.24,97.89,2.11,33.36,92.59,99.14,98.49,70.06,22281,18020,354,1762
432225,TUPANDI,43,0.718,0.597,0.742,0.836,808.39,0.31,0.88,1.75,1.8,8.73,98.81,1.19,28.96,96.72,100.0,99.2,67.34,3924,2721,56,259
432230,TUPARENDI,43,0.728,0.632,0.734,0.832,768.25,0.46,6.06,15.23,5.16,10.86,99.63,0.37,32.01,96.12,99.63,98.7,73.93,8557,5294,74,416
432232,TURUÇU,43,0.629,0.446,0.685,0.814,566.71,0.48,10.38,20.2,6.24,8.59,99.33,0.67,47.29,85.38,99.74,98.43,59.15,3522,1487,43,248
432234,UBIRETAMA,43,0.7,0.613,0.691,0.809,590.64,0.36,4.27,9.47,4.14,11.45,99.3,0.7,33.63,98.9,99.45,83.33,81.84,2296,500,36,141
432235,UNIÃO DA SERRA,43,0.733,0.587,0.786,0.852,1068.08,0.37,1.26,3.58,4.98,10.4,98.72,1.28,32.63,87.12,99.85,97.6,81.37,1487,280,15,61
432237,UNISTALDA,43,0.649,0.542,0.626,0.804,392.38,0.47,22.16,39.89,9.42,9.63,99.5,0.5,37.9,73.92,99.08,95.33,65.4,2450,913,22,167
432240,URUGUAIANA,43,0.744,0.661,0.722,0.863,714.26,0.57,12.23,22.81,4.07,10.48,97.6,2.4,22.39,98.25,99.22,98.9,73.55,125435,117415,2145,11384
432250,VACARIA,43,0.721,0.605,0.74,0.838,797.86,0.51,6.11,12.1,5.16,9.5,97.07,2.93,29.18,96.95,99.72,99.7,70.15,61342,57339,862,4855
432252,VALE VERDE,43,0.646,0.497,0.666,0.816,503.24,0.45,13.88,23.76,10.4,9.97,98.94,1.06,47.08,69.42,99.53,95.15,71.9,3253,882,37,216
432253,VALE DO SOL,43,0.624,0.439,0.681,0.813,553.23,0.45,14.82,28.25,6.23,8.87,98.52,1.48,52.99,87.12,99.42,100.0,57.64,11077,1249,160,809
432254,VALE REAL,43,0.737,0.636,0.739,0.85,795.41,0.29,0.34,0.75,2.99,10.46,98.41,1.59,23.16,92.42,99.92,100.0,75.46,5118,4566,55,334
432255,VANINI,43,0.757,0.704,0.736,0.836,780.56,0.35,2.44,5.64,6.41,11.87,98.9,1.1,32.42,99.69,100.0,100.0,88.98,1984,1001,23,116
432260,VENÂNCIO AIRES,43,0.712,0.6,0.736,0.818,779.48,0.45,4.27,8.87,4.65,9.29,97.26,2.74,33.2,92.67,99.75,99.31,63.48,65946,41400,823,4270
432270,VERA CRUZ,43,0.737,0.643,0.738,0.842,790.95,0.47,5.84,11.23,4.7,10.39,98.99,1.01,30.42,95.33,99.7,99.2,75.64,23983,13320,298,1599
432280,VERANÓPOLIS,43,0.773,0.692,0.797,0.838,1141.67,0.47,1.96,5.54,2.8,11.94,99.26,0.74,20.52,93.73,99.95,99.82,83.48,22810,19843,251,1240
432285,VESPASIANO CORREA,43,0.723,0.584,0.758,0.855,895.32,0.35,1.03,1.58,7.24,9.96,98.89,1.11,27.86,97.43,100.0,100.0,66.6,1974,406,12,106
432290,VIADUTOS,43,0.702,0.561,0.715,0.864,683.03,0.42,9.85,20.06,5.44,10.01,95.5,4.5,34.82,91.75,99.81,98.66,71.42,5311,2643,43,291
432300,VIAMÃO,43,0.717,0.591,0.72,0.866,707.05,0.47,7.08,14.17,4.19,9.54,95.86,4.14,23.36,98.08,99.8,99.16,64.49,239384,224943,3666,20578
432310,VICENTE DUTRA,43,0.638,0.489,0.656,0.809,475.13,0.5,22.62,38.05,11.01,8.56,96.12,3.88,54.98,94.18,98.95,91.17,60.87,5285,2351,81,440
432320,VICTOR GRAEFF,43,0.777,0.722,0.774,0.84,989.66,0.46,2.23,3.58,2.54,10.12,99.32,0.68,18.0,91.55,100.0,98.78,75.87,3036,1284,28,177
432330,VILA FLORES,43,0.742,0.65,0.725,0.867,728.71,0.32,1.73,2.81,2.14,9.79,96.86,3.14,30.15,91.61,99.93,100.0,69.49,3207,1348,30,153
432335,VILA LÂNGARO,43,0.705,0.551,0.759,0.839,902.87,0.47,5.64,8.47,5.76,10.4,99.5,0.5,35.45,94.7,99.91,100.0,72.0,2152,366,13,141
432340,VILA MARIA,43,0.761,0.664,0.791,0.839,1101.27,0.4,0.71,1.28,4.3,11.01,98.66,1.34,22.33,97.84,100.0,100.0,80.43,4221,2249,34,224
432345,VILA NOVA DO SUL,43,0.662,0.544,0.645,0.827,442.26,0.44,14.24,25.7,9.12,11.2,96.1,3.9,32.86,84.3,99.81,99.04,74.36,4221,2194,51,297
432350,VISTA ALEGRE,43,0.739,0.631,0.76,0.842,905.87,0.57,12.14,21.46,7.23,11.12,97.95,2.05,29.51,82.56,98.86,99.44,73.57,2832,1185,29,195
432360,VISTA ALEGRE DO PRATA,43,0.78,0.692,0.809,0.847,1231.8,0.44,1.27,1.53,2.55,9.5,94.09,5.91,17.03,94.7,99.86,95.42,72.17,1569,463,15,93
432370,VISTA GAÚCHA,43,0.757,0.669,0.774,0.839,990.13,0.6,6.08,11.58,6.07,12.1,100.0,0.0,25.0,92.61,99.36,99.39,81.52,2759,965,36,176
432375,VITÓRIA DAS MISSÕES,43,0.655,0.526,0.659,0.809,482.44,0.48,19.74,35.66,11.41,11.87,100.0,0.0,36.51,96.05,99.9,93.2,78.31,3485,669,40,213
432377,WESTFALIA,43,0.752,0.63,0.796,0.849,1136.67,0.33,0.33,0.41,1.95,9.95,98.76,1.24,20.64,94.23,99.92,99.18,82.33,2793,1130,38,145
432380,XANGRI-LÁ,43,0.735,0.63,0.74,0.852,798.62,0.43,3.2,5.95,3.31,9.24,97.31,2.69,26.16,98.03,99.74,99.57,59.49,12434,12379,191,1056
500020,ÁGUA CLARA,50,0.67,0.518,0.705,0.823,642.97,0.5,6.0,8.91,8.98,8.94,96.64,3.36,43.82,90.59,99.75,99.32,65.3,14424,9598,244,1321
500025,ALCINÓPOLIS,50,0.711,0.572,0.733,0.858,764.03,0.54,4.67,6.69,11.04,9.93,98.02,1.98,37.77,94.9,99.66,94.89,64.79,4569,3136,59,356
500060,AMAMBAI,50,0.673,0.546,0.683,0.818,561.14,0.56,20.69,34.42,11.14,8.87,93.21,6.79,48.25,90.79,90.67,98.83,64.33,34730,22375,715,3475
500070,ANASTÁCIO,50,0.663,0.557,0.663,0.789,495.48,0.47,14.29,26.17,11.54,10.12,98.43,1.57,40.85,96.03,99.36,95.85,62.59,23835,19674,416,2112
500080,ANAURILÂNDIA,50,0.67,0.538,0.676,0.826,538.13,0.51,14.67,24.77,11.87,9.31,98.88,1.12,45.69,84.52,94.63,99.66,60.27,8493,4322,145,761
500085,ANGÉLICA,50,0.697,0.582,0.692,0.839,592.27,0.42,7.29,13.48,12.06,10.14,98.14,1.86,37.68,93.09,99.57,89.46,69.66,9185,7691,147,710
500090,ANTÔNIO JOÃO,50,0.643,0.526,0.633,0.799,411.49,0.54,25.93,40.25,13.45,9.81,96.87,3.13,46.23,89.52,91.6,91.34,65.71,8208,6828,159,844
500100,APARECIDA DO TABOADO,50,0.697,0.588,0.717,0.804,692.79,0.46,6.02,11.13,9.96,9.34,97.44,2.56,35.58,99.23,99.9,99.79,67.42,22320,20096,323,1694
500110,AQUIDAUANA,50,0.688,0.562,0.69,0.84,585.62,0.56,17.36,28.77,8.53,9.55,97.59,2.41,37.34,93.76,97.86,96.88,62.53,45614,35926,801,4108
500124,ARAL MOREIRA,50,0.633,0.507,0.628,0.798,398.5,0.53,26.82,40.6,14.28,8.98,90.72,9.28,45.76,94.35,95.61,98.43,64.11,10251,5357,226,1172
500150,BANDEIRANTES,50,0.681,0.537,0.694,0.848,602.02,0.51,10.56,17.8,11.99,10.33,97.52,2.48,38.48,99.1,99.23,96.22,73.13,6609,4532,98,532
500190,BATAGUASSU,50,0.71,0.606,0.698,0.847,614.34,0.47,8.09,14.9,10.27,9.82,97.93,2.07,33.35,93.99,99.77,99.02,67.79,19839,15239,325,1655
500200,BATAYPORÃ,50,0.684,0.559,0.702,0.814,631.47,0.56,12.99,21.39,12.53,10.1,97.02,2.98,40.96,96.57,98.91,98.68,70.24,10936,8331,172,951
500210,BELA VISTA,50,0.698,0.585,0.699,0.83,621.23,0.61,18.26,31.22,9.16,10.08,96.02,3.98,33.18,94.47,98.18,90.66,72.1,23181,18927,459,2269
500215,BODOQUENA,50,0.666,0.573,0.665,0.776,500.13,0.5,17.61,26.66,10.81,10.97,99.2,0.8,38.26,90.53,99.72,97.82,71.15,7985,5777,134,686
500220,BONITO,50,0.67,0.508,0.714,0.831,679.03,0.54,8.74,14.63,9.31,9.5,97.3,2.7,42.63,95.54,99.78,99.51,63.27,19587,16159,323,1800
500230,BRASILÂNDIA,50,0.701,0.57,0.721,0.837,709.29,0.52,5.47,9.27,10.53,9.85,98.68,1.32,35.44,95.76,99.57,99.04,69.91,11826,8013,194,966
500240,CAARAPÓ,50,0.692,0.592,0.676,0.828,537.01,0.5,18.24,33.43,12.2,9.1,91.47,8.53,44.87,94.54,95.09,99.31,67.56,25767,18309,499,2443
500260,CAMAPUÃ,50,0.703,0.596,0.715,0.817,685.77,0.49,6.96,11.89,10.57,9.65,97.94,2.06,27.61,97.49,99.9,97.39,69.72,13625,9797,200,1013
500270,CAMPO GRANDE,50,0.784,0.724,0.79,0.844,1089.37,0.56,4.59,9.32,3.92,10.93,97.96,2.04,18.86,99.3,99.9,99.8,77.69,786797,776242,11090,57761
500280,CARACOL,50,0.647,0.522,0.628,0.826,399.46,0.43,15.78,25.15,8.53,10.15,97.95,2.05,40.29,88.97,98.28,99.94,64.23,5398,3238,84,490
500290,CASSILÂNDIA,50,0.727,0.627,0.756,0.811,885.1,0.54,3.87,8.47,11.54,10.45,98.9,1.1,33.04,98.03,99.84,99.64,71.16,20966,19008,330,1540
500295,CHAPADÃO DO SUL,50,0.754,0.665,0.758,0.85,896.92,0.47,3.17,5.29,4.61,10.72,98.31,1.69,23.22,96.47,99.95,98.87,74.79,19648,16777,321,1573
500310,CORGUINHO,50,0.671,0.531,0.684,0.83,566.09,0.53,12.48,17.93,11.55,9.69,98.3,1.7,43.69,91.43,91.12,98.49,63.31,4862,1872,75,415
500315,CORONEL SAPUCAIA,50,0.589,0.417,0.607,0.806,350.37,0.55,35.06,52.45,17.86,8.25,84.05,15.95,56.61,93.96,88.94,98.1,64.27,14064,10208,330,1724
500320,CORUMBÁ,50,0.7,0.586,0.701,0.834,627.1,0.55,16.11,26.35,6.35,9.99,94.66,5.34,27.01,93.32,97.47,97.62,68.23,103703,93452,1787,9883
500325,COSTA RICA,50,0.706,0.606,0.717,0.811,693.05,0.47,5.45,9.7,9.28,9.04,98.58,1.42,25.64,95.47,99.85,99.81,61.35,19695,16848,272,1471
500330,COXIM,50,0.703,0.579,0.719,0.836,703.01,0.51,8.47,15.28,10.46,9.97,97.08,2.92,33.27,96.1,99.62,97.22,66.45,32159,29145,447,2503
500345,DEODÁPOLIS,50,0.694,0.595,0.693,0.81,596.5,0.45,7.79,13.18,13.11,10.77,99.03,0.97,26.92,98.12,99.26,94.4,74.29,12139,10047,188,948
500348,DOIS IRMÃOS DO BURITI,50,0.639,0.528,0.64,0.773,429.18,0.58,29.35,42.81,12.42,9.84,95.9,4.1,42.71,97.93,97.38,98.95,68.48,10363,4705,184,969
500350,DOURADINA,50,0.699,0.597,0.706,0.809,648.98,0.61,19.72,36.21,10.46,10.43,99.09,0.91,35.8,95.12,95.11,98.95,69.25,5364,3286,91,497
500370,DOURADOS,50,0.747,0.657,0.753,0.843,866.4,0.52,5.96,11.59,5.56,10.01,97.08,2.92,25.52,98.57,99.49,99.13,69.55,196035,181005,3092,15725
500375,ELDORADO,50,0.684,0.577,0.674,0.824,530.89,0.49,12.39,22.72,14.21,9.11,96.13,3.87,43.08,87.39,98.49,98.32,60.81,11694,9348,197,1019
500380,FÁTIMA DO SUL,50,0.714,0.621,0.719,0.815,701.87,0.52,7.62,13.74,11.73,10.45,97.98,2.02,30.51,99.34,99.93,98.38,71.48,19035,16967,253,1321
500390,FIGUEIRÃO,50,0.66,0.511,0.677,0.83,541.93,0.44,7.59,12.81,10.66,8.72,95.98,4.02,51.88,95.85,99.11,100.0,72.14,2928,1530,36,225
500400,GLÓRIA DE DOURADOS,50,0.721,0.648,0.705,0.822,644.1,0.46,6.95,14.62,11.16,10.66,99.77,0.23,27.69,95.24,99.85,99.55,73.74,9927,7670,142,707
500410,GUIA LOPES DA LAGUNA,50,0.675,0.549,0.677,0.826,541.87,0.57,19.15,31.0,13.49,10.27,96.54,3.46,43.21,98.81,99.74,95.8,65.36,10366,8785,164,902
500430,IGUATEMI,50,0.662,0.53,0.671,0.817,519.03,0.51,13.89,21.78,12.71,8.87,96.04,3.96,47.01,94.13,99.03,97.9,61.23,14875,11006,274,1403
500440,INOCÊNCIA,50,0.681,0.531,0.702,0.846,633.12,0.48,6.7,9.95,13.47,8.91,96.58,3.42,38.37,90.85,99.11,97.09,60.96,7669,4871,100,611
500450,ITAPORÃ,50,0.654,0.523,0.66,0.809,487.51,0.54,22.5,40.13,11.9,9.01,94.83,5.17,53.09,97.73,95.01,98.41,60.68,20865,13290,451,2184
500460,ITAQUIRAÍ,50,0.62,0.479,0.645,0.772,442.57,0.5,20.48,31.1,16.74,9.56,97.47,2.53,48.08,80.53,96.16,99.11,61.81,18614,7600,303,1674
500470,IVINHEMA,50,0.72,0.615,0.715,0.85,685.17,0.48,7.72,15.38,9.92,9.85,98.95,1.05,30.03,91.02,99.96,96.98,66.8,22341,17274,273,1582
500480,JAPORÃ,50,0.526,0.337,0.547,0.791,241.32,0.66,56.46,71.62,23.12,7.3,86.07,13.93,70.83,79.89,77.47,93.91,46.54,7731,1400,222,1036
500490,JARAGUARI,50,0.664,0.53,0.668,0.827,511.64,0.48,13.49,25.39,9.34,9.85,96.53,3.47,35.28,89.12,98.48,98.62,68.66,6341,1786,92,487
500500,JARDIM,50,0.712,0.595,0.718,0.845,697.92,0.55,11.42,21.46,7.94,10.04,98.92,1.08,39.39,96.71,99.47,98.52,67.29,24346,22741,421,2152
500510,JATEÍ,50,0.708,0.579,0.716,0.857,690.71,0.6,11.07,16.56,12.68,9.82,95.59,4.41,37.71,81.38,100.0,100.0,70.43,4011,1871,65,323
500515,JUTI,50,0.623,0.485,0.646,0.77,446.17,0.51,22.95,35.79,18.67,10.08,93.45,6.55,53.97,91.89,93.76,94.95,68.25,5900,3925,112,567
500520,LADÁRIO,50,0.704,0.618,0.687,0.822,575.16,0.52,17.13,27.63,6.69,9.76,97.04,2.96,24.86,94.79,99.45,93.25,59.97,19617,18587,416,2081
500525,LAGUNA CARAPÃ,50,0.672,0.545,0.676,0.822,536.02,0.53,21.84,39.7,12.24,9.24,95.0,5.0,50.88,96.64,93.53,95.34,66.32,6491,2737,128,654
500540,MARACAJU,50,0.736,0.613,0.744,0.873,819.6,0.54,7.82,11.31,7.22,9.75,96.46,3.54,32.44,97.93,98.74,98.72,71.82,37405,32224,564,3104
500560,MIRANDA,50,0.632,0.507,0.638,0.782,424.44,0.54,25.34,38.9,12.52,8.62,94.25,5.75,45.57,84.87,98.66,98.28,64.65,25595,15567,487,2499
500568,MUNDO NOVO,50,0.686,0.565,0.707,0.808,652.56,0.5,10.2,18.91,11.81,9.42,96.98,3.02,41.29,92.5,99.87,98.2,60.9,17043,15271,233,1261
500570,NAVIRAÍ,50,0.7,0.597,0.715,0.803,683.86,0.47,6.88,14.62,10.12,10.31,97.0,3.0,33.14,98.83,99.72,99.71,72.17,46424,42855,773,3698
500580,NIOAQUE,50,0.639,0.483,0.658,0.822,480.75,0.58,27.53,40.15,12.2,9.38,96.95,3.05,50.19,93.31,98.34,94.13,64.69,14391,7057,262,1361
500600,NOVA ALVORADA DO SUL,50,0.694,0.554,0.746,0.809,830.08,0.58,7.44,11.82,9.38,10.27,96.17,3.83,34.18,96.42,98.78,99.2,71.83,16432,12286,265,1400
500620,NOVA ANDRADINA,50,0.721,0.616,0.716,0.85,688.15,0.48,8.27,13.84,8.52,10.11,98.21,1.79,28.86,93.88,98.04,99.61,69.94,45585,38786,739,3641
500625,NOVO HORIZONTE DO SUL,50,0.649,0.523,0.656,0.798,472.75,0.4,11.49,21.23,12.97,9.1,98.16,1.84,45.33,67.61,99.88,99.51,57.15,4940,2660,73,392
500630,PARANAÍBA,50,0.721,0.627,0.727,0.823,738.58,0.49,5.67,10.29,10.82,10.25,99.29,0.71,33.41,99.02,99.87,97.83,71.56,40192,35754,543,2850
500635,PARANHOS,50,0.588,0.444,0.566,0.811,271.52,0.64,52.84,69.34,17.88,8.78,91.6,8.4,61.24,70.18,70.97,96.69,63.86,12350,6263,338,1621
500640,PEDRO GOMES,50,0.671,0.562,0.672,0.801,524.83,0.48,12.72,22.69,16.96,10.33,99.15,0.85,46.81,93.53,99.26,98.03,70.43,7967,6148,129,657
500660,PONTA PORÃ,50,0.701,0.598,0.708,0.812,653.36,0.6,16.69,26.22,9.2,9.94,96.87,3.13,35.12,92.84,99.2,95.93,71.14,77872,62067,1510,7340
500690,PORTO MURTINHO,50,0.666,0.526,0.677,0.83,539.19,0.61,22.79,33.94,10.75,9.12,94.09,5.91,39.71,88.11,97.73,99.39,61.41,15372,10059,283,1500
500710,RIBAS DO RIO PARDO,50,0.664,0.519,0.681,0.83,552.58,0.47,9.84,17.61,10.35,9.29,97.24,2.76,43.32,89.06,99.66,99.48,66.39,20946,12965,403,1923
500720,RIO BRILHANTE,50,0.715,0.59,0.72,0.861,705.6,0.53,9.26,14.75,8.11,9.83,96.75,3.25,37.13,96.95,99.47,96.03,66.67,30663,24557,554,2741
500730,RIO NEGRO,50,0.709,0.585,0.702,0.869,631.11,0.54,12.4,23.56,12.95,9.91,95.2,4.8,36.53,94.84,98.53,94.67,71.43,5036,3665,91,397
500740,RIO VERDE DE MATO GROSSO,50,0.673,0.521,0.686,0.852,570.74,0.46,8.7,16.33,11.84,9.35,94.75,5.25,43.21,93.09,99.55,97.66,67.74,18890,16297,323,1537
500750,ROCHEDO,50,0.651,0.491,0.676,0.83,538.26,0.48,10.99,19.21,7.48,10.14,97.35,2.65,43.08,95.55,99.28,96.48,72.16,4928,2889,75,397
500755,SANTA RITA DO PARDO,50,0.642,0.505,0.655,0.8,471.42,0.44,11.13,16.84,12.56,9.13,97.72,2.28,44.38,92.25,98.33,98.97,64.66,7259,3522,129,629
500769,SÃO GABRIEL DO OESTE,50,0.729,0.608,0.751,0.85,855.21,0.54,4.91,9.97,5.72,9.09,98.12,1.88,30.83,98.95,100.0,98.08,62.59,22203,19300,377,1874
500770,SETE QUEDAS,50,0.614,0.45,0.66,0.778,487.0,0.54,22.79,35.31,18.4,8.2,93.55,6.45,50.81,96.44,95.75,90.22,55.53,10780,8974,178,961
500780,SELVÍRIA,50,0.682,0.576,0.668,0.825,510.94,0.44,12.62,21.01,11.68,9.96,96.07,3.93,32.55,90.55,98.26,96.93,74.79,6287,4772,95,502
500790,SIDROLÂNDIA,50,0.686,0.561,0.694,0.829,599.76,0.57,17.19,23.52,8.84,9.91,98.11,1.89,37.09,89.85,95.89,97.45,69.18,42132,27783,685,3688
500793,SONORA,50,0.681,0.557,0.706,0.803,648.07,0.5,8.35,13.46,12.4,10.06,98.46,1.54,37.46,94.9,99.69,99.53,68.33,14833,13401,256,1341
500795,TACURU,50,0.593,0.434,0.615,0.782,367.68,0.6,34.36,47.09,19.45,8.41,94.97,5.03,62.14,81.99,81.35,99.33,52.13,10215,3767,226,1194
500797,TAQUARUSSU,50,0.651,0.545,0.657,0.769,478.38,0.42,13.88,24.23,15.97,9.67,94.66,5.34,44.44,95.83,98.83,99.25,74.17,3518,2454,61,285
500800,TERENOS,50,0.658,0.521,0.651,0.839,460.32,0.5,17.75,28.5,8.17,9.19,95.55,4.45,40.99,95.38,94.7,99.43,63.06,17146,7275,300,1542
500830,TRÊS LAGOAS,50,0.744,0.645,0.752,0.849,863.66,0.51,4.85,9.95,6.43,9.82,97.5,2.5,26.46,98.65,99.67,99.21,71.16,101791,97069,1543,7769
500840,VICENTINA,50,0.711,0.626,0.689,0.835,583.56,0.46,7.56,15.8,14.62,9.99,98.72,1.28,33.32,97.81,99.8,97.37,69.52,5901,4243,82,418
510010,ACORIZAL,51,0.628,0.51,0.594,0.816,321.58,0.5,28.54,35.33,23.58,6.99,96.59,3.41,39.46,81.91,99.24,96.76,44.01,5516,2927,96,465
510020,ÁGUA BOA,51,0.729,0.646,0.723,0.829,720.74,0.49,7.38,10.81,7.69,10.01,99.22,0.78,27.19,96.17,98.14,99.84,74.4,20856,16759,341,1786
510025,ALTA FLORESTA,51,0.714,0.629,0.709,0.817,660.84,0.48,5.77,11.6,8.88,9.81,97.97,2.03,27.53,98.65,99.61,96.82,65.68,49164,42718,833,4132
510030,ALTO ARAGUAIA,51,0.704,0.612,0.712,0.802,671.99,0.47,9.48,17.03,8.64,9.1,96.7,3.3,29.29,97.55,96.6,98.35,62.67,15644,13821,249,1261
510035,ALTO BOA VISTA,51,0.651,0.561,0.613,0.803,362.66,0.57,35.68,49.15,11.51,8.17,96.81,3.19,30.02,72.6,79.82,96.38,54.95,5247,3178,109,565
510040,ALTO GARÇAS,51,0.701,0.583,0.707,0.835,651.91,0.46,7.7,14.32,9.31,8.92,98.06,1.94,29.78,94.04,99.57,98.32,68.36,10350,9455,177,879
510050,ALTO PARAGUAI,51,0.638,0.541,0.612,0.784,360.06,0.47,24.55,31.9,14.64,8.96,95.36,4.64,36.88,87.83,90.31,87.74,56.35,10066,6383,162,910
510060,ALTO TAQUARI,51,0.705,0.571,0.736,0.833,781.26,0.46,4.3,7.39,6.63,9.03,98.32,1.68,34.56,99.0,99.98,100.0,64.7,8072,7323,140,767
510080,APIACÁS,51,0.675,0.57,0.666,0.809,504.04,0.46,12.73,19.32,13.38,8.98,95.03,4.97,37.89,91.6,98.28,94.63,61.57,8567,6377,166,809
510100,ARAGUAIANA,51,0.687,0.591,0.671,0.817,519.03,0.43,9.57,17.02,12.42,9.99,98.3,1.7,29.7,94.3,97.79,92.8,70.82,3197,2189,47,251
510120,ARAGUAINHA,51,0.701,0.627,0.65,0.844,456.43,0.4,9.69,15.83,14.59,10.83,98.37,1.63,24.1,96.12,97.13,97.5,71.53,1096,944,22,83
510125,ARAPUTANGA,51,0.725,0.655,0.704,0.826,639.18,0.5,9.03,16.62,11.13,9.47,97.45,2.55,20.34,93.6,97.83,99.54,67.54,15342,12185,227,1300
510130,ARENÁPOLIS,51,0.704,0.649,0.677,0.793,540.59,0.46,11.2,16.79,12.3,9.95,98.4,1.6,26.65,84.85,99.29,92.03,65.27,10316,9750,135,771
510140,ARIPUANÃ,51,0.675,0.553,0.682,0.816,558.26,0.56,19.96,26.14,10.0,6.75,92.69,7.31,40.4,90.86,93.36,98.56,44.23,18656,11681,346,1797
510160,BARÃO DE MELGAÇO,51,0.6,0.44,0.598,0.82,330.46,0.5,27.47,42.12,17.4,6.93,86.29,13.71,45.87,71.56,94.76,79.46,44.12,7591,3422,141,681
510170,BARRA DO BUGRES,51,0.693,0.595,0.684,0.818,563.98,0.51,14.73,21.35,13.21,8.7,96.86,3.14,35.04,94.44,99.04,96.55,60.12,31793,25996,572,2872
510180,BARRA DO GARÇAS,51,0.748,0.693,0.738,0.817,789.99,0.55,10.88,21.0,7.24,10.29,96.34,3.66,18.86,97.46,98.02,96.97,74.72,56560,50947,921,4630
510185,BOM JESUS DO ARAGUAIA,51,0.661,0.555,0.665,0.784,500.5,0.48,16.68,25.06,10.5,7.32,97.2,2.8,41.36,87.11,97.33,99.0,46.87,5314,2648,94,506
510190,BRASNORTE,51,0.696,0.571,0.695,0.85,602.75,0.53,17.46,26.7,9.21,8.69,96.03,3.97,35.13,88.98,90.67,92.11,66.36,15357,10038,279,1457
510250,CÁCERES,51,0.708,0.633,0.691,0.813,590.43,0.53,14.28,23.62,10.18,9.09,97.8,2.2,28.72,95.51,99.04,92.35,62.38,87942,76568,1533,7980
510260,CAMPINÁPOLIS,51,0.538,0.324,0.597,0.803,328.15,0.69,54.03,72.28,24.7,6.41,81.84,18.16,68.66,81.44,57.82,92.67,40.49,14305,4820,445,1908
510263,CAMPO NOVO DO PARECIS,51,0.734,0.649,0.745,0.819,823.32,0.45,2.18,3.3,5.59,9.19,97.85,2.15,29.07,97.56,100.0,99.61,66.43,27577,25584,449,2386
510267,CAMPO VERDE,51,0.75,0.67,0.755,0.834,878.37,0.51,3.57,5.19,6.32,9.46,98.06,1.94,21.75,92.24,98.32,97.56,69.96,31589,25472,590,2805
510268,CAMPOS DE JÚLIO,51,0.744,0.625,0.8,0.825,1162.4,0.62,1.8,3.48,5.68,8.25,97.91,2.09,33.79,96.61,98.57,100.0,60.14,5154,4014,100,519
510269,CANABRAVA DO NORTE,51,0.667,0.589,0.616,0.817,370.81,0.52,27.37,35.36,11.32,10.2,98.07,1.93,35.73,90.19,96.41,94.5,70.31,4786,2691,106,511
510270,CANARANA,51,0.693,0.549,0.735,0.825,774.65,0.53,10.29,19.96,10.28,9.18,94.28,5.72,42.35,95.0,95.05,97.2,65.45,18754,14805,362,1688
510279,CARLINDA,51,0.665,0.553,0.656,0.809,474.83,0.52,18.91,30.9,15.75,9.75,98.66,1.34,40.76,96.44,98.33,98.65,57.24,10990,4575,183,941
510285,CASTANHEIRA,51,0.665,0.547,0.671,0.8,520.54,0.55,20.79,34.18,13.29,9.58,96.77,3.23,33.84,96.7,90.54,90.99,71.86,8231,3921,132,734
510300,CHAPADA DOS GUIMARÃES,51,0.688,0.578,0.677,0.833,540.98,0.53,18.62,29.86,12.63,8.73,95.67,4.33,36.68,83.59,96.99,97.34,56.1,17821,11037,278,1501
510305,CLÁUDIA,51,0.699,0.586,0.719,0.809,700.38,0.57,11.68,18.19,9.42,9.63,97.5,2.5,35.42,96.7,95.29,99.28,70.21,11028,8442,180,1042
510310,COCALINHO,51,0.66,0.528,0.674,0.807,531.41,0.48,12.8,20.21,15.97,7.74,90.43,9.57,40.93,94.54,96.26,91.33,55.32,5490,3647,109,508
510320,COLÍDER,51,0.713,0.604,0.732,0.819,758.67,0.56,8.8,14.13,9.99,9.2,97.22,2.78,34.34,98.43,99.57,96.35,65.33,30766,25014,473,2385
510325,COLNIZA,51,0.611,0.443,0.633,0.815,411.69,0.58,31.89,41.2,10.78,6.83,95.39,4.61,50.81,92.72,71.25,87.68,47.21,26381,14987,572,2743
510330,COMODORO,51,0.689,0.567,0.687,0.84,573.89,0.54,17.62,28.85,12.74,8.67,96.1,3.9,37.56,90.65,90.83,95.66,59.22,18178,12582,337,1774
510335,CONFRESA,51,0.668,0.556,0.66,0.812,484.89,0.58,25.71,35.48,11.52,9.24,97.15,2.85,38.69,96.2,97.91,95.73,59.44,25124,14229,515,2534
510336,CONQUISTA D'OESTE,51,0.718,0.65,0.707,0.807,650.3,0.5,10.77,18.2,11.76,8.81,98.61,1.39,31.78,93.5,96.14,99.34,58.9,3385,2053,62,313
510337,COTRIGUAÇU,51,0.601,0.423,0.623,0.825,387.24,0.57,35.44,45.03,9.28,6.12,87.85,12.15,49.29,72.14,69.56,86.44,47.58,14983,5132,322,1642
510340,CUIABÁ,51,0.785,0.726,0.8,0.834,1161.49,0.59,5.31,10.75,4.24,9.91,95.8,4.2,16.92,97.04,99.92,98.28,70.54,551098,540814,7943,41197
510343,CURVELÂNDIA,51,0.69,0.615,0.658,0.811,480.92,0.47,14.43,26.49,15.12,9.35,99.69,0.31,34.73,98.35,100.0,93.82,61.92,4866,2894,90,447
510345,DENISE,51,0.683,0.59,0.672,0.802,524.91,0.42,7.34,10.74,14.21,8.21,97.58,2.42,31.18,99.03,99.58,100.0,56.05,8523,7292,173,828
510350,DIAMANTINO,51,0.718,0.625,0.714,0.831,681.66,0.47,9.18,13.1,6.98,8.76,98.16,1.84,28.83,95.28,99.18,97.85,58.7,20341,15895,351,1756
510360,DOM AQUINO,51,0.69,0.593,0.687,0.806,575.47,0.51,13.08,22.13,14.01,10.03,99.16,0.84,35.95,92.72,99.68,94.38,66.22,8171,6558,122,611
510370,FELIZ NATAL,51,0.692,0.548,0.737,0.819,786.26,0.46,11.93,17.43,8.78,8.95,96.6,3.4,35.66,96.19,99.37,97.26,63.76,10933,8123,246,1280
510380,FIGUEIRÓPOLIS D'OESTE,51,0.679,0.599,0.665,0.786,502.34,0.42,9.17,16.03,12.92,8.2,98.28,1.72,28.22,95.27,99.32,99.33,71.32,3796,2010,61,292
510385,GAÚCHA DO NORTE,51,0.615,0.418,0.658,0.847,481.01,0.67,38.53,51.69,23.46,5.71,81.5,18.5,60.42,93.61,71.52,99.44,48.7,6293,2196,147,677
510390,GENERAL CARNEIRO,51,0.67,0.569,0.645,0.82,441.94,0.59,31.58,47.49,12.06,10.0,97.24,2.76,24.8,88.05,93.13,97.66,64.33,5027,2358,109,528
510395,GLÓRIA D'OESTE,51,0.71,0.636,0.684,0.823,564.35,0.48,10.66,17.04,13.16,10.63,97.88,2.12,30.55,95.73,99.87,93.96,76.95,3135,2147,37,244
510410,GUARANTÃ DO NORTE,51,0.703,0.609,0.692,0.826,594.14,0.48,10.6,16.75,7.51,8.83,97.76,2.24,31.97,96.41,98.8,95.69,61.65,32216,23940,508,2586
510420,GUIRATINGA,51,0.705,0.637,0.677,0.813,542.02,0.48,12.53,21.82,12.66,10.44,99.21,0.79,29.99,88.37,97.54,98.65,69.3,13934,11467,195,1039
510450,INDIAVAÍ,51,0.661,0.533,0.645,0.841,443.9,0.46,14.09,23.6,14.4,8.11,95.35,4.65,40.44,99.07,100.0,99.83,63.28,2397,1781,52,250
510452,IPIRANGA DO NORTE,51,0.727,0.642,0.742,0.807,812.25,0.48,5.92,7.98,5.18,9.93,99.25,0.75,26.47,97.82,100.0,100.0,74.56,5123,3475,82,476
510454,ITANHANGÁ,51,0.71,0.597,0.699,0.856,620.06,0.51,12.9,20.64,7.94,8.76,97.1,2.9,34.28,95.03,99.26,95.43,61.54,5276,3171,94,498
510455,ITAÚBA,51,0.69,0.569,0.714,0.809,680.94,0.58,13.14,22.53,12.94,10.79,98.33,1.67,47.54,97.05,99.32,99.84,67.14,4575,3714,74,426
510460,ITIQUIRA,51,0.693,0.591,0.694,0.812,602.03,0.47,8.66,13.92,7.25,9.49,96.57,3.43,30.16,92.79,98.79,99.18,70.68,11478,4442,201,992
510480,JACIARA,51,0.735,0.655,0.728,0.833,742.81,0.51,8.84,13.46,10.03,8.8,98.18,1.82,29.49,96.81,99.39,97.5,68.16,25647,23623,417,2064
510490,JANGADA,51,0.63,0.549,0.567,0.805,271.99,0.56,40.41,46.72,20.35,9.11,96.14,3.86,33.31,59.35,98.45,97.26,62.02,7696,2946,132,774
510500,JAURU,51,0.673,0.563,0.668,0.812,511.39,0.52,21.23,30.95,17.19,8.63,97.66,2.34,34.08,91.6,99.02,99.44,65.56,10455,6171,179,948
510510,JUARA,51,0.682,0.543,0.699,0.836,619.81,0.49,10.64,19.57,9.9,7.78,95.98,4.02,43.45,96.6,97.99,96.87,52.72,32791,26020,548,2813
510515,JUÍNA,51,0.716,0.593,0.733,0.845,763.35,0.58,10.48,16.14,9.86,7.61,96.37,3.63,35.46,97.03,98.14,91.58,52.79,39255,33960,637,3439
510517,JURUENA,51,0.662,0.563,0.647,0.797,448.89,0.44,16.58,23.88,9.98,8.41,96.57,3.43,36.0,94.6,98.23,91.83,55.62,11201,6801,245,1160
510520,JUSCIMEIRA,51,0.714,0.637,0.678,0.842,542.77,0.43,9.91,15.42,14.81,10.81,99.29,0.71,30.7,91.36,99.28,97.13,79.07,11430,8501,186,864
510523,LAMBARI D'OESTE,51,0.627,0.467,0.67,0.787,516.75,0.48,10.0,15.07,15.47,7.69,95.37,4.63,51.9,94.91,99.75,97.19,50.38,5431,2895,115,499
510525,LUCAS DO RIO VERDE,51,0.768,0.71,0.766,0.833,938.65,0.46,2.64,4.39,3.26,10.21,97.5,2.5,20.28,99.55,100.0,99.12,75.16,45556,42455,733,3684
510530,LUCIARA,51,0.676,0.634,0.617,0.788,371.24,0.43,16.54,27.09,13.48,9.41,97.98,2.02,29.89,98.32,97.64,95.2,61.39,2224,2029,44,215
510550,VILA BELA DA SANTÍSSIMA TRINDADE,51,0.645,0.495,0.644,0.843,439.15,0.59,29.73,41.18,10.61,7.24,93.91,6.09,36.39,83.67,97.04,96.23,48.73,14493,5166,325,1552
510558,MARCELÂNDIA,51,0.701,0.604,0.7,0.813,621.76,0.55,12.32,17.39,11.76,9.74,98.28,1.72,35.36,98.31,97.04,99.17,73.38,12006,7426,194,1108
510560,MATUPÁ,51,0.716,0.631,0.706,0.824,649.23,0.55,16.03,25.04,9.02,9.64,98.58,1.42,31.31,97.09,98.64,89.75,66.89,14174,10927,229,1294
510562,MIRASSOL D'OESTE,51,0.704,0.592,0.723,0.816,718.18,0.55,9.14,15.04,11.53,8.6,96.57,3.43,29.25,97.11,99.68,96.27,62.69,25299,21470,379,2043
510590,NOBRES,51,0.699,0.611,0.675,0.827,533.53,0.46,11.98,18.18,11.98,9.86,97.79,2.21,27.18,87.27,99.13,98.23,66.63,15002,12454,253,1329
510600,NORTELÂNDIA,51,0.702,0.668,0.653,0.793,466.17,0.43,15.73,28.41,12.58,9.44,96.81,3.19,24.91,90.72,99.82,99.27,69.12,6436,5269,104,522
510610,NOSSA SENHORA DO LIVRAMENTO,51,0.638,0.529,0.6,0.82,335.56,0.47,27.02,41.27,22.85,8.25,95.52,4.48,39.94,69.51,97.59,95.83,63.38,11609,4242,194,961
510615,NOVA BANDEIRANTES,51,0.65,0.469,0.696,0.842,608.32,0.62,24.46,32.03,7.86,8.23,93.83,6.17,48.13,97.13,84.23,99.2,56.45,11643,4062,200,992
510617,NOVA NAZARÉ,51,0.595,0.427,0.621,0.793,381.54,0.55,39.06,52.74,23.47,5.81,66.29,33.71,45.92,95.0,62.93,95.35,65.43,3029,1119,82,379
510618,NOVA LACERDA,51,0.636,0.485,0.643,0.825,437.33,0.51,23.66,29.76,11.5,8.13,92.95,7.05,42.24,88.65,93.89,99.22,57.35,5436,2980,131,536
510619,NOVA SANTA HELENA,51,0.714,0.603,0.745,0.809,824.04,0.64,10.98,15.3,11.9,10.46,97.95,2.05,42.04,96.76,98.15,97.95,60.47,3468,1988,39,301
510620,NOVA BRASILÂNDIA,51,0.651,0.485,0.673,0.845,526.35,0.64,25.34,32.9,20.15,8.66,95.42,4.58,38.08,83.03,99.6,88.55,53.84,4587,3659,69,420
510621,NOVA CANAÃ DO NORTE,51,0.686,0.572,0.692,0.815,591.9,0.55,16.15,25.46,12.48,8.69,97.96,2.04,38.58,96.07,97.54,95.01,58.13,12127,6816,205,1054
510622,NOVA MUTUM,51,0.758,0.673,0.773,0.837,982.9,0.51,2.85,5.83,3.86,9.11,97.24,2.76,20.34,98.03,99.72,99.15,66.91,31649,25865,510,2586
510623,NOVA OLÍMPIA,51,0.682,0.561,0.704,0.804,639.03,0.56,9.91,15.3,12.89,7.15,95.67,4.33,38.44,95.55,99.69,100.0,41.72,17515,15836,281,1792
510624,NOVA UBIRATÃ,51,0.669,0.529,0.694,0.816,599.32,0.5,12.27,15.95,8.46,8.49,96.55,3.45,37.02,93.34,99.23,79.87,58.92,9218,5930,193,871
510625,NOVA XAVANTINA,51,0.704,0.613,0.713,0.8,674.44,0.53,11.07,19.63,10.75,9.78,97.58,2.42,33.49,91.46,98.86,97.1,68.63,19643,15746,301,1564
510626,NOVO MUNDO,51,0.674,0.577,0.652,0.815,461.47,0.52,20.83,33.18,11.21,9.85,99.2,0.8,35.44,95.58,96.97,94.15,67.57,7332,2883,129,678
510627,NOVO HORIZONTE DO NORTE,51,0.664,0.548,0.652,0.82,463.77,0.49,21.74,28.65,14.82,9.08,98.31,1.69,43.61,91.95,99.03,96.0,72.28,3749,1777,41,281
510628,NOVO SÃO JOAQUIM,51,0.649,0.507,0.658,0.819,480.73,0.48,13.64,19.15,15.38,8.46,93.83,6.17,43.25,90.6,97.85,98.1,63.15,6042,3717,93,496
510629,PARANAÍTA,51,0.672,0.555,0.677,0.809,540.22,0.53,15.98,24.5,11.3,9.56,97.38,2.62,40.64,96.89,98.63,92.88,69.25,10684,5652,184,902
510630,PARANATINGA,51,0.667,0.532,0.679,0.82,547.43,0.5,14.68,19.3,11.43,7.91,94.85,5.15,37.46,94.55,94.87,98.71,56.99,19290,14815,329,1730
510631,NOVO SANTO ANTÔNIO,51,0.653,0.526,0.64,0.829,428.26,0.51,22.4,34.2,12.54,10.26,96.81,3.19,41.74,85.12,91.39,91.83,65.15,2005,1346,42,203
510637,PEDRA PRETA,51,0.679,0.573,0.672,0.812,523.92,0.43,10.15,17.78,13.13,8.96,98.16,1.84,31.84,93.83,98.76,98.29,63.15,15755,11383,252,1262
510642,PEIXOTO DE AZEVEDO,51,0.649,0.521,0.691,0.761,589.21,0.67,27.37,38.29,14.82,8.68,90.6,9.4,40.47,93.32,94.95,97.84,63.91,30812,19804,577,2976
510645,PLANALTO DA SERRA,51,0.656,0.565,0.615,0.813,366.39,0.44,21.44,32.59,13.98,10.03,98.46,1.54,47.22,93.63,97.77,97.96,68.2,2726,2054,38,243
510650,POCONÉ,51,0.652,0.534,0.643,0.806,436.83,0.52,21.09,30.76,17.86,8.51,94.29,5.71,35.65,91.96,98.03,93.48,59.07,31779,23062,580,2897
510665,PONTAL DO ARAGUAIA,51,0.734,0.702,0.691,0.816,589.32,0.48,7.36,9.91,8.87,10.25,97.64,2.36,18.28,96.16,98.02,98.87,74.56,5395,4452,76,445
510670,PONTE BRANCA,51,0.686,0.585,0.684,0.806,565.09,0.49,7.57,12.57,13.13,11.36,97.9,2.1,25.65,95.22,99.62,99.44,87.72,1768,1509,18,125
510675,PONTES E LACERDA,51,0.703,0.605,0.711,0.807,665.92,0.49,9.04,15.66,9.95,9.23,96.84,3.16,30.72,96.67,99.36,97.71,63.59,41408,34662,696,3616
510677,PORTO ALEGRE DO NORTE,51,0.673,0.587,0.647,0.803,449.5,0.52,22.61,33.18,10.56,8.47,97.35,2.65,33.16,93.12,96.49,98.6,54.73,10748,5179,204,1071
510680,PORTO DOS GAÚCHOS,51,0.685,0.561,0.703,0.815,635.97,0.5,8.41,12.97,11.65,8.04,97.15,2.85,38.41,96.99,97.55,100.0,55.24,5449,2764,94,514
510682,PORTO ESPERIDIÃO,51,0.652,0.523,0.666,0.795,504.99,0.59,23.19,36.53,14.31,9.06,98.5,1.5,39.86,89.79,96.3,98.08,54.91,11031,4203,179,1061
510685,PORTO ESTRELA,51,0.599,0.467,0.571,0.804,280.21,0.51,38.53,55.78,25.43,8.19,93.04,6.96,46.42,90.35,94.61,100.0,60.38,3649,1466,53,333
510700,POXORÉO,51,0.678,0.573,0.653,0.832,463.98,0.49,19.17,31.32,16.69,10.11,94.34,5.66,34.44,93.67,95.44,96.4,69.72,17599,11923,267,1481
510704,PRIMAVERA DO LESTE,51,0.752,0.653,0.774,0.843,990.05,0.51,2.57,3.75,4.72,9.35,94.74,5.26,26.91,98.72,99.89,99.44,73.3,52066,49271,792,4399
510706,QUERÊNCIA,51,0.692,0.565,0.701,0.837,628.89,0.5,13.19,20.99,8.18,7.96,91.14,8.86,41.35,94.12,95.38,95.0,57.94,13033,5972,263,1326
510710,SÃO JOSÉ DOS QUATRO MARCOS,51,0.719,0.643,0.707,0.816,653.02,0.54,10.26,16.24,12.07,9.47,98.54,1.46,27.58,98.08,99.6,97.21,69.26,18998,14507,275,1384
510715,RESERVA DO CABAÇAL,51,0.676,0.603,0.642,0.799,434.88,0.4,16.24,28.44,17.89,8.47,99.13,0.87,25.07,88.75,96.59,96.47,57.37,2572,1622,30,199
510718,RIBEIRÃO CASCALHEIRA,51,0.67,0.542,0.668,0.831,512.31,0.54,24.05,38.01,11.82,7.9,94.32,5.68,44.64,89.56,95.71,97.65,55.47,8881,5565,166,805
510719,RIBEIRÃOZINHO,51,0.692,0.595,0.694,0.802,599.35,0.47,5.03,9.13,11.55,9.72,95.86,4.14,16.06,94.21,99.52,99.87,73.42,2199,1554,28,182
510720,RIO BRANCO,51,0.707,0.617,0.701,0.817,626.09,0.5,8.57,17.67,14.2,9.59,97.74,2.26,38.59,93.12,99.88,96.32,67.54,5070,4145,65,366
510724,SANTA CARMEM,51,0.715,0.628,0.703,0.827,635.43,0.48,8.3,13.58,8.05,10.34,98.73,1.27,30.45,95.73,99.83,99.63,69.95,4085,3081,75,389
510726,SANTO AFONSO,51,0.689,0.599,0.655,0.834,472.29,0.43,11.74,18.13,17.16,7.56,94.28,5.72,23.15,81.68,99.51,94.76,53.81,2991,1541,41,239
510729,SÃO JOSÉ DO POVO,51,0.661,0.577,0.63,0.793,402.85,0.43,17.89,30.57,14.97,9.03,96.54,3.46,31.06,88.91,99.33,91.2,63.76,3592,1734,54,262
510730,SÃO JOSÉ DO RIO CLARO,51,0.682,0.548,0.689,0.841,580.99,0.48,10.61,16.57,11.91,8.55,95.95,4.05,39.11,92.47,98.34,98.57,63.38,17124,13168,301,1576
510735,SÃO JOSÉ DO XINGU,51,0.657,0.487,0.703,0.828,635.63,0.62,20.22,31.84,14.76,7.3,93.62,6.38,47.45,97.16,96.02,89.72,46.3,5240,3783,95,527
510740,SÃO PEDRO DA CIPA,51,0.66,0.556,0.654,0.79,469.27,0.38,8.82,14.32,16.43,9.97,97.46,2.54,37.46,95.75,99.01,98.63,74.22,4158,3703,73,368
510757,RONDOLÂNDIA,51,0.64,0.53,0.619,0.8,375.85,0.52,27.89,37.75,15.4,8.51,96.74,3.26,31.21,68.97,93.99,86.6,57.48,3604,950,91,405
510760,RONDONÓPOLIS,51,0.755,0.698,0.749,0.823,843.62,0.52,5.44,9.64,7.2,10.19,98.44,1.56,19.42,96.98,99.78,99.45,72.92,195476,188028,2964,15004
510770,ROSÁRIO OESTE,51,0.65,0.52,0.653,0.807,465.66,0.49,19.26,31.27,16.93,9.09,96.52,3.48,42.47,79.02,97.04,92.41,62.22,17679,10654,298,1558
510774,SANTA CRUZ DO XINGU,51,0.684,0.55,0.704,0.828,639.44,0.55,15.94,20.54,8.93,9.41,98.74,1.26,44.53,96.53,96.93,96.92,64.93,1900,1251,43,180
510775,SALTO DO CÉU,51,0.666,0.56,0.661,0.797,488.7,0.48,14.91,25.92,15.24,10.16,99.24,0.76,32.26,81.83,99.37,95.59,69.14,3908,2184,40,302
510776,SANTA RITA DO TRIVELATO,51,0.735,0.632,0.738,0.852,790.41,0.5,5.79,5.7,5.18,7.26,97.23,2.77,27.26,94.84,97.12,100.0,47.97,2491,1367,49,221
510777,SANTA TEREZINHA,51,0.609,0.498,0.596,0.761,326.47,0.57,35.5,45.48,15.28,7.97,95.36,4.64,32.29,92.59,97.94,81.18,51.18,7397,2974,170,829
510779,SANTO ANTÔNIO DO LESTE,51,0.655,0.501,0.658,0.853,481.45,0.47,18.88,26.25,10.53,8.09,85.35,14.65,48.8,89.43,84.98,100.0,61.88,3754,2119,67,363
510780,SANTO ANTÔNIO DO LEVERGER,51,0.656,0.539,0.651,0.806,460.13,0.49,16.76,24.45,16.54,8.39,96.42,3.58,33.42,81.75,98.74,89.26,57.2,18463,7160,323,1585
510785,SÃO FÉLIX DO ARAGUAIA,51,0.668,0.538,0.652,0.848,461.47,0.61,30.01,36.6,12.48,9.09,95.64,4.36,34.26,91.38,96.79,82.24,69.4,10625,6178,212,1031
510787,SAPEZAL,51,0.732,0.62,0.758,0.836,892.71,0.47,4.64,6.28,5.66,9.2,98.07,1.93,30.27,98.92,99.87,100.0,63.92,18094,15124,327,1644
510788,SERRA NOVA DOURADA,51,0.664,0.56,0.638,0.819,422.66,0.44,16.82,25.64,12.25,9.12,97.46,2.54,34.68,94.31,93.94,95.42,62.93,1365,813,19,122
510790,SINOP,51,0.754,0.682,0.755,0.832,877.68,0.49,3.28,5.74,5.07,10.52,97.96,2.04,23.0,98.05,99.96,99.14,75.29,113099,93753,1817,9768
510792,SORRISO,51,0.744,0.635,0.774,0.839,988.74,0.54,5.88,9.82,4.95,9.5,96.49,3.51,31.47,99.1,99.37,99.35,71.39,66521,58364,1203,5876
510794,TABAPORÃ,51,0.695,0.598,0.679,0.826,546.51,0.44,10.98,15.84,8.09,9.63,98.72,1.28,35.85,95.1,98.39,97.6,61.78,9932,5243,169,879
510795,TANGARÁ DA SERRA,51,0.729,0.626,0.749,0.825,846.59,0.55,6.52,11.2,8.12,9.25,93.34,6.66,25.44,95.89,98.66,99.4,67.47,83431,75921,1265,6610
510800,TAPURAH,51,0.714,0.594,0.738,0.831,789.61,0.49,4.25,4.82,5.19,9.35,96.63,3.37,28.81,98.66,99.63,98.7,67.97,10392,6526,180,897
510805,TERRA NOVA DO NORTE,51,0.698,0.602,0.692,0.815,594.53,0.51,13.67,23.45,11.0,10.64,98.79,1.21,35.95,96.67,99.0,89.97,75.4,11291,5079,169,971
510810,TESOURO,51,0.655,0.56,0.635,0.791,415.93,0.5,21.21,33.38,11.71,8.43,96.62,3.38,44.59,91.1,91.13,84.99,65.47,3418,2400,54,257
510820,TORIXORÉU,51,0.716,0.666,0.684,0.806,564.83,0.53,14.57,26.14,12.72,10.95,98.37,1.63,19.24,96.41,97.39,95.42,82.63,4071,3112,62,284
510830,UNIÃO DO SUL,51,0.665,0.556,0.665,0.797,501.56,0.45,11.28,16.33,11.76,7.86,95.5,4.5,42.69,95.18,93.3,98.35,60.77,3760,2338,62,389
510835,VALE DE SÃO DOMINGOS,51,0.656,0.56,0.658,0.765,479.66,0.43,13.58,18.21,13.86,7.15,99.47,0.53,30.07,94.17,99.24,98.82,55.27,3052,713,41,270
510840,VÁRZEA GRANDE,51,0.734,0.661,0.711,0.842,668.86,0.46,7.03,12.18,5.87,9.62,95.92,4.08,21.18,97.23,99.92,95.02,68.0,252596,248704,4160,21024
510850,VERA,51,0.68,0.568,0.663,0.834,494.23,0.42,8.96,13.95,8.75,9.01,97.24,2.76,32.93,94.54,98.98,97.22,66.42,10235,7349,177,1042
510860,VILA RICA,51,0.688,0.553,0.709,0.829,658.27,0.56,13.61,20.22,9.11,8.92,94.31,5.69,37.08,96.03,97.53,99.56,58.55,21382,13962,373,2102
510880,NOVA GUARITA,51,0.688,0.597,0.671,0.812,520.94,0.51,18.76,31.9,11.24,9.4,99.04,0.96,43.0,99.07,97.81,99.21,57.8,4932,1940,75,429
510885,NOVA MARILÂNDIA,51,0.704,0.623,0.68,0.823,550.29,0.43,7.56,12.6,11.35,8.15,98.96,1.04,21.73,92.41,99.46,89.71,59.39,2951,1957,42,258
510890,NOVA MARINGÁ,51,0.663,0.509,0.702,0.815,629.46,0.49,8.53,15.04,9.8,8.94,95.86,4.14,41.45,89.1,96.72,98.47,63.35,6590,3421,128,694
510895,NOVA MONTE VERDE,51,0.691,0.582,0.69,0.823,586.65,0.51,13.1,19.96,8.6,9.33,99.06,0.94,33.9,93.27,98.45,99.46,64.33,8093,3973,128,724
520005,ABADIA DE GOIÁS,52,0.708,0.622,0.687,0.83,574.96,0.42,6.18,11.61,7.81,7.94,97.16,2.84,32.03,93.06,99.33,99.83,54.24,6876,5081,102,589
520010,ABADIÂNIA,52,0.689,0.579,0.671,0.841,519.87,0.43,8.45,14.93,10.84,9.31,94.35,5.65,34.35,94.5,99.68,98.49,68.11,15757,10778,233,1302
520013,ACREÚNA,52,0.686,0.553,0.71,0.822,664.09,0.53,8.08,15.09,14.57,9.78,97.12,2.88,41.17,97.25,99.8,98.78,69.86,20279,17696,348,1716
520015,ADELÂNDIA,52,0.702,0.622,0.664,0.836,497.31,0.43,10.89,19.54,14.65,10.84,100.0,0.0,37.47,99.41,100.0,98.95,78.11,2477,2207,24,177
520017,ÁGUA FRIA DE GOIÁS,52,0.671,0.55,0.672,0.817,525.2,0.6,23.68,33.19,14.86,10.36,97.43,2.57,38.5,79.92,98.0,97.08,72.75,5090,2137,74,474
520020,ÁGUA LIMPA,52,0.722,0.663,0.691,0.821,591.23,0.46,6.71,14.08,10.13,10.6,97.44,2.56,22.94,97.55,99.53,100.0,82.81,2013,1426,28,135
520025,ÁGUAS LINDAS DE GOIÁS,52,0.686,0.588,0.647,0.848,449.38,0.43,11.6,18.39,7.01,9.3,96.62,3.38,30.22,96.79,99.73,93.78,63.58,159378,159138,3359,17599
520030,ALEXÂNIA,52,0.682,0.568,0.664,0.841,498.09,0.46,13.88,22.93,11.73,8.84,97.03,2.97,37.52,97.64,99.63,99.11,62.66,23814,19676,408,2247
520050,ALOÂNDIA,52,0.697,0.585,0.694,0.834,599.9,0.44,7.45,13.82,14.93,9.53,98.02,1.98,32.14,97.88,100.0,99.89,70.32,2051,1769,24,120
520055,ALTO HORIZONTE,52,0.719,0.624,0.709,0.841,661.19,0.49,6.1,10.27,12.39,10.42,97.07,2.93,30.59,99.31,99.78,100.0,74.92,4505,3863,74,360
520060,ALTO PARAÍSO DE GOIÁS,52,0.713,0.611,0.723,0.819,719.11,0.65,17.22,27.06,11.16,9.56,97.96,2.04,41.5,87.01,93.22,99.46,60.16,6885,5219,126,654
520080,ALVORADA DO NORTE,52,0.66,0.548,0.64,0.819,429.63,0.48,16.41,25.55,17.42,9.25,97.94,2.06,35.52,89.71,96.07,97.23,68.6,8084,6873,153,791
520082,AMARALINA,52,0.609,0.489,0.569,0.813,276.05,0.53,38.74,47.27,15.87,8.54,92.22,7.78,52.25,82.13,96.97,100.0,54.57,3434,1101,56,291
520085,AMERICANO DO BRASIL,52,0.7,0.631,0.669,0.813,512.95,0.4,9.2,16.84,15.72,9.79,97.37,2.63,27.83,91.62,99.67,95.89,66.33,5508,4718,75,440
520090,AMORINÓPOLIS,52,0.681,0.579,0.672,0.813,523.25,0.41,9.54,17.01,18.12,9.4,98.5,1.5,35.47,95.88,99.15,90.89,65.23,3609,2171,54,244
520110,ANÁPOLIS,52,0.737,0.66,0.737,0.822,785.17,0.5,5.74,11.21,5.77,9.82,96.31,3.69,18.88,98.99,99.98,99.51,69.54,334613,328755,4931,26247
520120,ANHANGUERA,52,0.725,0.657,0.724,0.802,721.84,0.39,1.85,2.71,3.73,7.22,100.0,0.0,18.24,99.43,100.0,97.51,45.28,1020,955,10,74
520130,ANICUNS,52,0.714,0.627,0.695,0.834,604.97,0.46,8.31,13.5,10.35,10.47,98.4,1.6,28.75,97.47,99.87,97.88,76.75,20239,17311,246,1397
520140,APARECIDA DE GOIÂNIA,52,0.718,0.62,0.716,0.834,689.3,0.47,5.22,9.74,5.3,9.31,95.31,4.69,24.3,98.43,99.94,99.65,66.46,455657,455193,7539,39206
520145,APARECIDA DO RIO DOCE,52,0.693,0.583,0.7,0.814,623.58,0.49,12.41,23.17,12.9,7.57,93.28,6.72,34.49,95.48,99.68,99.34,60.04,2427,1950,55,208
520150,APORÉ,52,0.693,0.584,0.692,0.823,595.05,0.45,5.72,8.3,12.8,9.06,99.12,0.88,44.39,93.82,97.9,98.59,66.24,3803,2541,65,286
520160,ARAÇU,52,0.693,0.578,0.686,0.838,571.55,0.53,11.42,15.83,16.23,9.34,98.96,1.04,37.81,99.92,99.63,99.45,67.91,3802,3357,41,256
520170,ARAGARÇAS,52,0.732,0.68,0.694,0.83,600.03,0.45,7.5,14.02,9.07,10.56,98.3,1.7,19.64,99.04,99.37,98.61,71.86,18305,17617,268,1381
520180,ARAGOIÂNIA,52,0.684,0.56,0.683,0.837,560.22,0.45,9.96,16.69,10.11,9.11,98.02,1.98,34.46,98.33,99.86,99.04,62.11,8365,5528,136,693
520215,ARAGUAPAZ,52,0.674,0.54,0.696,0.814,608.17,0.53,9.57,15.23,17.94,10.64,97.82,2.18,33.29,94.78,97.65,98.6,78.84,7510,5199,95,609
520235,ARENÓPOLIS,52,0.687,0.582,0.674,0.826,531.91,0.5,12.91,21.93,15.6,11.15,100.0,0.0,37.51,90.83,98.71,100.0,75.26,3277,1919,48,213
520250,ARUANÃ,52,0.675,0.526,0.708,0.826,654.67,0.51,9.01,16.45,12.69,8.39,97.48,2.52,43.99,98.42,99.67,96.14,56.09,7496,6178,148,712
520260,AURILÂNDIA,52,0.7,0.62,0.661,0.836,489.23,0.43,10.67,22.28,15.3,10.19,97.46,2.54,38.2,99.05,99.66,99.77,73.75,3650,2800,41,210
520280,AVELINÓPOLIS,52,0.66,0.508,0.682,0.828,556.03,0.55,15.93,28.14,13.52,7.92,97.95,2.05,47.58,98.12,99.64,99.92,49.5,2450,1877,22,176
520310,BALIZA,52,0.655,0.558,0.614,0.819,365.35,0.58,34.01,48.79,17.42,9.64,98.63,1.37,41.07,57.05,91.49,98.04,63.43,3714,1094,52,269
520320,BARRO ALTO,52,0.742,0.682,0.701,0.854,628.55,0.44,6.44,13.28,12.68,10.91,99.04,0.96,22.12,92.04,99.41,99.25,77.03,8716,6251,153,782
520330,BELA VISTA DE GOIÁS,52,0.716,0.607,0.721,0.837,708.62,0.51,6.61,12.36,9.37,9.26,98.29,1.71,31.37,94.83,99.83,95.84,58.42,24554,17955,345,1886
520340,BOM JARDIM DE GOIÁS,52,0.67,0.545,0.68,0.811,551.54,0.49,10.2,15.33,16.42,10.02,98.12,1.88,40.39,90.31,95.77,95.85,68.66,8423,6349,124,637
520350,BOM JESUS DE GOIÁS,52,0.701,0.573,0.699,0.86,618.62,0.47,9.24,14.48,11.04,8.73,98.41,1.59,37.47,96.53,100.0,99.65,58.48,20727,19253,326,1671
520355,BONFINÓPOLIS,52,0.683,0.58,0.671,0.817,520.02,0.44,10.03,16.82,10.71,10.68,98.73,1.27,34.47,98.52,99.84,99.06,73.6,7536,7021,133,684
520357,BONÓPOLIS,52,0.63,0.488,0.63,0.813,403.94,0.41,14.81,23.64,18.81,8.54,98.15,1.85,46.46,96.77,93.85,98.99,56.65,3503,1301,55,326
520360,BRAZABRANTES,52,0.701,0.615,0.677,0.826,541.9,0.4,5.67,9.4,11.06,10.12,99.17,0.83,35.7,99.63,100.0,94.67,64.03,3232,2170,28,221
520380,BRITÂNIA,52,0.672,0.546,0.692,0.802,594.38,0.55,13.65,23.13,15.49,8.98,97.62,2.38,42.39,95.51,100.0,98.78,63.38,5509,4543,85,453
520390,BURITI ALEGRE,52,0.71,0.614,0.7,0.831,625.26,0.43,6.92,17.16,9.97,9.01,96.88,3.12,29.64,98.57,99.89,99.7,67.92,9054,8412,104,641
520393,BURITI DE GOIÁS,52,0.687,0.57,0.707,0.806,650.67,0.49,6.39,14.35,13.8,9.96,99.48,0.52,37.44,95.63,99.67,99.33,75.57,2560,1735,31,190
520396,BURITINÓPOLIS,52,0.704,0.591,0.727,0.813,735.72,0.77,28.47,36.92,18.69,10.94,98.77,1.23,26.64,71.93,98.99,99.56,76.72,3321,1885,60,311
520400,CABECEIRAS,52,0.668,0.571,0.637,0.819,420.47,0.48,20.1,29.97,13.02,8.65,96.47,3.53,38.12,93.63,98.59,98.38,64.22,7354,5505,128,701
520410,CACHOEIRA ALTA,52,0.71,0.569,0.75,0.84,853.32,0.51,2.26,4.03,11.04,8.96,97.98,2.02,27.95,95.74,99.68,98.35,67.09,10553,8382,158,764
520420,CACHOEIRA DE GOIÁS,52,0.727,0.674,0.68,0.838,549.16,0.47,9.82,16.39,14.25,11.5,100.0,0.0,21.39,95.14,99.35,100.0,83.32,1417,1171,17,109
520425,CACHOEIRA DOURADA,52,0.698,0.602,0.703,0.804,636.17,0.47,10.45,17.5,14.93,10.05,98.73,1.27,30.47,95.59,99.26,97.17,67.76,8254,5357,139,641
520430,CAÇU,52,0.73,0.599,0.774,0.84,987.3,0.53,3.18,6.34,8.93,9.54,98.76,1.24,36.71,97.4,99.58,99.7,64.79,13283,10735,155,869
520440,CAIAPÔNIA,52,0.693,0.588,0.701,0.808,628.14,0.52,11.52,18.69,14.8,9.75,97.15,2.85,31.42,92.35,95.8,99.32,70.47,16757,12269,204,1164
520450,CALDAS NOVAS,52,0.733,0.64,0.739,0.832,794.78,0.49,4.62,8.62,5.57,10.48,97.28,2.72,27.53,97.16,99.92,98.54,76.65,70473,67714,1088,5743
520455,CALDAZINHA,52,0.685,0.591,0.669,0.814,515.56,0.44,11.47,17.85,10.49,8.19,93.24,6.76,25.22,91.19,99.87,100.0,58.66,3325,1918,58,266
520460,CAMPESTRE DE GOIÁS,52,0.653,0.556,0.628,0.799,398.5,0.42,16.83,30.03,12.75,9.51,97.66,2.34,38.52,97.1,99.4,99.67,72.92,3387,2376,54,284
520465,CAMPINAÇU,52,0.631,0.476,0.644,0.819,438.93,0.49,17.07,26.38,13.3,8.68,93.49,6.51,43.35,79.8,95.12,98.0,61.74,3656,2173,59,300
520470,CAMPINORTE,52,0.688,0.565,0.685,0.841,567.41,0.49,9.19,16.32,11.7,11.24,99.04,0.96,40.27,96.49,99.32,99.81,81.74,11111,8995,181,929
520480,CAMPO ALEGRE DE GOIÁS,52,0.694,0.586,0.702,0.811,632.7,0.46,5.66,11.29,10.72,9.41,98.66,1.34,33.64,93.35,99.95,99.56,63.38,6060,4481,97,509
520485,CAMPO LIMPO DE GOIÁS,52,0.661,0.533,0.654,0.829,467.42,0.42,11.19,18.83,13.68,9.49,97.13,2.87,39.29,97.23,99.68,98.36,65.7,6241,5289,120,570
520490,CAMPOS BELOS,52,0.692,0.616,0.661,0.815,487.96,0.55,22.46,32.17,15.2,9.79,99.35,0.65,30.21,88.31,97.19,97.72,63.52,18410,16206,366,1707
520495,CAMPOS VERDES,52,0.654,0.577,0.608,0.796,351.52,0.45,20.95,29.5,19.33,10.9,97.01,2.99,38.54,95.68,99.34,89.92,82.01,5020,4476,83,404
520500,CARMO DO RIO VERDE,52,0.713,0.649,0.677,0.824,541.99,0.44,7.81,13.49,10.9,9.73,99.42,0.58,31.4,94.25,100.0,98.58,74.04,8928,7054,145,708
520505,CASTELÂNDIA,52,0.701,0.578,0.724,0.823,724.42,0.58,9.73,16.43,25.25,8.19,92.81,7.19,30.92,99.67,99.78,99.51,65.62,3638,3344,71,276
520510,CATALÃO,52,0.766,0.715,0.769,0.819,959.4,0.51,4.02,9.03,5.53,10.01,97.09,2.91,22.01,99.07,99.91,99.8,73.01,86647,81064,1207,6189
520520,CATURAÍ,52,0.664,0.54,0.665,0.815,500.32,0.44,10.12,17.75,12.6,9.5,98.03,1.97,36.47,97.62,99.92,98.97,70.93,4686,3664,65,335
520530,CAVALCANTE,52,0.584,0.415,0.595,0.808,324.92,0.62,42.96,59.77,26.82,8.14,92.92,7.08,53.42,63.8,57.57,97.98,54.03,9392,4742,156,1038
520540,CERES,52,0.775,0.733,0.753,0.842,865.23,0.53,4.43,7.99,7.59,10.77,99.33,0.67,15.28,98.6,99.76,98.28,79.45,20722,19790,291,1462
520545,CEZARINA,52,0.711,0.652,0.684,0.807,564.44,0.47,9.93,17.46,11.03,9.14,97.84,2.16,23.4,99.33,99.44,99.5,67.57,7545,5595,87,529
520547,CHAPADÃO DO CÉU,52,0.742,0.652,0.748,0.837,841.5,0.41,0.78,1.27,4.51,9.45,93.31,6.69,19.95,98.9,99.9,100.0,72.68,7001,5878,124,633
520549,CIDADE OCIDENTAL,52,0.717,0.641,0.706,0.814,647.64,0.5,9.34,15.74,5.44,9.79,97.24,2.76,26.78,97.76,99.96,98.48,66.58,55915,43654,1052,5600
520551,COCALZINHO DE GOIÁS,52,0.657,0.531,0.648,0.826,450.47,0.47,16.83,25.31,12.55,8.82,95.16,4.84,34.92,94.39,99.31,97.2,61.56,17407,6444,293,1647
520552,COLINAS DO SUL,52,0.658,0.549,0.633,0.82,410.83,0.5,23.57,30.94,15.93,9.36,95.16,4.84,28.48,80.76,93.57,97.89,68.47,3523,2525,62,328
520570,CÓRREGO DO OURO,52,0.686,0.578,0.696,0.803,608.31,0.48,9.59,13.98,11.2,8.95,97.25,2.75,29.67,86.24,99.6,100.0,67.05,2632,1633,57,229
520580,CORUMBÁ DE GOIÁS,52,0.68,0.571,0.665,0.829,503.01,0.51,16.94,29.91,15.47,9.33,96.59,3.41,37.08,89.81,98.64,97.99,65.0,10361,6416,184,859
520590,CORUMBAÍBA,52,0.698,0.582,0.703,0.831,635.98,0.43,5.85,10.61,10.08,7.01,95.48,4.52,26.89,96.53,99.73,99.46,48.91,8181,6307,112,602
520620,CRISTALINA,52,0.699,0.587,0.716,0.814,686.9,0.57,12.85,19.62,9.11,9.46,95.63,4.37,32.67,96.06,99.05,97.9,67.85,46580,38421,913,4603
520630,CRISTIANÓPOLIS,52,0.688,0.554,0.703,0.838,635.46,0.52,8.14,17.27,7.32,8.42,98.59,1.41,40.43,96.45,100.0,99.51,63.62,2932,2472,33,207
520640,CRIXÁS,52,0.708,0.625,0.706,0.805,645.4,0.55,13.81,21.15,11.96,9.74,96.74,3.26,32.15,90.11,94.49,97.54,70.08,15760,12318,207,1251
520650,CROMÍNIA,52,0.706,0.634,0.692,0.803,592.36,0.43,6.01,14.26,11.04,9.51,95.73,4.27,27.85,96.82,99.43,98.4,73.67,3555,2675,50,261
520660,CUMARI,52,0.737,0.657,0.744,0.819,819.81,0.58,8.04,13.31,8.83,9.33,99.73,0.27,15.71,96.81,100.0,99.51,65.44,2964,2419,32,192
520670,DAMIANÓPOLIS,52,0.654,0.558,0.614,0.815,364.51,0.55,32.41,42.79,19.52,9.97,100.0,0.0,41.17,79.89,97.47,100.0,67.58,3292,1853,60,274
520680,DAMOLÂNDIA,52,0.697,0.6,0.688,0.819,578.93,0.47,8.51,19.11,12.95,10.28,98.76,1.24,38.74,99.37,100.0,99.25,73.64,2747,2182,44,191
520690,DAVINÓPOLIS,52,0.716,0.606,0.702,0.862,632.22,0.4,5.74,11.02,14.79,10.91,98.4,1.6,27.77,92.29,99.88,99.81,81.57,2056,1400,31,151
520710,DIORAMA,52,0.729,0.696,0.663,0.841,494.6,0.4,9.99,19.41,12.83,11.64,100.0,0.0,23.07,92.87,98.48,99.89,78.3,2479,1506,32,158
520725,DOVERLÂNDIA,52,0.668,0.518,0.684,0.84,563.89,0.45,8.41,15.79,15.02,9.75,96.39,3.61,36.4,91.07,99.3,98.57,68.71,7892,4916,110,612
520735,EDEALINA,52,0.702,0.594,0.722,0.808,715.8,0.5,6.81,15.83,12.32,10.04,98.64,1.36,37.68,89.94,99.93,99.77,75.08,3733,2569,51,271
520740,EDÉIA,52,0.739,0.648,0.755,0.826,876.15,0.53,2.8,4.56,12.46,10.29,98.26,1.74,24.24,99.21,99.65,99.82,71.81,11266,9538,152,851
520750,ESTRELA DO NORTE,52,0.707,0.593,0.703,0.848,636.54,0.48,7.41,15.84,15.6,11.11,97.84,2.16,36.61,99.72,99.9,99.51,71.17,3320,2931,38,224
520753,FAINA,52,0.65,0.534,0.644,0.799,441.39,0.44,14.35,23.23,18.38,10.92,97.92,2.08,41.9,81.8,94.97,92.87,78.64,6983,3849,100,550
520760,FAZENDA NOVA,52,0.685,0.576,0.671,0.831,519.87,0.45,11.14,21.08,15.01,8.95,88.5,11.5,35.51,97.1,98.28,94.34,77.37,6322,4078,68,430
520780,FIRMINÓPOLIS,52,0.732,0.688,0.681,0.838,552.43,0.42,5.32,10.09,10.81,10.52,98.07,1.93,22.72,98.34,99.65,96.79,75.59,11580,8778,138,719
520790,FLORES DE GOIÁS,52,0.597,0.457,0.583,0.799,301.92,0.63,45.17,55.45,17.34,8.48,96.65,3.35,50.32,56.79,92.84,96.44,57.23,12066,3170,256,1227
520800,FORMOSA,52,0.744,0.666,0.726,0.852,732.24,0.56,12.16,20.7,8.61,10.25,96.6,3.4,26.03,95.15,98.51,98.54,72.86,100085,92023,1804,9443
520810,FORMOSO,52,0.715,0.639,0.686,0.834,569.96,0.55,17.98,28.79,13.13,10.09,96.83,3.17,26.06,96.27,97.57,97.4,77.24,4883,3607,71,375
520815,GAMELEIRA DE GOIÁS,52,0.659,0.499,0.692,0.828,594.56,0.54,13.54,25.37,12.4,9.68,99.52,0.48,49.84,94.71,99.91,99.74,62.43,3275,1094,63,303
520830,DIVINÓPOLIS DE GOIÁS,52,0.653,0.55,0.624,0.813,388.34,0.57,30.81,44.28,21.14,10.72,97.17,2.83,40.85,72.91,93.5,98.9,73.86,4962,3491,109,493
520840,GOIANÁPOLIS,52,0.703,0.62,0.678,0.825,543.48,0.52,17.18,32.98,16.41,9.24,96.45,3.55,37.97,95.7,99.69,99.88,65.78,10695,9691,172,937
520850,GOIANDIRA,52,0.76,0.727,0.711,0.849,667.11,0.43,4.63,11.27,8.33,10.43,98.58,1.42,17.65,94.33,99.0,99.65,73.43,5265,4538,72,382
520860,GOIANÉSIA,52,0.727,0.636,0.719,0.84,701.38,0.47,4.61,8.28,10.0,10.21,98.02,1.98,28.09,98.28,99.11,99.31,73.47,59549,55660,925,4617
520870,GOIÂNIA,52,0.799,0.739,0.824,0.838,1348.55,0.58,3.09,6.5,3.29,10.08,96.35,3.65,15.65,99.49,99.96,99.92,73.42,1302001,1297076,17206,89480
520880,GOIANIRA,52,0.694,0.596,0.674,0.831,529.59,0.39,6.83,11.31,8.29,9.38,97.56,2.44,32.47,99.24,99.93,98.92,67.77,34060,33451,550,2991
520890,GOIÁS,52,0.709,0.621,0.713,0.805,674.54,0.52,10.28,16.25,13.16,10.28,98.21,1.79,34.82,89.75,99.66,97.74,71.47,24727,18638,321,1845
520910,GOIATUBA,52,0.725,0.627,0.737,0.825,785.84,0.5,3.98,7.39,9.42,9.82,96.93,3.07,26.87,97.62,99.48,99.01,66.52,32492,29941,487,2447
520915,GOUVELÂNDIA,52,0.674,0.559,0.68,0.806,549.9,0.44,8.54,11.79,17.99,10.19,98.77,1.23,36.98,96.79,99.76,99.14,73.6,4949,3895,76,365
520920,GUAPÓ,52,0.697,0.58,0.708,0.826,657.02,0.54,8.31,14.91,10.87,9.44,96.77,3.23,40.98,93.87,98.52,99.33,66.64,13976,11333,203,1140
520929,GUARAÍTA,52,0.687,0.625,0.637,0.816,421.71,0.41,14.98,23.64,10.72,11.0,98.44,1.56,28.8,88.03,99.68,98.36,64.57,2376,1442,24,174
520940,GUARANI DE GOIÁS,52,0.637,0.557,0.569,0.814,276.13,0.48,36.52,48.75,22.8,10.54,97.16,2.84,28.83,66.8,91.74,97.23,70.85,4258,1763,70,365
520945,GUARINOS,52,0.652,0.563,0.604,0.815,343.74,0.43,22.0,35.71,14.0,10.21,98.28,1.72,40.68,93.2,98.65,99.4,79.14,2299,1131,32,170
520960,HEITORAÍ,52,0.694,0.62,0.661,0.814,487.99,0.5,11.96,23.48,13.01,11.71,96.94,3.06,26.52,95.67,98.21,99.75,83.05,3571,2645,42,247
520970,HIDROLÂNDIA,52,0.706,0.603,0.707,0.827,651.41,0.47,5.31,9.89,7.09,9.41,97.08,2.92,31.54,97.81,99.35,98.63,67.9,17398,10470,298,1508
520980,HIDROLINA,52,0.677,0.577,0.652,0.824,461.13,0.42,11.56,17.28,11.15,10.54,98.13,1.87,35.9,87.26,99.04,96.69,73.85,4029,2980,54,273
520990,IACIARA,52,0.644,0.527,0.615,0.826,368.39,0.53,30.49,43.86,19.49,9.7,97.24,2.76,39.95,84.27,96.34,85.37,67.94,12427,9300,280,1320
520993,INACIOLÂNDIA,52,0.692,0.591,0.683,0.822,560.52,0.45,7.57,11.69,19.5,9.47,98.43,1.57,32.58,98.55,99.85,97.85,73.9,5699,4815,89,494
520995,INDIARA,52,0.701,0.593,0.694,0.837,598.96,0.45,7.55,13.34,12.28,9.86,96.76,3.24,34.05,99.35,100.0,99.23,73.54,13687,11654,227,1159
521000,INHUMAS,52,0.72,0.618,0.718,0.842,697.81,0.45,3.75,7.03,9.91,9.67,98.36,1.64,32.81,98.68,100.0,99.62,70.87,48246,45103,638,3332
521010,IPAMERI,52,0.701,0.588,0.711,0.823,666.96,0.49,6.61,11.02,9.79,9.76,97.46,2.54,32.5,94.97,99.48,99.62,62.68,24735,21336,367,1874
521015,IPIRANGA DE GOIÁS,52,0.696,0.642,0.643,0.816,436.1,0.42,14.96,24.62,12.72,10.33,98.18,1.82,18.55,91.24,99.57,98.23,72.38,2844,1272,32,195
521020,IPORÁ,52,0.743,0.667,0.731,0.84,757.39,0.51,6.36,13.68,11.88,10.66,98.44,1.56,26.62,97.06,99.75,97.57,75.8,31274,28545,411,2040
521030,ISRAELÂNDIA,52,0.711,0.652,0.664,0.831,498.82,0.43,7.55,10.3,13.07,11.5,99.42,0.58,26.0,93.69,99.85,94.09,82.48,2887,2249,29,185
521040,ITABERAÍ,52,0.719,0.61,0.735,0.828,773.67,0.55,7.63,11.94,10.37,10.02,97.5,2.5,31.26,94.03,99.74,99.06,74.66,35371,29784,553,2785
521056,ITAGUARI,52,0.693,0.596,0.683,0.817,560.17,0.39,4.81,11.02,15.02,8.7,98.39,1.61,30.77,98.35,99.78,98.52,61.33,4513,3968,58,326
521060,ITAGUARU,52,0.718,0.648,0.689,0.828,580.67,0.46,7.59,14.9,14.16,11.23,99.02,0.98,22.61,96.79,100.0,98.63,85.26,5437,4521,69,375
521080,ITAJÁ,52,0.691,0.57,0.692,0.835,592.1,0.44,6.97,14.22,10.85,9.68,98.06,1.94,40.85,95.23,99.24,100.0,67.76,5062,3740,62,365
521090,ITAPACI,52,0.725,0.626,0.72,0.844,705.2,0.56,8.42,14.16,12.93,10.64,97.45,2.55,27.33,93.38,99.78,96.77,77.33,18458,16675,310,1574
521100,ITAPIRAPUÃ,52,0.677,0.568,0.67,0.816,518.21,0.46,9.1,14.41,16.62,10.38,98.09,1.91,40.09,98.16,97.9,94.77,75.19,7835,5536,94,610
521120,ITAPURANGA,52,0.726,0.653,0.7,0.837,621.79,0.48,8.79,14.41,14.27,10.54,99.25,0.75,30.77,92.1,99.74,98.25,75.02,26125,21235,318,1811
521130,ITARUMÃ,52,0.693,0.503,0.769,0.861,960.55,0.6,5.24,8.66,12.4,8.82,95.25,4.75,46.13,92.03,97.64,99.32,63.95,6300,4078,105,510
521140,ITAUÇU,52,0.718,0.638,0.697,0.833,611.99,0.46,7.89,13.73,12.1,9.87,95.67,4.33,31.73,98.0,99.93,98.5,71.72,8575,6461,96,574
521150,ITUMBIARA,52,0.752,0.682,0.744,0.838,821.43,0.49,3.73,8.35,7.85,10.11,97.86,2.14,19.48,97.87,99.92,99.41,75.41,92883,88942,1266,6456
521160,IVOLÂNDIA,52,0.704,0.622,0.68,0.825,551.05,0.45,6.87,10.73,13.99,9.38,97.05,2.95,38.08,89.44,99.91,91.3,72.22,2663,1535,43,186
521170,JANDAIA,52,0.707,0.625,0.69,0.821,586.84,0.44,6.54,10.42,13.27,10.86,99.59,0.41,27.8,87.7,99.74,99.44,72.29,6164,4154,74,417
521180,JARAGUÁ,52,0.699,0.588,0.692,0.841,595.02,0.45,7.26,11.94,9.67,9.3,96.39,3.61,38.4,96.04,99.87,99.13,68.03,41870,35328,691,3681
521190,JATAÍ,52,0.757,0.656,0.774,0.856,987.04,0.55,3.82,7.93,7.14,9.65,97.48,2.52,24.82,98.92,99.5,99.07,68.43,88006,81010,1408,7052
521200,JAUPACI,52,0.689,0.602,0.658,0.824,479.14,0.41,11.44,18.82,16.38,9.63,100.0,0.0,35.71,97.71,92.99,95.12,63.02,3000,2358,51,245
521205,JESÚPOLIS,52,0.649,0.522,0.642,0.814,433.41,0.45,14.29,27.15,15.67,11.02,92.61,7.39,39.73,99.06,99.95,100.0,82.84,2300,1834,37,180
521210,JOVIÂNIA,52,0.706,0.595,0.714,0.827,679.21,0.48,6.37,12.1,11.32,9.85,96.8,3.2,34.16,98.05,99.92,99.16,75.02,7118,6472,91,536
521220,JUSSARA,52,0.743,0.635,0.768,0.842,951.07,0.66,7.46,11.75,12.54,10.25,97.64,2.36,24.37,95.21,99.38,97.93,73.19,19153,15207,286,1487
521225,LAGOA SANTA,52,0.74,0.638,0.733,0.868,765.86,0.52,3.81,6.8,6.69,9.45,98.52,1.48,30.78,97.22,97.53,99.7,71.67,1254,776,17,106
521230,LEOPOLDO DE BULHÕES,52,0.659,0.529,0.665,0.812,502.85,0.44,11.22,19.26,13.6,8.84,97.33,2.67,47.28,94.61,99.87,99.03,65.42,7882,4843,127,658
521250,LUZIÂNIA,52,0.701,0.602,0.689,0.831,580.88,0.5,11.85,19.61,7.95,9.02,97.02,2.98,29.83,96.77,99.56,96.12,60.38,174531,162807,3361,17582
521260,MAIRIPOTABA,52,0.745,0.648,0.748,0.854,842.23,0.66,12.39,15.41,11.54,10.82,99.34,0.66,19.63,86.2,98.66,98.64,82.36,2374,1570,37,151
521270,MAMBAÍ,52,0.626,0.494,0.61,0.816,357.12,0.53,27.71,36.74,20.22,9.28,96.43,3.57,45.94,79.02,99.57,95.77,64.71,6871,4802,150,738
521280,MARA ROSA,52,0.691,0.579,0.68,0.838,548.96,0.48,12.82,23.87,15.71,11.57,98.28,1.72,40.89,98.19,99.38,97.1,81.85,10649,7961,146,838
521290,MARZAGÃO,52,0.699,0.601,0.692,0.822,594.43,0.46,5.17,7.79,10.7,10.91,98.69,1.31,34.72,99.72,100.0,99.51,78.66,2072,1804,27,165
521295,MATRINCHÃ,52,0.679,0.572,0.651,0.84,458.45,0.41,9.1,17.09,17.54,10.21,97.86,2.14,33.64,94.36,99.04,97.03,70.93,4414,2995,56,362
521300,MAURILÂNDIA,52,0.677,0.554,0.682,0.823,557.51,0.42,5.55,9.92,14.92,8.62,97.49,2.51,38.44,98.14,99.62,96.58,68.41,11521,11120,195,968
521305,MIMOSO DE GOIÁS,52,0.665,0.543,0.656,0.825,474.44,0.58,23.16,34.22,18.81,8.63,99.61,0.39,40.29,69.32,99.58,99.14,51.01,2685,1242,38,241
521308,MINAÇU,52,0.707,0.637,0.691,0.803,590.7,0.52,13.2,20.75,13.53,9.83,98.61,1.39,23.55,95.76,97.47,98.45,70.03,31154,26554,485,2663
521310,MINEIROS,52,0.718,0.584,0.753,0.84,869.04,0.55,6.03,10.01,7.55,8.66,97.26,2.74,34.65,98.38,98.97,99.33,60.27,52935,48286,789,4041
521340,MOIPORÁ,52,0.696,0.632,0.652,0.818,461.94,0.43,16.87,34.74,15.59,11.51,99.6,0.4,31.34,93.4,99.4,98.51,75.34,1763,1133,22,123
521350,MONTE ALEGRE DE GOIÁS,52,0.615,0.481,0.592,0.816,317.66,0.61,39.81,52.49,25.0,8.04,95.7,4.3,46.61,78.03,81.52,93.55,51.69,7730,3164,137,741
521370,MONTES CLAROS DE GOIÁS,52,0.707,0.622,0.704,0.806,637.58,0.49,9.53,18.52,11.74,11.2,99.57,0.43,30.11,89.71,99.2,95.12,74.61,7987,5325,110,599
521375,MONTIVIDIU,52,0.733,0.644,0.738,0.827,791.6,0.49,4.24,8.27,9.45,9.44,98.44,1.56,27.17,96.59,99.38,99.71,67.39,10572,8584,163,853
521377,MONTIVIDIU DO NORTE,52,0.613,0.488,0.578,0.816,291.78,0.55,40.12,51.79,17.11,9.13,96.77,3.23,49.69,91.68,85.88,97.01,56.95,4122,1347,72,443
521380,MORRINHOS,52,0.734,0.621,0.739,0.862,792.66,0.49,2.73,5.72,8.05,9.99,97.9,2.1,28.77,98.52,99.76,99.75,68.89,41460,35959,577,2999
521385,MORRO AGUDO DE GOIÁS,52,0.695,0.63,0.644,0.826,441.44,0.42,11.09,19.91,13.46,11.61,99.59,0.41,23.9,94.07,99.65,98.21,84.33,2356,1649,30,196
521390,MOSSÂMEDES,52,0.706,0.623,0.696,0.811,607.34,0.51,9.19,16.38,14.67,10.99,99.23,0.77,32.31,97.21,99.1,97.8,72.57,5007,3275,59,318
521400,MOZARLÂNDIA,52,0.683,0.565,0.684,0.825,562.97,0.42,7.21,12.17,13.2,8.95,97.45,2.55,29.76,98.63,99.8,99.48,65.44,13404,12161,205,1133
521405,MUNDO NOVO,52,0.634,0.488,0.642,0.812,434.73,0.47,17.2,24.79,21.04,9.67,97.7,2.3,40.77,95.75,99.04,91.0,64.28,6438,3767,93,565
521410,MUTUNÓPOLIS,52,0.68,0.584,0.668,0.806,512.49,0.54,15.74,25.58,17.82,9.7,98.8,1.2,36.07,91.08,96.03,93.23,67.56,3849,2540,62,328
521440,NAZÁRIO,52,0.71,0.631,0.702,0.808,631.12,0.49,8.37,16.12,12.72,10.63,98.82,1.18,37.72,99.15,100.0,97.36,73.28,7874,6187,114,585
521450,NERÓPOLIS,52,0.721,0.671,0.681,0.82,555.47,0.42,7.7,14.62,8.49,9.31,97.81,2.19,23.06,98.9,100.0,99.9,66.7,24210,23229,393,1935
521460,NIQUELÂNDIA,52,0.715,0.64,0.709,0.806,659.49,0.53,11.25,18.42,12.4,10.73,97.77,2.23,26.3,90.16,96.82,98.02,77.0,42361,33343,672,3666
521470,NOVA AMÉRICA,52,0.678,0.604,0.647,0.796,447.78,0.37,10.91,21.04,16.19,10.94,99.36,0.64,33.62,92.39,99.59,98.52,78.22,2259,1647,31,150
521480,NOVA AURORA,52,0.747,0.697,0.703,0.849,635.99,0.43,6.24,14.16,10.16,10.38,100.0,0.0,22.99,99.18,99.88,99.9,67.07,2062,1873,33,133
521483,NOVA CRIXÁS,52,0.643,0.485,0.674,0.813,531.22,0.48,10.42,14.57,19.09,9.07,96.76,3.24,46.81,97.86,97.44,98.25,60.44,11927,7728,194,1009
521486,NOVA GLÓRIA,52,0.681,0.589,0.657,0.816,476.52,0.47,14.49,27.38,15.17,9.91,99.21,0.79,30.0,96.63,99.93,93.72,71.13,8508,5730,131,666
521487,NOVA IGUAÇU DE GOIÁS,52,0.655,0.54,0.642,0.812,435.91,0.39,9.47,13.92,10.55,9.85,96.38,3.62,30.17,91.62,97.87,100.0,73.84,2826,2024,45,222
521490,NOVA ROMA,52,0.634,0.529,0.594,0.812,323.19,0.44,22.5,33.59,20.08,8.5,97.9,2.1,40.88,88.9,97.91,100.0,56.3,3471,1426,50,307
521500,NOVA VENEZA,52,0.718,0.66,0.671,0.837,521.4,0.43,7.62,14.96,8.62,9.86,98.01,1.99,25.76,97.13,100.0,99.43,70.64,8129,7026,121,611
521520,NOVO BRASIL,52,0.699,0.598,0.691,0.828,588.85,0.43,5.31,10.15,13.1,10.98,98.63,1.37,37.63,97.07,99.22,90.82,82.05,3519,2274,49,239
521523,NOVO GAMA,52,0.684,0.567,0.664,0.851,498.44,0.46,13.41,20.51,6.8,9.05,95.67,4.33,33.85,95.64,99.81,95.82,60.25,95018,93971,1877,9865
521525,NOVO PLANALTO,52,0.658,0.55,0.623,0.831,387.14,0.49,22.2,33.95,18.62,9.12,91.49,8.51,43.73,89.7,88.95,91.83,65.54,3956,2587,65,313
521530,ORIZONA,52,0.715,0.612,0.722,0.827,714.39,0.51,7.54,12.81,8.16,9.58,99.21,0.79,34.83,89.09,99.92,99.43,71.31,14300,7975,208,1043
521540,OURO VERDE DE GOIÁS,52,0.719,0.674,0.672,0.821,525.12,0.49,13.5,28.07,11.79,10.11,98.82,1.18,26.74,95.58,99.84,98.83,66.58,4034,2683,56,334
521550,OUVIDOR,52,0.747,0.697,0.721,0.83,710.38,0.44,5.35,10.78,6.82,10.49,98.75,1.25,16.87,94.84,99.88,99.72,77.12,5467,4810,74,342
521560,PADRE BERNARDO,52,0.651,0.515,0.67,0.801,518.12,0.56,18.43,27.13,14.2,8.61,96.1,3.9,42.48,78.33,98.55,98.13,56.65,27671,10786,545,2946
521565,PALESTINA DE GOIÁS,52,0.713,0.66,0.656,0.837,473.62,0.38,5.45,11.05,9.23,11.01,98.59,1.41,29.57,92.91,97.08,99.66,81.76,3371,2180,47,234
521570,PALMEIRAS DE GOIÁS,52,0.698,0.598,0.698,0.815,616.59,0.44,5.61,10.05,9.73,9.22,96.75,3.25,29.4,96.57,99.89,99.03,66.54,23338,19166,314,1703
521580,PALMELO,52,0.73,0.659,0.734,0.804,769.47,0.56,8.9,17.19,10.88,9.82,97.93,2.07,22.8,99.74,100.0,99.48,71.06,2335,2216,32,183
521590,PALMINÓPOLIS,52,0.722,0.63,0.718,0.833,695.63,0.52,6.79,15.86,13.01,11.35,99.54,0.46,42.13,98.98,100.0,99.49,76.39,3557,2699,34,223
521600,PANAMÁ,52,0.686,0.574,0.688,0.818,579.89,0.42,4.95,10.27,15.62,9.9,98.75,1.25,35.2,97.24,99.58,98.46,75.43,2682,2035,44,199
521630,PARANAIGUARA,52,0.711,0.613,0.702,0.836,631.89,0.43,6.41,12.58,13.81,10.66,98.96,1.04,29.71,98.56,99.28,98.93,80.44,9100,8388,142,658
521640,PARAÚNA,52,0.672,0.547,0.687,0.807,575.52,0.46,7.18,11.53,11.73,8.56,98.8,1.2,42.94,97.47,99.81,98.55,58.23,10863,7987,161,819
521645,PEROLÂNDIA,52,0.676,0.538,0.691,0.832,588.01,0.49,13.33,18.82,13.43,8.22,99.28,0.72,29.98,94.08,96.48,99.52,56.92,2950,1859,51,271
521680,PETROLINA DE GOIÁS,52,0.712,0.643,0.674,0.834,530.37,0.41,7.88,15.72,9.95,10.0,98.28,1.72,27.19,96.59,100.0,98.97,70.06,10283,6683,121,674
521690,PILAR DE GOIÁS,52,0.684,0.6,0.654,0.816,467.97,0.54,19.75,32.24,12.2,11.0,98.17,1.83,30.87,88.57,96.04,98.9,75.62,2773,1201,31,197
521710,PIRACANJUBA,52,0.721,0.599,0.72,0.87,707.83,0.47,7.19,15.99,10.07,9.98,97.78,2.22,30.72,93.58,99.46,99.62,70.29,24026,17551,284,1625
521720,PIRANHAS,52,0.721,0.631,0.699,0.848,621.14,0.49,7.23,12.58,14.58,10.47,98.03,1.97,24.83,96.66,98.28,99.3,75.57,11266,9071,132,772
521730,PIRENÓPOLIS,52,0.693,0.604,0.678,0.813,544.78,0.49,13.35,21.41,10.88,9.51,97.76,2.24,32.16,91.12,99.85,99.43,68.76,23006,15563,379,1954
521740,PIRES DO RIO,52,0.744,0.65,0.719,0.88,702.46,0.45,4.38,7.04,7.64,9.48,97.72,2.28,22.84,95.22,99.72,99.24,65.6,28762,27094,376,1915
521760,PLANALTINA,52,0.669,0.566,0.653,0.81,466.69,0.43,12.31,19.14,10.08,9.25,96.43,3.57,32.19,94.77,99.14,93.05,60.94,81649,77582,1485,8385
521770,PONTALINA,52,0.687,0.547,0.71,0.835,663.44,0.54,13.1,18.74,14.08,9.09,92.36,7.64,36.69,97.15,99.16,99.24,74.24,17121,13897,208,1259
521800,PORANGATU,52,0.727,0.642,0.709,0.845,658.39,0.56,11.45,17.44,10.58,9.66,98.02,1.98,30.3,97.84,96.34,98.64,69.32,42355,35731,678,3522
521805,PORTEIRÃO,52,0.684,0.541,0.716,0.827,688.68,0.39,2.21,3.52,12.77,9.55,94.09,5.91,39.46,97.19,99.94,99.74,71.11,3347,2929,53,299
521810,PORTELÂNDIA,52,0.654,0.513,0.68,0.803,550.39,0.39,5.12,8.07,13.78,8.79,97.68,2.32,39.93,96.6,99.14,98.31,55.81,3839,3110,48,330
521830,POSSE,52,0.659,0.53,0.659,0.819,481.68,0.54,20.53,31.01,15.24,9.05,95.65,4.35,42.44,81.79,97.81,96.99,57.29,31419,23939,585,2995
521839,PROFESSOR JAMIL,52,0.684,0.579,0.673,0.821,526.65,0.43,5.69,9.75,15.46,10.47,98.61,1.39,20.4,97.17,99.92,96.06,73.39,3239,2261,53,255
521850,QUIRINÓPOLIS,52,0.74,0.642,0.732,0.863,761.68,0.46,3.45,6.22,9.91,9.78,97.19,2.81,26.34,96.69,99.92,98.98,69.72,43220,38163,632,3074
521860,RIALMA,52,0.727,0.667,0.698,0.827,616.74,0.44,5.45,10.15,8.25,10.65,99.72,0.28,26.88,97.74,99.89,98.43,75.14,10523,9798,159,823
521870,RIANÁPOLIS,52,0.693,0.587,0.674,0.84,529.17,0.41,8.09,15.85,15.55,10.17,98.6,1.4,37.23,98.83,99.94,99.34,71.19,4566,4081,77,359
521878,RIO QUENTE,52,0.731,0.629,0.707,0.878,649.71,0.44,6.64,9.3,4.85,8.57,99.0,1.0,18.61,99.26,99.73,97.84,60.07,3312,2839,45,298
521880,RIO VERDE,52,0.754,0.656,0.765,0.853,936.75,0.54,4.43,8.18,6.45,9.62,96.97,3.03,26.05,99.29,99.84,99.68,72.03,176424,163540,2633,13488
521890,RUBIATABA,52,0.719,0.666,0.686,0.814,573.0,0.43,7.47,13.29,9.99,11.19,98.89,1.11,25.77,96.52,99.71,98.12,81.94,18915,16184,254,1444
521900,SANCLERLÂNDIA,52,0.736,0.662,0.725,0.832,727.33,0.53,6.76,12.72,12.68,10.76,99.41,0.59,26.9,96.85,99.71,99.11,75.46,7550,6068,102,562
521910,SANTA BÁRBARA DE GOIÁS,52,0.706,0.635,0.667,0.832,508.41,0.39,6.89,14.3,12.8,10.26,99.42,0.58,37.63,98.01,100.0,99.89,71.7,5751,5206,80,455
521920,SANTA CRUZ DE GOIÁS,52,0.688,0.563,0.7,0.827,624.37,0.49,7.2,8.86,14.42,10.46,99.19,0.81,42.75,95.94,99.69,100.0,72.95,3142,981,45,229
521925,SANTA FÉ DE GOIÁS,52,0.713,0.608,0.703,0.847,635.23,0.48,3.21,5.1,12.86,11.07,98.62,1.38,29.68,98.98,99.42,98.63,81.3,4762,3811,102,436
521930,SANTA HELENA DE GOIÁS,52,0.724,0.627,0.734,0.823,769.09,0.53,5.17,10.86,12.4,9.51,97.35,2.65,28.64,98.6,99.93,99.83,72.65,36469,34815,562,2789
521935,SANTA ISABEL,52,0.683,0.593,0.658,0.818,480.67,0.4,8.58,16.82,14.03,10.37,97.09,2.91,32.46,98.29,99.74,98.09,76.54,3686,1367,41,238
521940,SANTA RITA DO ARAGUAIA,52,0.714,0.616,0.703,0.842,634.76,0.48,8.6,14.98,10.04,9.45,94.36,5.64,32.85,95.71,98.1,100.0,69.99,6924,6159,120,600
521945,SANTA RITA DO NOVO DESTINO,52,0.634,0.487,0.639,0.82,425.3,0.44,16.14,23.05,23.15,10.61,95.45,4.55,42.88,94.72,99.26,96.86,78.1,3173,1113,46,241
521950,SANTA ROSA DE GOIÁS,52,0.701,0.635,0.643,0.844,438.54,0.43,12.24,25.32,15.08,10.49,98.27,1.73,30.13,90.86,100.0,99.48,71.99,2909,2177,40,203
521960,SANTA TEREZA DE GOIÁS,52,0.665,0.561,0.635,0.825,416.11,0.46,20.31,35.81,14.19,10.03,95.12,4.88,38.37,95.14,100.0,96.1,70.94,3995,3355,65,343
521970,SANTA TEREZINHA DE GOIÁS,52,0.701,0.644,0.647,0.826,447.39,0.5,21.4,32.08,14.4,10.45,95.8,4.2,31.88,89.31,98.59,98.41,80.78,10302,7768,132,841
521971,SANTO ANTÔNIO DA BARRA,52,0.691,0.593,0.665,0.835,502.83,0.42,10.73,15.43,18.6,9.69,96.03,3.97,36.41,98.12,99.18,98.24,77.81,4423,3372,69,381
521973,SANTO ANTÔNIO DE GOIÁS,52,0.723,0.662,0.687,0.832,574.63,0.43,7.53,13.98,8.66,10.53,97.18,2.82,26.69,97.09,99.73,99.51,77.43,4703,4271,73,367
521975,SANTO ANTÔNIO DO DESCOBERTO,52,0.665,0.556,0.647,0.818,449.39,0.45,14.8,22.11,9.05,8.83,96.86,3.14,33.53,86.41,99.69,89.97,59.34,63248,56808,1302,6752
521980,SÃO DOMINGOS,52,0.597,0.445,0.576,0.83,288.36,0.6,42.84,53.25,23.37,8.87,96.69,3.31,50.09,68.95,81.41,99.61,59.24,11272,5774,209,1078
521990,SÃO FRANCISCO DE GOIÁS,52,0.651,0.509,0.658,0.825,479.13,0.47,15.44,28.33,14.85,8.68,96.45,3.55,39.36,98.66,99.72,99.53,62.15,6120,4464,57,433
522000,SÃO JOÃO D'ALIANÇA,52,0.685,0.609,0.65,0.812,457.89,0.53,19.77,28.42,14.26,9.23,96.04,3.96,24.33,83.77,98.34,98.12,62.53,10257,6724,205,1053
522005,SÃO JOÃO DA PARAÚNA,52,0.724,0.664,0.699,0.818,619.67,0.49,12.78,28.18,12.2,11.24,98.38,1.62,31.52,95.41,100.0,99.15,79.49,1689,1277,22,101
522010,SÃO LUÍS DE MONTES BELOS,52,0.731,0.67,0.721,0.809,712.23,0.48,4.81,8.38,9.71,10.04,99.26,0.74,26.46,95.37,99.72,98.5,69.95,30034,26585,371,2023
522015,SÃO LUÍZ DO NORTE,52,0.669,0.581,0.643,0.801,435.99,0.39,11.15,18.11,16.42,9.4,98.66,1.34,34.95,94.4,99.5,96.82,67.78,4617,3908,59,381
522020,SÃO MIGUEL DO ARAGUAIA,52,0.664,0.536,0.667,0.818,507.02,0.45,12.49,16.86,12.34,8.36,96.63,3.37,35.07,97.96,98.59,99.28,57.56,22283,17661,330,1844
522026,SÃO MIGUEL DO PASSA QUATRO,52,0.697,0.619,0.681,0.802,553.79,0.44,8.9,16.03,12.37,9.48,98.07,1.93,27.22,91.28,99.4,99.67,62.09,3757,2074,56,285
522028,SÃO PATRÍCIO,52,0.693,0.597,0.668,0.833,509.66,0.45,9.57,15.0,11.91,10.33,98.48,1.52,31.24,91.44,99.77,99.81,68.45,1991,1171,18,159
522040,SÃO SIMÃO,52,0.72,0.599,0.756,0.825,883.78,0.55,4.2,7.38,11.67,9.74,97.27,2.73,29.81,98.99,99.9,99.13,72.76,17088,16309,218,1250
522045,SENADOR CANEDO,52,0.701,0.617,0.676,0.827,537.58,0.43,7.63,12.83,6.54,9.51,96.83,3.17,29.05,99.11,99.97,98.79,66.37,84443,84111,1546,7771
522050,SERRANÓPOLIS,52,0.681,0.551,0.713,0.804,677.06,0.48,6.37,11.64,12.6,9.08,97.09,2.91,36.8,97.69,98.95,99.78,65.97,7481,5534,123,598
522060,SILVÂNIA,52,0.709,0.606,0.721,0.814,708.82,0.51,7.75,14.99,8.51,10.12,97.35,2.65,34.48,89.61,99.58,98.83,67.73,19089,12669,285,1525
522068,SIMOLÂNDIA,52,0.645,0.546,0.595,0.826,324.26,0.47,26.02,36.41,17.79,10.09,97.46,2.54,35.0,86.68,96.7,96.87,66.27,6514,5378,106,633
522070,SÍTIO D'ABADIA,52,0.617,0.497,0.59,0.802,314.05,0.56,36.43,52.59,23.75,9.75,97.55,2.45,42.02,78.73,95.02,95.54,65.98,2825,994,44,257
522100,TAQUARAL DE GOIÁS,52,0.716,0.619,0.7,0.846,622.79,0.43,3.96,9.02,11.4,8.2,98.33,1.67,28.46,98.2,98.84,99.33,56.84,3541,2881,35,211
522108,TERESINA DE GOIÁS,52,0.661,0.564,0.626,0.817,394.33,0.52,29.11,46.47,16.16,9.78,97.22,2.78,39.36,80.42,94.76,99.09,64.51,3016,2134,59,319
522119,TEREZÓPOLIS DE GOIÁS,52,0.685,0.615,0.655,0.799,472.43,0.43,12.2,20.73,12.64,8.82,98.45,1.55,30.15,94.83,100.0,99.79,57.07,6561,5677,110,585
522130,TRÊS RANCHOS,52,0.745,0.672,0.724,0.849,723.26,0.47,5.88,9.89,6.44,10.68,100.0,0.0,14.63,96.61,100.0,99.77,77.47,2819,2488,33,199
522140,TRINDADE,52,0.699,0.608,0.682,0.822,558.61,0.42,7.02,12.41,7.88,9.44,96.36,3.64,27.36,99.08,99.92,98.84,67.96,104488,100106,1682,8635
522145,TROMBAS,52,0.653,0.547,0.628,0.812,398.01,0.52,25.49,38.28,17.83,8.6,97.05,2.95,30.84,88.53,96.26,91.75,60.23,3452,2194,59,273
522150,TURVÂNIA,52,0.697,0.609,0.679,0.82,545.83,0.47,10.72,17.06,12.33,10.56,97.65,2.35,29.65,99.01,99.78,99.44,75.84,4839,3891,51,322
522155,TURVELÂNDIA,52,0.691,0.605,0.671,0.813,519.75,0.45,9.11,14.65,17.27,10.25,98.14,1.86,36.67,97.39,97.12,99.33,72.26,4399,3138,75,382
522157,UIRAPURU,52,0.67,0.579,0.632,0.822,409.38,0.44,16.44,24.72,17.97,9.73,97.65,2.35,37.48,97.59,94.85,99.07,65.47,2933,1464,46,274
522160,URUAÇU,52,0.737,0.628,0.74,0.86,797.52,0.57,6.78,11.98,11.06,10.3,95.57,4.43,26.99,97.05,99.76,99.34,73.47,36929,33796,550,2968
522170,URUANA,52,0.703,0.634,0.665,0.824,500.27,0.46,13.89,24.54,12.8,9.99,94.9,5.1,29.5,95.87,99.59,98.64,70.98,13826,11232,168,965
522180,URUTAÍ,52,0.732,0.666,0.7,0.841,624.55,0.49,9.3,17.07,8.55,11.38,97.34,2.66,29.56,91.85,100.0,99.37,79.61,3074,2162,30,240
522185,VALPARAÍSO DE GOIÁS,52,0.746,0.695,0.733,0.815,764.73,0.5,7.75,12.45,3.62,9.96,96.77,3.23,21.37,98.18,99.95,97.6,70.03,132982,132982,2322,12585
522190,VARJÃO,52,0.687,0.572,0.698,0.813,614.8,0.46,5.43,9.36,15.4,9.79,97.95,2.05,30.39,91.15,98.77,99.59,68.06,3659,2243,58,273
522200,VIANÓPOLIS,52,0.712,0.622,0.71,0.818,664.33,0.46,5.85,11.7,7.97,10.11,98.55,1.45,32.99,86.89,99.83,99.32,72.0,12548,9170,184,1039
522205,VICENTINÓPOLIS,52,0.684,0.562,0.707,0.804,651.07,0.46,6.62,10.28,12.68,10.07,99.1,0.9,42.95,98.6,99.7,98.78,76.41,7371,6321,115,599
522220,VILA BOA,52,0.647,0.534,0.619,0.818,376.72,0.48,23.61,33.44,15.88,10.49,95.96,4.04,37.95,85.25,99.78,99.21,74.76,4735,3502,95,490
522230,VILA PROPÍCIO,52,0.634,0.505,0.629,0.802,401.84,0.47,19.77,29.3,19.25,9.46,96.89,3.11,36.52,77.94,97.59,100.0,64.14,5145,1504,110,494
530010,BRASÍLIA,53,0.824,0.742,0.863,0.873,1715.11,0.63,4.93,9.36,3.47,9.87,97.54,2.46,17.14,98.13,99.91,98.87,68.14,2570160,2482210,39188,206258
